"Longitude (x)","Latitude (y)","Station Name","Climate ID","Date/Time (LST)","Year","Month","Day","Time (LST)","Flag","Temp (°C)","Temp Flag","Dew Point Temp (°C)","Dew Point Temp Flag","Rel Hum (%)","Rel Hum Flag","Precip. Amount (mm)","Precip. Amount Flag","Wind Dir (10s deg)","Wind Dir Flag","Wind Spd (km/h)","Wind Spd Flag","Visibility (km)","Visibility Flag","Stn Press (kPa)","Stn Press Flag","Hmdx","Hmdx Flag","Wind Chill","Wind Chill Flag","Weather"
"-79.40","43.67","TORONTO CITY","6158355","2026-01-01 00:00","2026","01","01","00:00","","-9.1","","-13.9","","68","","0.0","","","","","","","","98.88","","","","","","NA"
"-79.40","43.67","TORONTO CITY","6158355","2026-01-01 01:00","2026","01","01","01:00","","-10.3","","-14.7","","70","","0.0","","","","","","","","99.00","","","","","","NA"
"-79.40","43.67","TORONTO CITY","6158355","2026-01-01 02:00","2026","01","01","02:00","","-10.7","","-15.0","","70","","0.0","","","","","","","","99.10","","","","","","NA"
"-79.40","43.67","TORONTO CITY","6158355","2026-01-01 03:00","2026","01","01","03:00","","-10.6","","-16.3","","63","","0.0","","","","","","","","99.22","","","","","","NA"
"-79.40","43.67","TORONTO CITY","6158355","2026-01-01 04:00","2026","01","01","04:00","","-10.5","","-18.7","","51","","0.0","","","","","","","","99.27","","","","","","NA"
"-79.40","43.67","TORONTO CITY","6158355","2026-01-01 05:00","2026","01","01","05:00","","-11.3","","-18.0","","58","","0.0","","","","","","","","99.35","","","","","","NA"
"-79.40","43.67","TORONTO CITY","6158355","2026-01-01 06:00","2026","01","01","06:00","","-11.8","","-17.6","","62","","0.0","","","","","","","","99.45","","","","","","NA"
"-79.40","43.67","TORONTO CITY","6158355","2026-01-01 07:00","2026","01","01","07:00","","-12.3","","-18.7","","59","","0.0","","","","","","","","99.54","","","","","","NA"
"-79.40","43.67","TORONTO CITY","6158355","2026-01-01 08:00","2026","01","01","08:00","","-12.4","","-18.1","","63","","0.0","","","","","","","","99.59","","","","","","NA"
"-79.40","43.67","TORONTO CITY","6158355","2026-01-01 09:00","2026","01","01","09:00","","-11.8","","-18.6","","57","","0.0","","","","","","","","99.64","","","","","","NA"
"-79.40","43.67","TORONTO CITY","6158355","2026-01-01 10:00","2026","01","01","10:00","","-10.1","","-19.9","","45","","0.0","","","","","","","","99.71","","","","","","NA"
"-79.40","43.67","TORONTO CITY","6158355","2026-01-01 11:00","2026","01","01","11:00","","-9.5","","-18.6","","47","","0.0","","","","","","","","99.77","","","","","","NA"
"-79.40","43.67","TORONTO CITY","6158355","2026-01-01 12:00","2026","01","01","12:00","","-8.9","","-15.9","","57","","0.0","","","","","","","","99.73","","","","","","NA"
"-79.40","43.67","TORONTO CITY","6158355","2026-01-01 13:00","2026","01","01","13:00","","-8.3","","-15.2","","57","","0.0","","","","","","","","99.66","","","","","","NA"
"-79.40","43.67","TORONTO CITY","6158355","2026-01-01 14:00","2026","01","01","14:00","","-6.5","","-14.1","","55","","0.0","","","","","","","","99.55","","","","","","NA"
"-79.40","43.67","TORONTO CITY","6158355","2026-01-01 15:00","2026","01","01","15:00","","-6.9","","-12.4","","65","","0.0","","","","","","","","99.57","","","","","","NA"
"-79.40","43.67","TORONTO CITY","6158355","2026-01-01 16:00","2026","01","01","16:00","","-7.0","","-12.4","","65","","0.0","","","","","","","","99.55","","","","","","NA"
"-79.40","43.67","TORONTO CITY","6158355","2026-01-01 17:00","2026","01","01","17:00","","-7.4","","-14.1","","58","","0.0","","","","","","","","99.57","","","","","","NA"
"-79.40","43.67","TORONTO CITY","6158355","2026-01-01 18:00","2026","01","01","18:00","","-8.0","","-12.8","","68","","0.0","","","","","","","","99.57","","","","","","NA"
"-79.40","43.67","TORONTO CITY","6158355","2026-01-01 19:00","2026","01","01","19:00","","-8.2","","-13.2","","68","","0.0","","","","","","","","99.54","","","","","","NA"
"-79.40","43.67","TORONTO CITY","6158355","2026-01-01 20:00","2026","01","01","20:00","","-8.6","","-13.4","","68","","0.0","","","","","","","","99.51","","","","","","NA"
"-79.40","43.67","TORONTO CITY","6158355","2026-01-01 21:00","2026","01","01","21:00","","-8.6","","-13.3","","69","","0.0","","","","","","","","99.45","","","","","","NA"
"-79.40","43.67","TORONTO CITY","6158355","2026-01-01 22:00","2026","01","01","22:00","","-8.6","","-13.0","","71","","0.0","","","","","","","","99.42","","","","","","NA"
"-79.40","43.67","TORONTO CITY","6158355","2026-01-01 23:00","2026","01","01","23:00","","-8.4","","-12.7","","71","","0.0","","","","","","","","99.38","","","","","","NA"
"-79.40","43.67","TORONTO CITY","6158355","2026-01-02 00:00","2026","01","02","00:00","","-8.3","","-12.4","","72","","0.0","","","","","","","","99.32","","","","","","NA"
"-79.40","43.67","TORONTO CITY","6158355","2026-01-02 01:00","2026","01","02","01:00","","-7.9","","-12.1","","72","","0.0","","","","","","","","99.27","","","","","","NA"
"-79.40","43.67","TORONTO CITY","6158355","2026-01-02 02:00","2026","01","02","02:00","","-7.4","","-11.9","","70","","0.0","","","","","","","","99.24","","","","","","NA"
"-79.40","43.67","TORONTO CITY","6158355","2026-01-02 03:00","2026","01","02","03:00","","-7.2","","-11.4","","72","","0.0","","","","","","","","99.20","","","","","","NA"
"-79.40","43.67","TORONTO CITY","6158355","2026-01-02 04:00","2026","01","02","04:00","","-6.9","","-11.3","","71","","0.0","","","","","","","","99.15","","","","","","NA"
"-79.40","43.67","TORONTO CITY","6158355","2026-01-02 05:00","2026","01","02","05:00","","-6.8","","-11.4","","70","","0.0","","","","","","","","99.11","","","","","","NA"
"-79.40","43.67","TORONTO CITY","6158355","2026-01-02 06:00","2026","01","02","06:00","","-6.8","","-11.2","","71","","0.0","","","","","","","","99.14","","","","","","NA"
"-79.40","43.67","TORONTO CITY","6158355","2026-01-02 07:00","2026","01","02","07:00","","-6.6","","-10.9","","71","","0.0","","","","","","","","99.20","","","","","","NA"
"-79.40","43.67","TORONTO CITY","6158355","2026-01-02 08:00","2026","01","02","08:00","","-6.6","","-10.8","","72","","0.0","","","","","","","","99.20","","","","","","NA"
"-79.40","43.67","TORONTO CITY","6158355","2026-01-02 09:00","2026","01","02","09:00","","-6.5","","-10.4","","74","","0.0","","","","","","","","99.24","","","","","","NA"
"-79.40","43.67","TORONTO CITY","6158355","2026-01-02 10:00","2026","01","02","10:00","","-5.8","","-10.2","","71","","0.0","","","","","","","","99.28","","","","","","NA"
"-79.40","43.67","TORONTO CITY","6158355","2026-01-02 11:00","2026","01","02","11:00","","-5.0","","-10.5","","65","","0.0","","","","","","","","99.32","","","","","","NA"
"-79.40","43.67","TORONTO CITY","6158355","2026-01-02 12:00","2026","01","02","12:00","","-3.8","","-11.4","","56","","0.0","","","","","","","","99.29","","","","","","NA"
"-79.40","43.67","TORONTO CITY","6158355","2026-01-02 13:00","2026","01","02","13:00","","-3.9","","-13.5","","47","","0.0","","","","","","","","99.25","","","","","","NA"
"-79.40","43.67","TORONTO CITY","6158355","2026-01-02 14:00","2026","01","02","14:00","","-3.6","","-13.6","","46","","0.0","","","","","","","","99.27","","","","","","NA"
"-79.40","43.67","TORONTO CITY","6158355","2026-01-02 15:00","2026","01","02","15:00","","-3.9","","-14.8","","43","","0.0","","","","","","","","99.33","","","","","","NA"
"-79.40","43.67","TORONTO CITY","6158355","2026-01-02 16:00","2026","01","02","16:00","","-4.1","","-14.3","","45","","0.0","","","","","","","","99.39","","","","","","NA"
"-79.40","43.67","TORONTO CITY","6158355","2026-01-02 17:00","2026","01","02","17:00","","-4.7","","-14.7","","46","","0.0","","","","","","","","99.46","","","","","","NA"
"-79.40","43.67","TORONTO CITY","6158355","2026-01-02 18:00","2026","01","02","18:00","","-4.9","","-13.4","","51","","0.0","","","","","","","","99.51","","","","","","NA"
"-79.40","43.67","TORONTO CITY","6158355","2026-01-02 19:00","2026","01","02","19:00","","-5.3","","-13.5","","53","","0.0","","","","","","","","99.57","","","","","","NA"
"-79.40","43.67","TORONTO CITY","6158355","2026-01-02 20:00","2026","01","02","20:00","","-5.8","","-11.8","","62","","0.0","","","","","","","","99.61","","","","","","NA"
"-79.40","43.67","TORONTO CITY","6158355","2026-01-02 21:00","2026","01","02","21:00","","-5.7","","-11.1","","65","","0.0","","","","","","","","99.68","","","","","","NA"
"-79.40","43.67","TORONTO CITY","6158355","2026-01-02 22:00","2026","01","02","22:00","","-5.7","","-11.8","","62","","0.0","","","","","","","","99.71","","","","","","NA"
"-79.40","43.67","TORONTO CITY","6158355","2026-01-02 23:00","2026","01","02","23:00","","-5.7","","-12.6","","58","","0.0","","","","","","","","99.71","","","","","","NA"
"-79.40","43.67","TORONTO CITY","6158355","2026-01-03 00:00","2026","01","03","00:00","","-5.7","","-12.4","","59","","0.0","","","","","","","","99.72","","","","","","NA"
"-79.40","43.67","TORONTO CITY","6158355","2026-01-03 01:00","2026","01","03","01:00","","-5.6","","-12.4","","59","","0.0","","","","","","","","99.73","","","","","","NA"
"-79.40","43.67","TORONTO CITY","6158355","2026-01-03 02:00","2026","01","03","02:00","","-5.8","","-11.8","","62","","0.0","","","","","","","","99.73","","","","","","NA"
"-79.40","43.67","TORONTO CITY","6158355","2026-01-03 03:00","2026","01","03","03:00","","-5.8","","-11.5","","64","","0.0","","","","","","","","99.76","","","","","","NA"
"-79.40","43.67","TORONTO CITY","6158355","2026-01-03 04:00","2026","01","03","04:00","","-5.5","","-11.3","","63","","0.0","","","","","","","","99.79","","","","","","NA"
"-79.40","43.67","TORONTO CITY","6158355","2026-01-03 05:00","2026","01","03","05:00","","-5.6","","-10.6","","67","","0.0","","","","","","","","99.79","","","","","","NA"
"-79.40","43.67","TORONTO CITY","6158355","2026-01-03 06:00","2026","01","03","06:00","","-5.9","","-10.2","","71","","0.0","","","","","","","","99.79","","","","","","NA"
"-79.40","43.67","TORONTO CITY","6158355","2026-01-03 07:00","2026","01","03","07:00","","-5.8","","-9.9","","73","","0.0","","","","","","","","99.85","","","","","","NA"
"-79.40","43.67","TORONTO CITY","6158355","2026-01-03 08:00","2026","01","03","08:00","","-5.5","","-9.9","","71","","0.0","","","","","","","","99.88","","","","","","NA"
"-79.40","43.67","TORONTO CITY","6158355","2026-01-03 09:00","2026","01","03","09:00","","-5.6","","-9.9","","72","","0.0","","","","","","","","99.93","","","","","","NA"
"-79.40","43.67","TORONTO CITY","6158355","2026-01-03 10:00","2026","01","03","10:00","","-5.0","","-9.4","","72","","0.0","","","","","","","","99.98","","","","","","NA"
"-79.40","43.67","TORONTO CITY","6158355","2026-01-03 11:00","2026","01","03","11:00","","-4.2","","-8.7","","71","","0.0","","","","","","","","100.03","","","","","","NA"
"-79.40","43.67","TORONTO CITY","6158355","2026-01-03 12:00","2026","01","03","12:00","","-4.0","","-8.8","","69","","0.0","","","","","","","","99.98","","","","","","NA"
"-79.40","43.67","TORONTO CITY","6158355","2026-01-03 13:00","2026","01","03","13:00","","-3.1","","-8.0","","69","","0.0","","","","","","","","99.94","","","","","","NA"
"-79.40","43.67","TORONTO CITY","6158355","2026-01-03 14:00","2026","01","03","14:00","","-2.0","","-7.8","","64","","0.0","","","","","","","","99.95","","","","","","NA"
"-79.40","43.67","TORONTO CITY","6158355","2026-01-03 15:00","2026","01","03","15:00","","-2.5","","-7.8","","67","","0.0","","","","","","","","99.97","","","","","","NA"
"-79.40","43.67","TORONTO CITY","6158355","2026-01-03 16:00","2026","01","03","16:00","","-3.7","","-7.9","","72","","0.0","","","","","","","","100.02","","","","","","NA"
"-79.40","43.67","TORONTO CITY","6158355","2026-01-03 17:00","2026","01","03","17:00","","-4.0","","-8.1","","73","","0.0","","","","","","","","100.06","","","","","","NA"
"-79.40","43.67","TORONTO CITY","6158355","2026-01-03 18:00","2026","01","03","18:00","","-4.3","","-7.7","","77","","0.0","","","","","","","","100.06","","","","","","NA"
"-79.40","43.67","TORONTO CITY","6158355","2026-01-03 19:00","2026","01","03","19:00","","-4.7","","-7.3","","82","","0.1","","","","","","","","100.04","","","","","","NA"
"-79.40","43.67","TORONTO CITY","6158355","2026-01-03 20:00","2026","01","03","20:00","","-4.7","","-7.0","","84","","0.2","","","","","","","","100.07","","","","","","NA"
"-79.40","43.67","TORONTO CITY","6158355","2026-01-03 21:00","2026","01","03","21:00","","-5.2","","-7.4","","85","","0.2","","","","","","","","100.05","","","","","","NA"
"-79.40","43.67","TORONTO CITY","6158355","2026-01-03 22:00","2026","01","03","22:00","","-5.3","","-7.3","","85","","0.3","","","","","","","","100.07","","","","","","NA"
"-79.40","43.67","TORONTO CITY","6158355","2026-01-03 23:00","2026","01","03","23:00","","-5.2","","-7.2","","86","","0.2","","","","","","","","100.08","","","","","","NA"
"-79.40","43.67","TORONTO CITY","6158355","2026-01-04 00:00","2026","01","04","00:00","","-5.1","","-7.1","","86","","0.3","","","","","","","","100.08","","","","","","NA"
"-79.40","43.67","TORONTO CITY","6158355","2026-01-04 01:00","2026","01","04","01:00","","-5.1","","-7.1","","86","","0.1","","","","","","","","100.06","","","","","","NA"
"-79.40","43.67","TORONTO CITY","6158355","2026-01-04 02:00","2026","01","04","02:00","","-5.3","","-7.3","","86","","0.1","","","","","","","","100.09","","","","","","NA"
"-79.40","43.67","TORONTO CITY","6158355","2026-01-04 03:00","2026","01","04","03:00","","-5.8","","-7.8","","86","","0.0","","","","","","","","100.16","","","","","","NA"
"-79.40","43.67","TORONTO CITY","6158355","2026-01-04 04:00","2026","01","04","04:00","","-5.0","","-7.6","","82","","0.0","","","","","","","","100.14","","","","","","NA"
"-79.40","43.67","TORONTO CITY","6158355","2026-01-04 05:00","2026","01","04","05:00","","-4.6","","-7.4","","81","","0.0","","","","","","","","100.16","","","","","","NA"
"-79.40","43.67","TORONTO CITY","6158355","2026-01-04 06:00","2026","01","04","06:00","","-4.0","","-6.9","","80","","0.0","","","","","","","","100.23","","","","","","NA"
"-79.40","43.67","TORONTO CITY","6158355","2026-01-04 07:00","2026","01","04","07:00","","-3.7","","-6.5","","81","","0.0","","","","","","","","100.28","","","","","","NA"
"-79.40","43.67","TORONTO CITY","6158355","2026-01-04 08:00","2026","01","04","08:00","","-3.9","","-6.4","","82","","0.0","","","","","","","","100.34","","","","","","NA"
"-79.40","43.67","TORONTO CITY","6158355","2026-01-04 09:00","2026","01","04","09:00","","-3.1","","-6.3","","78","","0.0","","","","","","","","100.39","","","","","","NA"
"-79.40","43.67","TORONTO CITY","6158355","2026-01-04 10:00","2026","01","04","10:00","","-2.0","","-5.9","","74","","0.0","","","","","","","","100.43","","","","","","NA"
"-79.40","43.67","TORONTO CITY","6158355","2026-01-04 11:00","2026","01","04","11:00","","-1.0","","-5.8","","70","","0.0","","","","","","","","100.50","","","","","","NA"
"-79.40","43.67","TORONTO CITY","6158355","2026-01-04 12:00","2026","01","04","12:00","","-0.9","","-6.8","","64","","0.0","","","","","","","","100.47","","","","","","NA"
"-79.40","43.67","TORONTO CITY","6158355","2026-01-04 13:00","2026","01","04","13:00","","-0.9","","-6.5","","66","","0.0","","","","","","","","100.44","","","","","","NA"
"-79.40","43.67","TORONTO CITY","6158355","2026-01-04 14:00","2026","01","04","14:00","","-0.6","","-6.7","","63","","0.0","","","","","","","","100.44","","","","","","NA"
"-79.40","43.67","TORONTO CITY","6158355","2026-01-04 15:00","2026","01","04","15:00","","-0.6","","-7.0","","62","","0.0","","","","","","","","100.49","","","","","","NA"
"-79.40","43.67","TORONTO CITY","6158355","2026-01-04 16:00","2026","01","04","16:00","","-1.2","","-7.8","","61","","0.0","","","","","","","","100.59","","","","","","NA"
"-79.40","43.67","TORONTO CITY","6158355","2026-01-04 17:00","2026","01","04","17:00","","-1.4","","-8.4","","59","","0.0","","","","","","","","100.63","","","","","","NA"
"-79.40","43.67","TORONTO CITY","6158355","2026-01-04 18:00","2026","01","04","18:00","","-1.7","","-7.9","","62","","0.0","","","","","","","","100.70","","","","","","NA"
"-79.40","43.67","TORONTO CITY","6158355","2026-01-04 19:00","2026","01","04","19:00","","-2.6","","-8.8","","62","","0.0","","","","","","","","100.73","","","","","","NA"
"-79.40","43.67","TORONTO CITY","6158355","2026-01-04 20:00","2026","01","04","20:00","","-3.4","","-8.9","","66","","0.0","","","","","","","","100.76","","","","","","NA"
"-79.40","43.67","TORONTO CITY","6158355","2026-01-04 21:00","2026","01","04","21:00","","-3.7","","-8.9","","67","","0.0","","","","","","","","100.77","","","","","","NA"
"-79.40","43.67","TORONTO CITY","6158355","2026-01-04 22:00","2026","01","04","22:00","","-3.8","","-8.5","","70","","0.0","","","","","","","","100.73","","","","","","NA"
"-79.40","43.67","TORONTO CITY","6158355","2026-01-04 23:00","2026","01","04","23:00","","-3.7","","-8.5","","69","","0.0","","","","","","","","100.77","","","","","","NA"
"-79.40","43.67","TORONTO CITY","6158355","2026-01-05 00:00","2026","01","05","00:00","","-3.3","","-8.0","","70","","0.0","","","","","","","","100.69","","","","","","NA"
"-79.40","43.67","TORONTO CITY","6158355","2026-01-05 01:00","2026","01","05","01:00","","-2.8","","-8.3","","66","","0.0","","","","","","","","100.67","","","","","","NA"
"-79.40","43.67","TORONTO CITY","6158355","2026-01-05 02:00","2026","01","05","02:00","","-2.7","","-7.8","","68","","0.0","","","","","","","","100.65","","","","","","NA"
"-79.40","43.67","TORONTO CITY","6158355","2026-01-05 03:00","2026","01","05","03:00","","-2.8","","-6.4","","76","","0.0","","","","","","","","100.65","","","","","","NA"
"-79.40","43.67","TORONTO CITY","6158355","2026-01-05 04:00","2026","01","05","04:00","","-2.3","","-7.0","","70","","0.0","","","","","","","","100.54","","","","","","NA"
"-79.40","43.67","TORONTO CITY","6158355","2026-01-05 05:00","2026","01","05","05:00","","-2.0","","-6.4","","72","","0.0","","","","","","","","100.41","","","","","","NA"
"-79.40","43.67","TORONTO CITY","6158355","2026-01-05 06:00","2026","01","05","06:00","","-1.9","","-5.1","","79","","0.0","","","","","","","","100.30","","","","","","NA"
"-79.40","43.67","TORONTO CITY","6158355","2026-01-05 07:00","2026","01","05","07:00","","-2.1","","-3.8","","88","","0.5","","","","","","","","100.18","","","","","","NA"
"-79.40","43.67","TORONTO CITY","6158355","2026-01-05 08:00","2026","01","05","08:00","","-2.7","","-3.9","","91","","0.9","","","","","","","","100.12","","","","","","NA"
"-79.40","43.67","TORONTO CITY","6158355","2026-01-05 09:00","2026","01","05","09:00","","-2.4","","-3.7","","91","","1.0","","","","","","","","100.05","","","","","","NA"
"-79.40","43.67","TORONTO CITY","6158355","2026-01-05 10:00","2026","01","05","10:00","","-1.5","","-3.3","","88","","0.2","","","","","","","","100.00","","","","","","NA"
"-79.40","43.67","TORONTO CITY","6158355","2026-01-05 11:00","2026","01","05","11:00","","-0.9","","-2.9","","86","","0.1","","","","","","","","99.95","","","","","","NA"
"-79.40","43.67","TORONTO CITY","6158355","2026-01-05 12:00","2026","01","05","12:00","","-0.8","","-2.9","","86","","0.1","","","","","","","","99.77","","","","","","NA"
"-79.40","43.67","TORONTO CITY","6158355","2026-01-05 13:00","2026","01","05","13:00","","0.0","","-3.0","","80","","0.0","","","","","","","","99.67","","","","","","NA"
"-79.40","43.67","TORONTO CITY","6158355","2026-01-05 14:00","2026","01","05","14:00","","0.4","","-3.2","","77","","0.0","","","","","","","","99.62","","","","","","NA"
"-79.40","43.67","TORONTO CITY","6158355","2026-01-05 15:00","2026","01","05","15:00","","0.8","","-2.9","","77","","0.0","","","","","","","","99.59","","","","","","NA"
"-79.40","43.67","TORONTO CITY","6158355","2026-01-05 16:00","2026","01","05","16:00","","1.0","","-2.8","","76","","0.0","","","","","","","","99.62","","","","","","NA"
"-79.40","43.67","TORONTO CITY","6158355","2026-01-05 17:00","2026","01","05","17:00","","0.9","","-3.1","","74","","0.0","","","","","","","","99.66","","","","","","NA"
"-79.40","43.67","TORONTO CITY","6158355","2026-01-05 18:00","2026","01","05","18:00","","0.9","","-2.8","","76","","0.0","","","","","","","","99.73","","","","","","NA"
"-79.40","43.67","TORONTO CITY","6158355","2026-01-05 19:00","2026","01","05","19:00","","0.7","","-2.4","","79","","0.0","","","","","","","","99.81","","","","","","NA"
"-79.40","43.67","TORONTO CITY","6158355","2026-01-05 20:00","2026","01","05","20:00","","0.6","","-2.1","","82","","0.0","","","","","","","","99.84","","","","","","NA"
"-79.40","43.67","TORONTO CITY","6158355","2026-01-05 21:00","2026","01","05","21:00","","0.8","","-2.1","","81","","0.0","","","","","","","","99.85","","","","","","NA"
"-79.40","43.67","TORONTO CITY","6158355","2026-01-05 22:00","2026","01","05","22:00","","0.8","","-1.9","","83","","0.0","","","","","","","","99.85","","","","","","NA"
"-79.40","43.67","TORONTO CITY","6158355","2026-01-05 23:00","2026","01","05","23:00","","0.5","","-1.9","","84","","0.0","","","","","","","","99.83","","","","","","NA"
"-79.40","43.67","TORONTO CITY","6158355","2026-01-06 00:00","2026","01","06","00:00","","-0.1","","-1.9","","88","","0.0","","","","","","","","99.88","","","","","","NA"
"-79.40","43.67","TORONTO CITY","6158355","2026-01-06 01:00","2026","01","06","01:00","","-1.0","","-2.6","","89","","0.0","","","","","","","","99.86","","","","","","NA"
"-79.40","43.67","TORONTO CITY","6158355","2026-01-06 02:00","2026","01","06","02:00","","-0.7","","-2.1","","90","","0.0","","","","","","","","99.93","","","","","","NA"
"-79.40","43.67","TORONTO CITY","6158355","2026-01-06 03:00","2026","01","06","03:00","","0.3","","-1.1","","90","","0.0","","","","","","","","99.92","","","","","","NA"
"-79.40","43.67","TORONTO CITY","6158355","2026-01-06 04:00","2026","01","06","04:00","","-0.2","","-1.9","","88","","0.0","","","","","","","","99.88","","","","","","NA"
"-79.40","43.67","TORONTO CITY","6158355","2026-01-06 05:00","2026","01","06","05:00","","-0.3","","-1.8","","90","","0.0","","","","","","","","99.81","","","","","","NA"
"-79.40","43.67","TORONTO CITY","6158355","2026-01-06 06:00","2026","01","06","06:00","","0.2","","-1.0","","92","","0.0","","","","","","","","99.80","","","","","","NA"
"-79.40","43.67","TORONTO CITY","6158355","2026-01-06 07:00","2026","01","06","07:00","","1.1","","0.0","","92","","0.0","","","","","","","","99.75","","","","","","NA"
"-79.40","43.67","TORONTO CITY","6158355","2026-01-06 08:00","2026","01","06","08:00","","0.9","","-0.5","","90","","0.0","","","","","","","","99.71","","","","","","NA"
"-79.40","43.67","TORONTO CITY","6158355","2026-01-06 09:00","2026","01","06","09:00","","0.8","","-0.5","","91","","0.0","","","","","","","","99.65","","","","","","NA"
"-79.40","43.67","TORONTO CITY","6158355","2026-01-06 10:00","2026","01","06","10:00","","1.4","","-0.6","","86","","0.0","","","","","","","","99.60","","","","","","NA"
"-79.40","43.67","TORONTO CITY","6158355","2026-01-06 11:00","2026","01","06","11:00","","1.3","","-0.1","","90","","0.0","","","","","","","","99.48","","","","","","NA"
"-79.40","43.67","TORONTO CITY","6158355","2026-01-06 12:00","2026","01","06","12:00","","1.2","","-0.1","","91","","0.0","","","","","","","","99.38","","","","","","NA"
"-79.40","43.67","TORONTO CITY","6158355","2026-01-06 13:00","2026","01","06","13:00","","0.7","","-0.2","","94","","0.0","","","","","","","","99.23","","","","","","NA"
"-79.40","43.67","TORONTO CITY","6158355","2026-01-06 14:00","2026","01","06","14:00","","0.2","","-0.4","","96","","1.7","","","","","","","","99.05","","","","","","NA"
"-79.40","43.67","TORONTO CITY","6158355","2026-01-06 15:00","2026","01","06","15:00","","0.1","","-0.7","","95","","1.2","","","","","","","","98.90","","","","","","NA"
"-79.40","43.67","TORONTO CITY","6158355","2026-01-06 16:00","2026","01","06","16:00","","0.3","","-0.5","","95","","0.7","","","","","","","","98.81","","","","","","NA"
"-79.40","43.67","TORONTO CITY","6158355","2026-01-06 17:00","2026","01","06","17:00","","0.8","","0.1","","95","","1.2","","","","","","","","98.79","","","","","","NA"
"-79.40","43.67","TORONTO CITY","6158355","2026-01-06 18:00","2026","01","06","18:00","","1.2","","0.4","","95","","0.9","","","","","","","","98.72","","","","","","NA"
"-79.40","43.67","TORONTO CITY","6158355","2026-01-06 19:00","2026","01","06","19:00","","1.1","","0.4","","95","","2.4","","","","","","","","98.69","","","","","","NA"
"-79.40","43.67","TORONTO CITY","6158355","2026-01-06 20:00","2026","01","06","20:00","","1.1","","0.3","","94","","1.8","","","","","","","","98.60","","","","","","NA"
"-79.40","43.67","TORONTO CITY","6158355","2026-01-06 21:00","2026","01","06","21:00","","1.2","","0.4","","94","","1.4","","","","","","","","98.54","","","","","","NA"
"-79.40","43.67","TORONTO CITY","6158355","2026-01-06 22:00","2026","01","06","22:00","","1.3","","0.5","","94","","1.1","","","","","","","","98.52","","","","","","NA"
"-79.40","43.67","TORONTO CITY","6158355","2026-01-06 23:00","2026","01","06","23:00","","1.2","","0.3","","94","","1.4","","","","","","","","98.54","","","","","","NA"
"-79.40","43.67","TORONTO CITY","6158355","2026-01-07 00:00","2026","01","07","00:00","","1.3","","0.4","","94","","0.9","","","","","","","","98.58","","","","","","NA"
"-79.40","43.67","TORONTO CITY","6158355","2026-01-07 01:00","2026","01","07","01:00","","0.8","","-0.1","","94","","0.4","","","","","","","","98.63","","","","","","NA"
"-79.40","43.67","TORONTO CITY","6158355","2026-01-07 02:00","2026","01","07","02:00","","0.7","","-0.3","","93","","0.2","","","","","","","","98.73","","","","","","NA"
"-79.40","43.67","TORONTO CITY","6158355","2026-01-07 03:00","2026","01","07","03:00","","0.7","","-0.4","","92","","0.1","","","","","","","","98.83","","","","","","NA"
"-79.40","43.67","TORONTO CITY","6158355","2026-01-07 04:00","2026","01","07","04:00","","0.8","","-0.6","","90","","0.0","","","","","","","","98.92","","","","","","NA"
"-79.40","43.67","TORONTO CITY","6158355","2026-01-07 05:00","2026","01","07","05:00","","0.8","","-0.4","","91","","0.1","","","","","","","","99.01","","","","","","NA"
"-79.40","43.67","TORONTO CITY","6158355","2026-01-07 06:00","2026","01","07","06:00","","1.1","","-0.4","","89","","0.0","","","","","","","","99.11","","","","","","NA"
"-79.40","43.67","TORONTO CITY","6158355","2026-01-07 07:00","2026","01","07","07:00","","1.4","","-0.2","","89","","0.0","","","","","","","","99.23","","","","","","NA"
"-79.40","43.67","TORONTO CITY","6158355","2026-01-07 08:00","2026","01","07","08:00","","1.6","","-0.2","","88","","0.0","","","","","","","","99.34","","","","","","NA"
"-79.40","43.67","TORONTO CITY","6158355","2026-01-07 09:00","2026","01","07","09:00","","2.2","","0.1","","86","","0.0","","","","","","","","99.44","","","","","","NA"
"-79.40","43.67","TORONTO CITY","6158355","2026-01-07 10:00","2026","01","07","10:00","","2.8","","0.1","","82","","0.0","","","","","","","","99.49","","","","","","NA"
"-79.40","43.67","TORONTO CITY","6158355","2026-01-07 11:00","2026","01","07","11:00","","3.0","","0.2","","82","","0.0","","","","","","","","99.62","","","","","","NA"
"-79.40","43.67","TORONTO CITY","6158355","2026-01-07 12:00","2026","01","07","12:00","","3.1","","0.3","","82","","0.0","","","","","","","","99.66","","","","","","NA"
"-79.40","43.67","TORONTO CITY","6158355","2026-01-07 13:00","2026","01","07","13:00","","3.4","","0.5","","81","","0.0","","","","","","","","99.62","","","","","","NA"
"-79.40","43.67","TORONTO CITY","6158355","2026-01-07 14:00","2026","01","07","14:00","","3.6","","0.4","","80","","0.0","","","","","","","","99.65","","","","","","NA"
"-79.40","43.67","TORONTO CITY","6158355","2026-01-07 15:00","2026","01","07","15:00","","3.3","","0.5","","82","","0.0","","","","","","","","99.84","","","","","","NA"
"-79.40","43.67","TORONTO CITY","6158355","2026-01-07 16:00","2026","01","07","16:00","","3.4","","0.4","","81","","0.0","","","","","","","","99.87","","","","","","NA"
"-79.40","43.67","TORONTO CITY","6158355","2026-01-07 17:00","2026","01","07","17:00","","3.4","","0.2","","80","","0.0","","","","","","","","99.94","","","","","","NA"
"-79.40","43.67","TORONTO CITY","6158355","2026-01-07 18:00","2026","01","07","18:00","","3.5","","0.7","","82","","0.0","","","","","","","","100.02","","","","","","NA"
"-79.40","43.67","TORONTO CITY","6158355","2026-01-07 19:00","2026","01","07","19:00","","3.2","","1.2","","86","","0.0","","","","","","","","100.03","","","","","","NA"
"-79.40","43.67","TORONTO CITY","6158355","2026-01-07 20:00","2026","01","07","20:00","","3.1","","1.1","","87","","0.0","","","","","","","","100.07","","","","","","NA"
"-79.40","43.67","TORONTO CITY","6158355","2026-01-07 21:00","2026","01","07","21:00","","3.0","","0.9","","86","","0.0","","","","","","","","100.13","","","","","","NA"
"-79.40","43.67","TORONTO CITY","6158355","2026-01-07 22:00","2026","01","07","22:00","","2.9","","0.9","","87","","0.0","","","","","","","","100.14","","","","","","NA"
"-79.40","43.67","TORONTO CITY","6158355","2026-01-07 23:00","2026","01","07","23:00","","2.8","","1.2","","89","","0.0","","","","","","","","100.19","","","","","","NA"
"-79.40","43.67","TORONTO CITY","6158355","2026-01-08 00:00","2026","01","08","00:00","","3.0","","1.3","","88","","0.0","","","","","","","","100.20","","","","","","NA"
"-79.40","43.67","TORONTO CITY","6158355","2026-01-08 01:00","2026","01","08","01:00","","2.8","","1.1","","89","","0.0","","","","","","","","100.24","","","","","","NA"
"-79.40","43.67","TORONTO CITY","6158355","2026-01-08 02:00","2026","01","08","02:00","","3.0","","1.1","","87","","0.0","","","","","","","","100.33","","","","","","NA"
"-79.40","43.67","TORONTO CITY","6158355","2026-01-08 03:00","2026","01","08","03:00","","3.2","","0.2","","81","","0.0","","","","","","","","100.41","","","","","","NA"
"-79.40","43.67","TORONTO CITY","6158355","2026-01-08 04:00","2026","01","08","04:00","","3.1","","-0.4","","78","","0.0","","","","","","","","100.46","","","","","","NA"
"-79.40","43.67","TORONTO CITY","6158355","2026-01-08 05:00","2026","01","08","05:00","","2.6","","-0.6","","79","","0.0","","","","","","","","100.49","","","","","","NA"
"-79.40","43.67","TORONTO CITY","6158355","2026-01-08 06:00","2026","01","08","06:00","","2.5","","-0.6","","80","","0.0","","","","","","","","100.50","","","","","","NA"
"-79.40","43.67","TORONTO CITY","6158355","2026-01-08 07:00","2026","01","08","07:00","","2.2","","-0.5","","82","","0.0","","","","","","","","100.55","","","","","","NA"
"-79.40","43.67","TORONTO CITY","6158355","2026-01-08 08:00","2026","01","08","08:00","","2.6","","-0.2","","82","","0.0","","","","","","","","100.60","","","","","","NA"
"-79.40","43.67","TORONTO CITY","6158355","2026-01-08 09:00","2026","01","08","09:00","","2.6","","-0.1","","82","","0.0","","","","","","","","100.68","","","","","","NA"
"-79.40","43.67","TORONTO CITY","6158355","2026-01-08 10:00","2026","01","08","10:00","","2.8","","-0.1","","81","","0.0","","","","","","","","100.68","","","","","","NA"
"-79.40","43.67","TORONTO CITY","6158355","2026-01-08 11:00","2026","01","08","11:00","","3.5","","0.9","","83","","0.0","","","","","","","","100.70","","","","","","NA"
"-79.40","43.67","TORONTO CITY","6158355","2026-01-08 12:00","2026","01","08","12:00","","4.8","","1.6","","79","","0.0","","","","","","","","100.61","","","","","","NA"
"-79.40","43.67","TORONTO CITY","6158355","2026-01-08 13:00","2026","01","08","13:00","","6.3","","1.7","","72","","0.0","","","","","","","","100.58","","","","","","NA"
"-79.40","43.67","TORONTO CITY","6158355","2026-01-08 14:00","2026","01","08","14:00","","7.0","","2.2","","72","","0.0","","","","","","","","100.50","","","","","","NA"
"-79.40","43.67","TORONTO CITY","6158355","2026-01-08 15:00","2026","01","08","15:00","","5.7","","2.0","","77","","0.0","","","","","","","","100.51","","","","","","NA"
"-79.40","43.67","TORONTO CITY","6158355","2026-01-08 16:00","2026","01","08","16:00","","4.7","","2.0","","83","","0.0","","","","","","","","100.52","","","","","","NA"
"-79.40","43.67","TORONTO CITY","6158355","2026-01-08 17:00","2026","01","08","17:00","","3.8","","2.0","","88","","0.0","","","","","","","","100.52","","","","","","NA"
"-79.40","43.67","TORONTO CITY","6158355","2026-01-08 18:00","2026","01","08","18:00","","3.6","","1.9","","88","","0.0","","","","","","","","100.51","","","","","","NA"
"-79.40","43.67","TORONTO CITY","6158355","2026-01-08 19:00","2026","01","08","19:00","","3.9","","2.3","","89","","0.0","","","","","","","","100.49","","","","","","NA"
"-79.40","43.67","TORONTO CITY","6158355","2026-01-08 20:00","2026","01","08","20:00","","3.9","","2.4","","90","","0.0","","","","","","","","100.44","","","","","","NA"
"-79.40","43.67","TORONTO CITY","6158355","2026-01-08 21:00","2026","01","08","21:00","","3.9","","2.2","","89","","0.0","","","","","","","","100.33","","","","","","NA"
"-79.40","43.67","TORONTO CITY","6158355","2026-01-08 22:00","2026","01","08","22:00","","4.6","","2.2","","84","","0.0","","","","","","","","100.20","","","","","","NA"
"-79.40","43.67","TORONTO CITY","6158355","2026-01-08 23:00","2026","01","08","23:00","","4.9","","2.1","","82","","0.0","","","","","","","","100.13","","","","","","NA"
"-79.40","43.67","TORONTO CITY","6158355","2026-01-09 00:00","2026","01","09","00:00","","5.3","","1.8","","78","","0.0","","","","","","","","100.03","","","","","","NA"
"-79.40","43.67","TORONTO CITY","6158355","2026-01-09 01:00","2026","01","09","01:00","","5.2","","1.5","","77","","0.0","","","","","","","","99.89","","","","","","NA"
"-79.40","43.67","TORONTO CITY","6158355","2026-01-09 02:00","2026","01","09","02:00","","5.6","","1.3","","74","","0.0","","","","","","","","99.74","","","","","","NA"
"-79.40","43.67","TORONTO CITY","6158355","2026-01-09 03:00","2026","01","09","03:00","","5.8","","1.3","","73","","0.0","","","","","","","","99.61","","","","","","NA"
"-79.40","43.67","TORONTO CITY","6158355","2026-01-09 04:00","2026","01","09","04:00","","6.5","","0.6","","66","","0.0","","","","","","","","99.47","","","","","","NA"
"-79.40","43.67","TORONTO CITY","6158355","2026-01-09 05:00","2026","01","09","05:00","","5.1","","3.5","","89","","1.8","","","","","","","","99.39","","","","","","NA"
"-79.40","43.67","TORONTO CITY","6158355","2026-01-09 06:00","2026","01","09","06:00","","5.6","","3.6","","87","","0.7","","","","","","","","99.29","","","","","","NA"
"-79.40","43.67","TORONTO CITY","6158355","2026-01-09 07:00","2026","01","09","07:00","","6.0","","3.9","","87","","0.4","","","","","","","","99.37","","","","","","NA"
"-79.40","43.67","TORONTO CITY","6158355","2026-01-09 08:00","2026","01","09","08:00","","7.9","","4.8","","81","","0.5","","","","","","","","99.34","","","","","","NA"
"-79.40","43.67","TORONTO CITY","6158355","2026-01-09 09:00","2026","01","09","09:00","","8.9","","5.9","","82","","0.3","","","","","","","","99.26","","","","","","NA"
"-79.40","43.67","TORONTO CITY","6158355","2026-01-09 10:00","2026","01","09","10:00","","8.3","","6.2","","86","","0.0","","","","","","","","99.25","","","","","","NA"
"-79.40","43.67","TORONTO CITY","6158355","2026-01-09 11:00","2026","01","09","11:00","","9.0","","6.6","","85","","0.0","","","","","","","","99.08","","","","","","NA"
"-79.40","43.67","TORONTO CITY","6158355","2026-01-09 12:00","2026","01","09","12:00","","9.5","","6.2","","80","","0.0","","","","","","","","98.93","","","","","","NA"
"-79.40","43.67","TORONTO CITY","6158355","2026-01-09 13:00","2026","01","09","13:00","","11.0","","6.9","","76","","0.0","","","","","","","","98.84","","","","","","NA"
"-79.40","43.67","TORONTO CITY","6158355","2026-01-09 14:00","2026","01","09","14:00","","11.6","","7.2","","74","","0.0","","","","","","","","98.77","","","","","","NA"
"-79.40","43.67","TORONTO CITY","6158355","2026-01-09 15:00","2026","01","09","15:00","","14.5","","7.2","","61","","0.0","","","","","","","","98.80","","","","","","NA"
"-79.40","43.67","TORONTO CITY","6158355","2026-01-09 16:00","2026","01","09","16:00","","9.2","","2.9","","64","","0.0","","","","","","","","99.19","","","","","","NA"
"-79.40","43.67","TORONTO CITY","6158355","2026-01-09 17:00","2026","01","09","17:00","","7.4","","1.2","","65","","0.0","","","","","","","","99.56","","","","","","NA"
"-79.40","43.67","TORONTO CITY","6158355","2026-01-09 18:00","2026","01","09","18:00","","5.8","","0.4","","68","","0.0","","","","","","","","99.88","","","","","","NA"
"-79.40","43.67","TORONTO CITY","6158355","2026-01-09 19:00","2026","01","09","19:00","","5.8","","0.6","","69","","0.0","","","","","","","","100.18","","","","","","NA"
"-79.40","43.67","TORONTO CITY","6158355","2026-01-09 20:00","2026","01","09","20:00","","5.6","","0.1","","68","","0.0","","","","","","","","100.45","","","","","","NA"
"-79.40","43.67","TORONTO CITY","6158355","2026-01-09 21:00","2026","01","09","21:00","","4.3","","-0.3","","72","","0.0","","","","","","","","100.61","","","","","","NA"
"-79.40","43.67","TORONTO CITY","6158355","2026-01-09 22:00","2026","01","09","22:00","","4.2","","-0.1","","73","","0.0","","","","","","","","100.75","","","","","","NA"
"-79.40","43.67","TORONTO CITY","6158355","2026-01-09 23:00","2026","01","09","23:00","","4.3","","-0.3","","72","","0.0","","","","","","","","100.87","","","","","","NA"
"-79.40","43.67","TORONTO CITY","6158355","2026-01-10 00:00","2026","01","10","00:00","","4.2","","-0.4","","72","","0.0","","","","","","","","100.92","","","","","","NA"
"-79.40","43.67","TORONTO CITY","6158355","2026-01-10 01:00","2026","01","10","01:00","","4.0","","-1.4","","68","","0.0","","","","","","","","100.95","","","","","","NA"
"-79.40","43.67","TORONTO CITY","6158355","2026-01-10 02:00","2026","01","10","02:00","","3.5","","-2.0","","67","","0.0","","","","","","","","100.93","","","","","","NA"
"-79.40","43.67","TORONTO CITY","6158355","2026-01-10 03:00","2026","01","10","03:00","","3.4","","-2.0","","68","","0.0","","","","","","","","100.93","","","","","","NA"
"-79.40","43.67","TORONTO CITY","6158355","2026-01-10 04:00","2026","01","10","04:00","","2.9","","-2.3","","69","","0.0","","","","","","","","100.91","","","","","","NA"
"-79.40","43.67","TORONTO CITY","6158355","2026-01-10 05:00","2026","01","10","05:00","","2.7","","-2.3","","69","","0.0","","","","","","","","100.88","","","","","","NA"
"-79.40","43.67","TORONTO CITY","6158355","2026-01-10 06:00","2026","01","10","06:00","","2.5","","-2.6","","69","","0.0","","","","","","","","100.86","","","","","","NA"
"-79.40","43.67","TORONTO CITY","6158355","2026-01-10 07:00","2026","01","10","07:00","","2.5","","-2.5","","70","","0.0","","","","","","","","100.80","","","","","","NA"
"-79.40","43.67","TORONTO CITY","6158355","2026-01-10 08:00","2026","01","10","08:00","","2.6","","-2.1","","71","","0.0","","","","","","","","100.72","","","","","","NA"
"-79.40","43.67","TORONTO CITY","6158355","2026-01-10 09:00","2026","01","10","09:00","","2.9","","-1.8","","72","","0.0","","","","","","","","100.64","","","","","","NA"
"-79.40","43.67","TORONTO CITY","6158355","2026-01-10 10:00","2026","01","10","10:00","","2.7","","-1.1","","76","","0.0","","","","","","","","100.58","","","","","","NA"
"-79.40","43.67","TORONTO CITY","6158355","2026-01-10 11:00","2026","01","10","11:00","","3.1","","-1.7","","70","","0.0","","","","","","","","100.40","","","","","","NA"
"-79.40","43.67","TORONTO CITY","6158355","2026-01-10 12:00","2026","01","10","12:00","","3.0","","-0.4","","78","","0.0","","","","","","","","100.23","","","","","","NA"
"-79.40","43.67","TORONTO CITY","6158355","2026-01-10 13:00","2026","01","10","13:00","","2.8","","-0.4","","79","","0.0","","","","","","","","100.01","","","","","","NA"
"-79.40","43.67","TORONTO CITY","6158355","2026-01-10 14:00","2026","01","10","14:00","","2.7","","0.0","","82","","0.0","","","","","","","","99.87","","","","","","NA"
"-79.40","43.67","TORONTO CITY","6158355","2026-01-10 15:00","2026","01","10","15:00","","2.7","","0.2","","84","","0.0","","","","","","","","99.71","","","","","","NA"
"-79.40","43.67","TORONTO CITY","6158355","2026-01-10 16:00","2026","01","10","16:00","","2.7","","0.8","","87","","0.0","","","","","","","","99.54","","","","","","NA"
"-79.40","43.67","TORONTO CITY","6158355","2026-01-10 17:00","2026","01","10","17:00","","2.3","","1.0","","91","","0.7","","","","","","","","99.44","","","","","","NA"
"-79.40","43.67","TORONTO CITY","6158355","2026-01-10 18:00","2026","01","10","18:00","","2.2","","1.1","","93","","0.6","","","","","","","","99.32","","","","","","NA"
"-79.40","43.67","TORONTO CITY","6158355","2026-01-10 19:00","2026","01","10","19:00","","1.6","","0.7","","94","","3.2","","","","","","","","99.35","","","","","","NA"
"-79.40","43.67","TORONTO CITY","6158355","2026-01-10 20:00","2026","01","10","20:00","","1.8","","1.0","","95","","1.9","","","","","","","","99.25","","","","","","NA"
"-79.40","43.67","TORONTO CITY","6158355","2026-01-10 21:00","2026","01","10","21:00","","2.3","","1.7","","96","","0.1","","","","","","","","99.22","","","","","","NA"
"-79.40","43.67","TORONTO CITY","6158355","2026-01-10 22:00","2026","01","10","22:00","","2.8","","2.1","","95","","0.0","","","","","","","","99.21","","","","","","NA"
"-79.40","43.67","TORONTO CITY","6158355","2026-01-10 23:00","2026","01","10","23:00","","3.0","","1.7","","92","","0.0","","","","","","","","99.25","","","","","","NA"
"-79.40","43.67","TORONTO CITY","6158355","2026-01-11 00:00","2026","01","11","00:00","","3.0","","0.0","","81","","0.0","","","","","","","","99.30","","","","","","NA"
"-79.40","43.67","TORONTO CITY","6158355","2026-01-11 01:00","2026","01","11","01:00","","2.3","","-3.0","","68","","0.0","","","","","","","","99.40","","","","","","NA"
"-79.40","43.67","TORONTO CITY","6158355","2026-01-11 02:00","2026","01","11","02:00","","1.0","","-4.2","","68","","0.0","","","","","","","","99.49","","","","","","NA"
"-79.40","43.67","TORONTO CITY","6158355","2026-01-11 03:00","2026","01","11","03:00","","0.1","","-5.4","","66","","0.0","","","","","","","","99.52","","","","","","NA"
"-79.40","43.67","TORONTO CITY","6158355","2026-01-11 04:00","2026","01","11","04:00","","-0.1","","-5.6","","67","","0.0","","","","","","","","99.47","","","","","","NA"
"-79.40","43.67","TORONTO CITY","6158355","2026-01-11 05:00","2026","01","11","05:00","","-0.4","","-5.3","","69","","0.0","","","","","","","","99.48","","","","","","NA"
"-79.40","43.67","TORONTO CITY","6158355","2026-01-11 06:00","2026","01","11","06:00","","-0.2","","-5.2","","69","","0.0","","","","","","","","99.48","","","","","","NA"
"-79.40","43.67","TORONTO CITY","6158355","2026-01-11 07:00","2026","01","11","07:00","","-0.4","","-6.3","","65","","0.0","","","","","","","","99.50","","","","","","NA"
"-79.40","43.67","TORONTO CITY","6158355","2026-01-11 08:00","2026","01","11","08:00","","-0.6","","-7.2","","61","","0.0","","","","","","","","99.47","","","","","","NA"
"-79.40","43.67","TORONTO CITY","6158355","2026-01-11 09:00","2026","01","11","09:00","","-0.3","","-6.9","","61","","0.0","","","","","","","","99.48","","","","","","NA"
"-79.40","43.67","TORONTO CITY","6158355","2026-01-11 10:00","2026","01","11","10:00","","-0.2","","-6.6","","62","","0.0","","","","","","","","99.50","","","","","","NA"
"-79.40","43.67","TORONTO CITY","6158355","2026-01-11 11:00","2026","01","11","11:00","","-0.4","","-5.2","","70","","0.0","","","","","","","","99.52","","","","","","NA"
"-79.40","43.67","TORONTO CITY","6158355","2026-01-11 12:00","2026","01","11","12:00","","0.8","","-7.3","","55","","0.0","","","","","","","","99.49","","","","","","NA"
"-79.40","43.67","TORONTO CITY","6158355","2026-01-11 13:00","2026","01","11","13:00","","0.0","","-7.8","","56","","0.0","","","","","","","","99.58","","","","","","NA"
"-79.40","43.67","TORONTO CITY","6158355","2026-01-11 14:00","2026","01","11","14:00","","-0.6","","-8.7","","54","","0.0","","","","","","","","99.72","","","","","","NA"
"-79.40","43.67","TORONTO CITY","6158355","2026-01-11 15:00","2026","01","11","15:00","","-2.0","","-9.9","","55","","0.0","","","","","","","","99.88","","","","","","NA"
"-79.40","43.67","TORONTO CITY","6158355","2026-01-11 16:00","2026","01","11","16:00","","-2.9","","-10.4","","56","","0.0","","","","","","","","100.04","","","","","","NA"
"-79.40","43.67","TORONTO CITY","6158355","2026-01-11 17:00","2026","01","11","17:00","","-3.5","","-10.2","","60","","0.0","","","","","","","","100.18","","","","","","NA"
"-79.40","43.67","TORONTO CITY","6158355","2026-01-11 18:00","2026","01","11","18:00","","-3.6","","-9.6","","63","","0.0","","","","","","","","100.33","","","","","","NA"
"-79.40","43.67","TORONTO CITY","6158355","2026-01-11 19:00","2026","01","11","19:00","","-3.6","","-8.8","","67","","0.0","","","","","","","","100.48","","","","","","NA"
"-79.40","43.67","TORONTO CITY","6158355","2026-01-11 20:00","2026","01","11","20:00","","-3.5","","-8.4","","69","","0.0","","","","","","","","100.56","","","","","","NA"
"-79.40","43.67","TORONTO CITY","6158355","2026-01-11 21:00","2026","01","11","21:00","","-3.4","","-8.1","","70","","0.0","","","","","","","","100.61","","","","","","NA"
"-79.40","43.67","TORONTO CITY","6158355","2026-01-11 22:00","2026","01","11","22:00","","-2.6","","-7.1","","71","","0.0","","","","","","","","100.63","","","","","","NA"
"-79.40","43.67","TORONTO CITY","6158355","2026-01-11 23:00","2026","01","11","23:00","","-2.0","","-6.5","","72","","0.0","","","","","","","","100.66","","","","","","NA"
"-79.40","43.67","TORONTO CITY","6158355","2026-01-12 00:00","2026","01","12","00:00","","-0.4","","-5.6","","68","","0.0","","","","","","","","100.63","","","","","","NA"
"-79.40","43.67","TORONTO CITY","6158355","2026-01-12 01:00","2026","01","12","01:00","","-0.2","","-6.3","","63","","0.0","","","","","","","","100.61","","","","","","NA"
"-79.40","43.67","TORONTO CITY","6158355","2026-01-12 02:00","2026","01","12","02:00","","-0.3","","-6.3","","64","","0.0","","","","","","","","100.59","","","","","","NA"
"-79.40","43.67","TORONTO CITY","6158355","2026-01-12 03:00","2026","01","12","03:00","","-0.6","","-6.1","","66","","0.0","","","","","","","","100.55","","","","","","NA"
"-79.40","43.67","TORONTO CITY","6158355","2026-01-12 04:00","2026","01","12","04:00","","-0.8","","-5.9","","68","","0.0","","","","","","","","100.48","","","","","","NA"
"-79.40","43.67","TORONTO CITY","6158355","2026-01-12 05:00","2026","01","12","05:00","","-0.7","","-5.7","","69","","0.0","","","","","","","","100.41","","","","","","NA"
"-79.40","43.67","TORONTO CITY","6158355","2026-01-12 06:00","2026","01","12","06:00","","-0.8","","-5.3","","72","","0.0","","","","","","","","100.36","","","","","","NA"
"-79.40","43.67","TORONTO CITY","6158355","2026-01-12 07:00","2026","01","12","07:00","","-1.2","","-5.6","","72","","0.0","","","","","","","","100.39","","","","","","NA"
"-79.40","43.67","TORONTO CITY","6158355","2026-01-12 08:00","2026","01","12","08:00","","-0.7","","-5.3","","71","","0.0","","","","","","","","100.37","","","","","","NA"
"-79.40","43.67","TORONTO CITY","6158355","2026-01-12 09:00","2026","01","12","09:00","","-0.2","","-5.5","","68","","0.0","","","","","","","","100.35","","","","","","NA"
"-79.40","43.67","TORONTO CITY","6158355","2026-01-12 10:00","2026","01","12","10:00","","0.0","","-5.6","","66","","0.0","","","","","","","","100.35","","","","","","NA"
"-79.40","43.67","TORONTO CITY","6158355","2026-01-12 11:00","2026","01","12","11:00","","0.2","","-4.8","","69","","0.0","","","","","","","","100.30","","","","","","NA"
"-79.40","43.67","TORONTO CITY","6158355","2026-01-12 12:00","2026","01","12","12:00","","0.0","","-5.6","","66","","0.0","","","","","","","","100.24","","","","","","NA"
"-79.40","43.67","TORONTO CITY","6158355","2026-01-12 13:00","2026","01","12","13:00","","0.1","","-5.7","","65","","0.0","","","","","","","","100.21","","","","","","NA"
"-79.40","43.67","TORONTO CITY","6158355","2026-01-12 14:00","2026","01","12","14:00","","0.0","","-5.2","","68","","0.0","","","","","","","","100.17","","","","","","NA"
"-79.40","43.67","TORONTO CITY","6158355","2026-01-12 15:00","2026","01","12","15:00","","0.0","","-4.7","","70","","0.0","","","","","","","","100.16","","","","","","NA"
"-79.40","43.67","TORONTO CITY","6158355","2026-01-12 16:00","2026","01","12","16:00","","0.3","","-4.5","","70","","0.0","","","","","","","","100.18","","","","","","NA"
"-79.40","43.67","TORONTO CITY","6158355","2026-01-12 17:00","2026","01","12","17:00","","0.5","","-4.5","","69","","0.0","","","","","","","","100.20","","","","","","NA"
"-79.40","43.67","TORONTO CITY","6158355","2026-01-12 18:00","2026","01","12","18:00","","0.5","","-4.6","","69","","0.0","","","","","","","","100.14","","","","","","NA"
"-79.40","43.67","TORONTO CITY","6158355","2026-01-12 19:00","2026","01","12","19:00","","0.5","","-4.8","","68","","0.0","","","","","","","","100.17","","","","","","NA"
"-79.40","43.67","TORONTO CITY","6158355","2026-01-12 20:00","2026","01","12","20:00","","0.6","","-4.4","","69","","0.0","","","","","","","","100.13","","","","","","NA"
"-79.40","43.67","TORONTO CITY","6158355","2026-01-12 21:00","2026","01","12","21:00","","0.7","","-4.2","","69","","0.0","","","","","","","","100.15","","","","","","NA"
"-79.40","43.67","TORONTO CITY","6158355","2026-01-12 22:00","2026","01","12","22:00","","0.6","","-4.1","","70","","0.0","","","","","","","","100.15","","","","","","NA"
"-79.40","43.67","TORONTO CITY","6158355","2026-01-12 23:00","2026","01","12","23:00","","0.7","","-4.1","","70","","0.0","","","","","","","","100.14","","","","","","NA"
"-79.40","43.67","TORONTO CITY","6158355","2026-01-13 00:00","2026","01","13","00:00","","1.2","","-3.8","","69","","0.0","","","","","","","","100.12","","","","","","NA"
"-79.40","43.67","TORONTO CITY","6158355","2026-01-13 01:00","2026","01","13","01:00","","1.2","","-3.5","","71","","0.0","","","","","","","","100.07","","","","","","NA"
"-79.40","43.67","TORONTO CITY","6158355","2026-01-13 02:00","2026","01","13","02:00","","1.5","","-2.8","","73","","0.0","","","","","","","","100.05","","","","","","NA"
"-79.40","43.67","TORONTO CITY","6158355","2026-01-13 03:00","2026","01","13","03:00","","1.7","","-2.2","","75","","0.0","","","","","","","","100.03","","","","","","NA"
"-79.40","43.67","TORONTO CITY","6158355","2026-01-13 04:00","2026","01","13","04:00","","1.9","","-1.9","","76","","0.0","","","","","","","","100.00","","","","","","NA"
"-79.40","43.67","TORONTO CITY","6158355","2026-01-13 05:00","2026","01","13","05:00","","1.8","","-2.2","","75","","0.0","","","","","","","","99.94","","","","","","NA"
"-79.40","43.67","TORONTO CITY","6158355","2026-01-13 06:00","2026","01","13","06:00","","1.9","","-2.0","","76","","0.0","","","","","","","","99.90","","","","","","NA"
"-79.40","43.67","TORONTO CITY","6158355","2026-01-13 07:00","2026","01","13","07:00","","1.5","","-2.2","","77","","0.0","","","","","","","","99.82","","","","","","NA"
"-79.40","43.67","TORONTO CITY","6158355","2026-01-13 08:00","2026","01","13","08:00","","1.1","","-1.9","","80","","0.0","","","","","","","","99.72","","","","","","NA"
"-79.40","43.67","TORONTO CITY","6158355","2026-01-13 09:00","2026","01","13","09:00","","1.6","","-1.2","","82","","0.0","","","","","","","","99.59","","","","","","NA"
"-79.40","43.67","TORONTO CITY","6158355","2026-01-13 10:00","2026","01","13","10:00","","2.4","","-1.7","","75","","0.0","","","","","","","","99.52","","","","","","NA"
"-79.40","43.67","TORONTO CITY","6158355","2026-01-13 11:00","2026","01","13","11:00","","2.8","","-1.9","","71","","0.0","","","","","","","","99.39","","","","","","NA"
"-79.40","43.67","TORONTO CITY","6158355","2026-01-13 12:00","2026","01","13","12:00","","3.1","","-2.2","","68","","0.0","","","","","","","","99.21","","","","","","NA"
"-79.40","43.67","TORONTO CITY","6158355","2026-01-13 13:00","2026","01","13","13:00","","3.3","","-2.3","","66","","0.0","","","","","","","","98.90","","","","","","NA"
"-79.40","43.67","TORONTO CITY","6158355","2026-01-13 14:00","2026","01","13","14:00","","3.7","","-2.3","","65","","0.0","","","","","","","","98.73","","","","","","NA"
"-79.40","43.67","TORONTO CITY","6158355","2026-01-13 15:00","2026","01","13","15:00","","4.0","","-2.5","","62","","0.0","","","","","","","","98.55","","","","","","NA"
"-79.40","43.67","TORONTO CITY","6158355","2026-01-13 16:00","2026","01","13","16:00","","4.3","","-1.6","","65","","0.0","","","","","","","","98.41","","","","","","NA"
"-79.40","43.67","TORONTO CITY","6158355","2026-01-13 17:00","2026","01","13","17:00","","4.5","","-0.6","","69","","0.0","","","","","","","","98.30","","","","","","NA"
"-79.40","43.67","TORONTO CITY","6158355","2026-01-13 18:00","2026","01","13","18:00","","4.3","","0.1","","74","","0.1","","","","","","","","98.30","","","","","","NA"
"-79.40","43.67","TORONTO CITY","6158355","2026-01-13 19:00","2026","01","13","19:00","","4.4","","-0.2","","72","","0.0","","","","","","","","98.26","","","","","","NA"
"-79.40","43.67","TORONTO CITY","6158355","2026-01-13 20:00","2026","01","13","20:00","","5.6","","-0.5","","65","","0.0","","","","","","","","98.23","","","","","","NA"
"-79.40","43.67","TORONTO CITY","6158355","2026-01-13 21:00","2026","01","13","21:00","","5.6","","-0.1","","67","","0.0","","","","","","","","98.26","","","","","","NA"
"-79.40","43.67","TORONTO CITY","6158355","2026-01-13 22:00","2026","01","13","22:00","","5.8","","0.3","","68","","0.0","","","","","","","","98.26","","","","","","NA"
"-79.40","43.67","TORONTO CITY","6158355","2026-01-13 23:00","2026","01","13","23:00","","5.3","","0.9","","74","","0.0","","","","","","","","98.25","","","","","","NA"
"-79.40","43.67","TORONTO CITY","6158355","2026-01-14 00:00","2026","01","14","00:00","","4.6","","1.5","","80","","0.0","","","","","","","","98.25","","","","","","NA"
"-79.40","43.67","TORONTO CITY","6158355","2026-01-14 01:00","2026","01","14","01:00","","4.5","","1.6","","82","","0.0","","","","","","","","98.24","","","","","","NA"
"-79.40","43.67","TORONTO CITY","6158355","2026-01-14 02:00","2026","01","14","02:00","","4.4","","1.4","","81","","0.0","","","","","","","","98.24","","","","","","NA"
"-79.40","43.67","TORONTO CITY","6158355","2026-01-14 03:00","2026","01","14","03:00","","4.4","","1.6","","82","","0.0","","","","","","","","98.30","","","","","","NA"
"-79.40","43.67","TORONTO CITY","6158355","2026-01-14 04:00","2026","01","14","04:00","","4.4","","1.4","","81","","0.0","","","","","","","","98.30","","","","","","NA"
"-79.40","43.67","TORONTO CITY","6158355","2026-01-14 05:00","2026","01","14","05:00","","4.8","","1.3","","78","","0.0","","","","","","","","98.28","","","","","","NA"
"-79.40","43.67","TORONTO CITY","6158355","2026-01-14 06:00","2026","01","14","06:00","","4.4","","1.2","","80","","0.0","","","","","","","","98.31","","","","","","NA"
"-79.40","43.67","TORONTO CITY","6158355","2026-01-14 07:00","2026","01","14","07:00","","4.3","","1.5","","82","","0.0","","","","","","","","98.34","","","","","","NA"
"-79.40","43.67","TORONTO CITY","6158355","2026-01-14 08:00","2026","01","14","08:00","","4.4","","1.7","","83","","0.0","","","","","","","","98.39","","","","","","NA"
"-79.40","43.67","TORONTO CITY","6158355","2026-01-14 09:00","2026","01","14","09:00","","4.4","","1.9","","83","","0.0","","","","","","","","98.44","","","","","","NA"
"-79.40","43.67","TORONTO CITY","6158355","2026-01-14 10:00","2026","01","14","10:00","","4.7","","2.1","","83","","0.1","","","","","","","","98.47","","","","","","NA"
"-79.40","43.67","TORONTO CITY","6158355","2026-01-14 11:00","2026","01","14","11:00","","4.7","","1.9","","82","","0.0","","","","","","","","98.51","","","","","","NA"
"-79.40","43.67","TORONTO CITY","6158355","2026-01-14 12:00","2026","01","14","12:00","","5.4","","1.6","","77","","0.0","","","","","","","","98.49","","","","","","NA"
"-79.40","43.67","TORONTO CITY","6158355","2026-01-14 13:00","2026","01","14","13:00","","5.4","","0.1","","69","","0.0","","","","","","","","98.44","","","","","","NA"
"-79.40","43.67","TORONTO CITY","6158355","2026-01-14 14:00","2026","01","14","14:00","","5.5","","-0.2","","67","","0.0","","","","","","","","98.41","","","","","","NA"
"-79.40","43.67","TORONTO CITY","6158355","2026-01-14 15:00","2026","01","14","15:00","","4.4","","0.1","","73","","0.0","","","","","","","","98.45","","","","","","NA"
"-79.40","43.67","TORONTO CITY","6158355","2026-01-14 16:00","2026","01","14","16:00","","3.3","","-1.4","","71","","0.0","","","","","","","","98.50","","","","","","NA"
"-79.40","43.67","TORONTO CITY","6158355","2026-01-14 17:00","2026","01","14","17:00","","1.5","","-2.3","","76","","0.0","","","","","","","","98.53","","","","","","NA"
"-79.40","43.67","TORONTO CITY","6158355","2026-01-14 18:00","2026","01","14","18:00","","-0.2","","-3.0","","81","","0.2","","","","","","","","98.55","","","","","","NA"
"-79.40","43.67","TORONTO CITY","6158355","2026-01-14 19:00","2026","01","14","19:00","","-0.9","","-3.7","","81","","0.0","","","","","","","","98.57","","","","","","NA"
"-79.40","43.67","TORONTO CITY","6158355","2026-01-14 20:00","2026","01","14","20:00","","-1.7","","-4.0","","84","","0.4","","","","","","","","98.52","","","","","","NA"
"-79.40","43.67","TORONTO CITY","6158355","2026-01-14 21:00","2026","01","14","21:00","","-2.2","","-4.9","","82","","0.1","","","","","","","","98.48","","","","","","NA"
"-79.40","43.67","TORONTO CITY","6158355","2026-01-14 22:00","2026","01","14","22:00","","-3.8","","-6.2","","83","","0.2","","","","","","","","98.46","","","","","","NA"
"-79.40","43.67","TORONTO CITY","6158355","2026-01-14 23:00","2026","01","14","23:00","","-5.7","","-8.2","","83","","0.4","","","","","","","","98.46","","","","","","NA"
"-79.40","43.67","TORONTO CITY","6158355","2026-01-15 00:00","2026","01","15","00:00","","-7.0","","-9.0","","86","","0.6","","","","","","","","98.39","","","","","","NA"
"-79.40","43.67","TORONTO CITY","6158355","2026-01-15 01:00","2026","01","15","01:00","","-8.1","","-10.2","","85","","0.9","","","","","","","","98.36","","","","","","NA"
"-79.40","43.67","TORONTO CITY","6158355","2026-01-15 02:00","2026","01","15","02:00","","-9.0","","-11.4","","83","","0.9","","","","","","","","98.33","","","","","","NA"
"-79.40","43.67","TORONTO CITY","6158355","2026-01-15 03:00","2026","01","15","03:00","","-9.8","","-11.8","","85","","1.1","","","","","","","","98.38","","","","","","NA"
"-79.40","43.67","TORONTO CITY","6158355","2026-01-15 04:00","2026","01","15","04:00","","-10.4","","-12.7","","83","","1.6","","","","","","","","98.57","","","","","","NA"
"-79.40","43.67","TORONTO CITY","6158355","2026-01-15 05:00","2026","01","15","05:00","","-11.3","","-13.4","","84","","1.9","","","","","","","","98.68","","","","","","NA"
"-79.40","43.67","TORONTO CITY","6158355","2026-01-15 06:00","2026","01","15","06:00","","-12.2","","-14.1","","85","","1.7","","","","","","","","98.69","","","","","","NA"
"-79.40","43.67","TORONTO CITY","6158355","2026-01-15 07:00","2026","01","15","07:00","","-12.9","","-14.8","","85","","1.9","","","","","","","","98.65","","","","","","NA"
"-79.40","43.67","TORONTO CITY","6158355","2026-01-15 08:00","2026","01","15","08:00","","-13.1","","-15.2","","84","","1.3","","","","","","","","98.66","","","","","","NA"
"-79.40","43.67","TORONTO CITY","6158355","2026-01-15 09:00","2026","01","15","09:00","","-13.1","","-15.3","","84","","0.9","","","","","","","","98.71","","","","","","NA"
"-79.40","43.67","TORONTO CITY","6158355","2026-01-15 10:00","2026","01","15","10:00","","-13.1","","-15.7","","81","","0.5","","","","","","","","98.78","","","","","","NA"
"-79.40","43.67","TORONTO CITY","6158355","2026-01-15 11:00","2026","01","15","11:00","","-13.3","","-16.0","","80","","0.7","","","","","","","","98.78","","","","","","NA"
"-79.40","43.67","TORONTO CITY","6158355","2026-01-15 12:00","2026","01","15","12:00","","-13.3","","-16.1","","79","","1.0","","","","","","","","98.74","","","","","","NA"
"-79.40","43.67","TORONTO CITY","6158355","2026-01-15 13:00","2026","01","15","13:00","","-12.8","","-16.0","","77","","0.7","","","","","","","","98.74","","","","","","NA"
"-79.40","43.67","TORONTO CITY","6158355","2026-01-15 14:00","2026","01","15","14:00","","-12.4","","-15.7","","77","","0.5","","","","","","","","98.75","","","","","","NA"
"-79.40","43.67","TORONTO CITY","6158355","2026-01-15 15:00","2026","01","15","15:00","","-11.7","","-16.0","","71","","0.3","","","","","","","","98.81","","","","","","NA"
"-79.40","43.67","TORONTO CITY","6158355","2026-01-15 16:00","2026","01","15","16:00","","-11.3","","-16.5","","65","","0.0","","","","","","","","98.88","","","","","","NA"
"-79.40","43.67","TORONTO CITY","6158355","2026-01-15 17:00","2026","01","15","17:00","","-10.7","","-14.8","","72","","0.0","","","","","","","","98.95","","","","","","NA"
"-79.40","43.67","TORONTO CITY","6158355","2026-01-15 18:00","2026","01","15","18:00","","-9.6","","-13.6","","73","","0.0","","","","","","","","99.00","","","","","","NA"
"-79.40","43.67","TORONTO CITY","6158355","2026-01-15 19:00","2026","01","15","19:00","","-10.1","","-14.0","","73","","0.0","","","","","","","","99.06","","","","","","NA"
"-79.40","43.67","TORONTO CITY","6158355","2026-01-15 20:00","2026","01","15","20:00","","-10.6","","-14.5","","73","","0.0","","","","","","","","99.12","","","","","","NA"
"-79.40","43.67","TORONTO CITY","6158355","2026-01-15 21:00","2026","01","15","21:00","","-10.9","","-15.1","","71","","0.0","","","","","","","","99.15","","","","","","NA"
"-79.40","43.67","TORONTO CITY","6158355","2026-01-15 22:00","2026","01","15","22:00","","-11.5","","-15.5","","72","","0.0","","","","","","","","99.19","","","","","","NA"
"-79.40","43.67","TORONTO CITY","6158355","2026-01-15 23:00","2026","01","15","23:00","","-11.5","","-15.3","","73","","0.0","","","","","","","","99.23","","","","","","NA"
"-79.40","43.67","TORONTO CITY","6158355","2026-01-16 00:00","2026","01","16","00:00","","-11.6","","-15.5","","73","","0.0","","","","","","","","99.25","","","","","","NA"
"-79.40","43.67","TORONTO CITY","6158355","2026-01-16 01:00","2026","01","16","01:00","","-11.3","","-15.1","","73","","0.0","","","","","","","","99.28","","","","","","NA"
"-79.40","43.67","TORONTO CITY","6158355","2026-01-16 02:00","2026","01","16","02:00","","-10.6","","-14.3","","74","","0.0","","","","","","","","99.32","","","","","","NA"
"-79.40","43.67","TORONTO CITY","6158355","2026-01-16 03:00","2026","01","16","03:00","","-9.9","","-13.2","","77","","0.0","","","","","","","","99.38","","","","","","NA"
"-79.40","43.67","TORONTO CITY","6158355","2026-01-16 04:00","2026","01","16","04:00","","-10.6","","-13.7","","78","","0.0","","","","","","","","99.37","","","","","","NA"
"-79.40","43.67","TORONTO CITY","6158355","2026-01-16 05:00","2026","01","16","05:00","","-10.5","","-13.2","","81","","0.0","","","","","","","","99.37","","","","","","NA"
"-79.40","43.67","TORONTO CITY","6158355","2026-01-16 06:00","2026","01","16","06:00","","-9.2","","-12.4","","77","","0.0","","","","","","","","99.38","","","","","","NA"
"-79.40","43.67","TORONTO CITY","6158355","2026-01-16 07:00","2026","01","16","07:00","","-8.9","","-12.3","","76","","0.0","","","","","","","","99.39","","","","","","NA"
"-79.40","43.67","TORONTO CITY","6158355","2026-01-16 08:00","2026","01","16","08:00","","-9.1","","-12.4","","77","","0.0","","","","","","","","99.44","","","","","","NA"
"-79.40","43.67","TORONTO CITY","6158355","2026-01-16 09:00","2026","01","16","09:00","","-7.9","","-11.8","","73","","0.0","","","","","","","","99.53","","","","","","NA"
"-79.40","43.67","TORONTO CITY","6158355","2026-01-16 10:00","2026","01","16","10:00","","-6.2","","-11.0","","69","","0.0","","","","","","","","99.56","","","","","","NA"
"-79.40","43.67","TORONTO CITY","6158355","2026-01-16 11:00","2026","01","16","11:00","","-5.3","","-11.1","","64","","0.0","","","","","","","","99.56","","","","","","NA"
"-79.40","43.67","TORONTO CITY","6158355","2026-01-16 12:00","2026","01","16","12:00","","-4.0","","-11.0","","58","","0.0","","","","","","","","99.41","","","","","","NA"
"-79.40","43.67","TORONTO CITY","6158355","2026-01-16 13:00","2026","01","16","13:00","","-4.0","","-7.5","","77","","0.0","","","","","","","","99.37","","","","","","NA"
"-79.40","43.67","TORONTO CITY","6158355","2026-01-16 14:00","2026","01","16","14:00","","-3.0","","-8.0","","68","","0.0","","","","","","","","99.29","","","","","","NA"
"-79.40","43.67","TORONTO CITY","6158355","2026-01-16 15:00","2026","01","16","15:00","","-2.6","","-8.3","","65","","0.0","","","","","","","","99.30","","","","","","NA"
"-79.40","43.67","TORONTO CITY","6158355","2026-01-16 16:00","2026","01","16","16:00","","-2.5","","-8.8","","62","","0.0","","","","","","","","99.27","","","","","","NA"
"-79.40","43.67","TORONTO CITY","6158355","2026-01-16 17:00","2026","01","16","17:00","","-2.7","","-6.7","","74","","0.1","","","","","","","","99.29","","","","","","NA"
"-79.40","43.67","TORONTO CITY","6158355","2026-01-16 18:00","2026","01","16","18:00","","-2.9","","-4.8","","87","","0.6","","","","","","","","99.27","","","","","","NA"
"-79.40","43.67","TORONTO CITY","6158355","2026-01-16 19:00","2026","01","16","19:00","","-2.5","","-3.7","","91","","0.7","","","","","","","","99.30","","","","","","NA"
"-79.40","43.67","TORONTO CITY","6158355","2026-01-16 20:00","2026","01","16","20:00","","-2.1","","-4.1","","86","","0.4","","","","","","","","99.32","","","","","","NA"
"-79.40","43.67","TORONTO CITY","6158355","2026-01-16 21:00","2026","01","16","21:00","","-1.4","","-4.6","","79","","0.0","","","","","","","","99.31","","","","","","NA"
"-79.40","43.67","TORONTO CITY","6158355","2026-01-16 22:00","2026","01","16","22:00","","-0.6","","-5.1","","72","","0.0","","","","","","","","99.32","","","","","","NA"
"-79.40","43.67","TORONTO CITY","6158355","2026-01-16 23:00","2026","01","16","23:00","","-0.1","","-4.3","","73","","0.0","","","","","","","","99.37","","","","","","NA"
"-79.40","43.67","TORONTO CITY","6158355","2026-01-17 00:00","2026","01","17","00:00","","0.2","","-4.1","","73","","0.0","","","","","","","","99.41","","","","","","NA"
"-79.40","43.67","TORONTO CITY","6158355","2026-01-17 01:00","2026","01","17","01:00","","0.5","","-3.2","","76","","0.0","","","","","","","","99.42","","","","","","NA"
"-79.40","43.67","TORONTO CITY","6158355","2026-01-17 02:00","2026","01","17","02:00","","1.0","","-2.7","","76","","0.0","","","","","","","","99.43","","","","","","NA"
"-79.40","43.67","TORONTO CITY","6158355","2026-01-17 03:00","2026","01","17","03:00","","1.1","","-2.8","","75","","0.0","","","","","","","","99.42","","","","","","NA"
"-79.40","43.67","TORONTO CITY","6158355","2026-01-17 04:00","2026","01","17","04:00","","1.1","","-2.7","","76","","0.0","","","","","","","","99.38","","","","","","NA"
"-79.40","43.67","TORONTO CITY","6158355","2026-01-17 05:00","2026","01","17","05:00","","1.0","","-2.6","","77","","0.0","","","","","","","","99.43","","","","","","NA"
"-79.40","43.67","TORONTO CITY","6158355","2026-01-17 06:00","2026","01","17","06:00","","1.5","","-2.1","","77","","0.0","","","","","","","","99.47","","","","","","NA"
"-79.40","43.67","TORONTO CITY","6158355","2026-01-17 07:00","2026","01","17","07:00","","1.3","","-1.1","","84","","0.0","","","","","","","","99.50","","","","","","NA"
"-79.40","43.67","TORONTO CITY","6158355","2026-01-17 08:00","2026","01","17","08:00","","1.4","","-0.7","","86","","0.0","","","","","","","","99.54","","","","","","NA"
"-79.40","43.67","TORONTO CITY","6158355","2026-01-17 09:00","2026","01","17","09:00","","1.7","","-0.4","","86","","0.0","","","","","","","","99.59","","","","","","NA"
"-79.40","43.67","TORONTO CITY","6158355","2026-01-17 10:00","2026","01","17","10:00","","1.9","","-0.5","","84","","0.0","","","","","","","","99.63","","","","","","NA"
"-79.40","43.67","TORONTO CITY","6158355","2026-01-17 11:00","2026","01","17","11:00","","2.0","","-0.3","","85","","0.0","","","","","","","","99.66","","","","","","NA"
"-79.40","43.67","TORONTO CITY","6158355","2026-01-17 12:00","2026","01","17","12:00","","1.8","","-0.1","","87","","0.1","","","","","","","","99.60","","","","","","NA"
"-79.40","43.67","TORONTO CITY","6158355","2026-01-17 13:00","2026","01","17","13:00","","1.9","","0.0","","87","","0.1","","","","","","","","99.54","","","","","","NA"
"-79.40","43.67","TORONTO CITY","6158355","2026-01-17 14:00","2026","01","17","14:00","","2.0","","0.1","","87","","0.1","","","","","","","","99.52","","","","","","NA"
"-79.40","43.67","TORONTO CITY","6158355","2026-01-17 15:00","2026","01","17","15:00","","2.3","","-0.1","","84","","0.0","","","","","","","","99.56","","","","","","NA"
"-79.40","43.67","TORONTO CITY","6158355","2026-01-17 16:00","2026","01","17","16:00","","1.6","","-1.9","","78","","0.1","","","","","","","","99.67","","","","","","NA"
"-79.40","43.67","TORONTO CITY","6158355","2026-01-17 17:00","2026","01","17","17:00","","1.3","","-5.7","","59","","0.0","","","","","","","","99.82","","","","","","NA"
"-79.40","43.67","TORONTO CITY","6158355","2026-01-17 18:00","2026","01","17","18:00","","0.0","","-7.8","","56","","0.0","","","","","","","","99.92","","","","","","NA"
"-79.40","43.67","TORONTO CITY","6158355","2026-01-17 19:00","2026","01","17","19:00","","-1.2","","-9.6","","53","","0.0","","","","","","","","99.97","","","","","","NA"
"-79.40","43.67","TORONTO CITY","6158355","2026-01-17 20:00","2026","01","17","20:00","","-2.6","","-9.6","","58","","0.0","","","","","","","","100.06","","","","","","NA"
"-79.40","43.67","TORONTO CITY","6158355","2026-01-17 21:00","2026","01","17","21:00","","-3.8","","-11.6","","54","","0.0","","","","","","","","100.13","","","","","","NA"
"-79.40","43.67","TORONTO CITY","6158355","2026-01-17 22:00","2026","01","17","22:00","","-4.8","","-12.8","","53","","0.0","","","","","","","","100.16","","","","","","NA"
"-79.40","43.67","TORONTO CITY","6158355","2026-01-17 23:00","2026","01","17","23:00","","-5.9","","-13.1","","57","","0.0","","","","","","","","100.18","","","","","","NA"
"-79.40","43.67","TORONTO CITY","6158355","2026-01-18 00:00","2026","01","18","00:00","","-6.7","","-13.4","","59","","0.0","","","","","","","","100.18","","","","","","NA"
"-79.40","43.67","TORONTO CITY","6158355","2026-01-18 01:00","2026","01","18","01:00","","-7.5","","-14.0","","59","","0.0","","","","","","","","100.17","","","","","","NA"
"-79.40","43.67","TORONTO CITY","6158355","2026-01-18 02:00","2026","01","18","02:00","","-8.3","","-14.8","","59","","0.0","","","","","","","","100.15","","","","","","NA"
"-79.40","43.67","TORONTO CITY","6158355","2026-01-18 03:00","2026","01","18","03:00","","-8.7","","-15.2","","59","","0.0","","","","","","","","100.17","","","","","","NA"
"-79.40","43.67","TORONTO CITY","6158355","2026-01-18 04:00","2026","01","18","04:00","","-9.1","","-15.6","","59","","0.0","","","","","","","","100.22","","","","","","NA"
"-79.40","43.67","TORONTO CITY","6158355","2026-01-18 05:00","2026","01","18","05:00","","-9.5","","-15.5","","62","","0.0","","","","","","","","100.22","","","","","","NA"
"-79.40","43.67","TORONTO CITY","6158355","2026-01-18 06:00","2026","01","18","06:00","","-9.2","","-15.5","","60","","0.0","","","","","","","","100.24","","","","","","NA"
"-79.40","43.67","TORONTO CITY","6158355","2026-01-18 07:00","2026","01","18","07:00","","-9.4","","-16.0","","59","","0.0","","","","","","","","100.29","","","","","","NA"
"-79.40","43.67","TORONTO CITY","6158355","2026-01-18 08:00","2026","01","18","08:00","","-9.0","","-15.6","","59","","0.0","","","","","","","","100.30","","","","","","NA"
"-79.40","43.67","TORONTO CITY","6158355","2026-01-18 09:00","2026","01","18","09:00","","-8.7","","-15.6","","57","","0.0","","","","","","","","100.34","","","","","","NA"
"-79.40","43.67","TORONTO CITY","6158355","2026-01-18 10:00","2026","01","18","10:00","","-7.5","","-15.2","","54","","0.0","","","","","","","","100.36","","","","","","NA"
"-79.40","43.67","TORONTO CITY","6158355","2026-01-18 11:00","2026","01","18","11:00","","-6.3","","-14.3","","53","","0.0","","","","","","","","100.35","","","","","","NA"
"-79.40","43.67","TORONTO CITY","6158355","2026-01-18 12:00","2026","01","18","12:00","","-5.7","","-13.4","","55","","0.0","","","","","","","","100.29","","","","","","NA"
"-79.40","43.67","TORONTO CITY","6158355","2026-01-18 13:00","2026","01","18","13:00","","-5.2","","-12.6","","56","","0.0","","","","","","","","100.13","","","","","","NA"
"-79.40","43.67","TORONTO CITY","6158355","2026-01-18 14:00","2026","01","18","14:00","","-5.2","","-12.2","","58","","0.0","","","","","","","","100.07","","","","","","NA"
"-79.40","43.67","TORONTO CITY","6158355","2026-01-18 15:00","2026","01","18","15:00","","-4.9","","-11.4","","60","","0.0","","","","","","","","100.02","","","","","","NA"
"-79.40","43.67","TORONTO CITY","6158355","2026-01-18 16:00","2026","01","18","16:00","","-5.2","","-11.3","","62","","0.0","","","","","","","","99.99","","","","","","NA"
"-79.40","43.67","TORONTO CITY","6158355","2026-01-18 17:00","2026","01","18","17:00","","-5.3","","-11.0","","64","","0.0","","","","","","","","99.99","","","","","","NA"
"-79.40","43.67","TORONTO CITY","6158355","2026-01-18 18:00","2026","01","18","18:00","","-5.1","","-10.4","","66","","0.0","","","","","","","","99.99","","","","","","NA"
"-79.40","43.67","TORONTO CITY","6158355","2026-01-18 19:00","2026","01","18","19:00","","-5.1","","-10.0","","68","","0.0","","","","","","","","99.94","","","","","","NA"
"-79.40","43.67","TORONTO CITY","6158355","2026-01-18 20:00","2026","01","18","20:00","","-5.2","","-9.8","","70","","0.0","","","","","","","","99.95","","","","","","NA"
"-79.40","43.67","TORONTO CITY","6158355","2026-01-18 21:00","2026","01","18","21:00","","-5.3","","-9.6","","71","","0.0","","","","","","","","99.90","","","","","","NA"
"-79.40","43.67","TORONTO CITY","6158355","2026-01-18 22:00","2026","01","18","22:00","","-5.1","","-9.9","","69","","0.0","","","","","","","","99.83","","","","","","NA"
"-79.40","43.67","TORONTO CITY","6158355","2026-01-18 23:00","2026","01","18","23:00","","-5.3","","-9.9","","70","","0.0","","","","","","","","99.73","","","","","","NA"
"-79.40","43.67","TORONTO CITY","6158355","2026-01-19 00:00","2026","01","19","00:00","","-5.3","","-9.8","","71","","0.0","","","","","","","","99.67","","","","","","NA"
"-79.40","43.67","TORONTO CITY","6158355","2026-01-19 01:00","2026","01","19","01:00","","-5.3","","-9.4","","73","","0.0","","","","","","","","99.59","","","","","","NA"
"-79.40","43.67","TORONTO CITY","6158355","2026-01-19 02:00","2026","01","19","02:00","","-5.4","","-8.1","","81","","0.0","","","","","","","","99.52","","","","","","NA"
"-79.40","43.67","TORONTO CITY","6158355","2026-01-19 03:00","2026","01","19","03:00","","-5.4","","-9.5","","73","","0.1","","","","","","","","99.47","","","","","","NA"
"-79.40","43.67","TORONTO CITY","6158355","2026-01-19 04:00","2026","01","19","04:00","","-6.4","","-9.1","","81","","0.0","","","","","","","","99.40","","","","","","NA"
"-79.40","43.67","TORONTO CITY","6158355","2026-01-19 05:00","2026","01","19","05:00","","-7.7","","-11.3","","75","","0.1","","","","","","","","99.38","","","","","","NA"
"-79.40","43.67","TORONTO CITY","6158355","2026-01-19 06:00","2026","01","19","06:00","","-7.8","","-11.8","","73","","0.0","","","","","","","","99.35","","","","","","NA"
"-79.40","43.67","TORONTO CITY","6158355","2026-01-19 07:00","2026","01","19","07:00","","-7.4","","-11.5","","72","","0.0","","","","","","","","99.32","","","","","","NA"
"-79.40","43.67","TORONTO CITY","6158355","2026-01-19 08:00","2026","01","19","08:00","","-7.1","","-11.2","","72","","0.0","","","","","","","","99.30","","","","","","NA"
"-79.40","43.67","TORONTO CITY","6158355","2026-01-19 09:00","2026","01","19","09:00","","-6.7","","-10.4","","75","","0.0","","","","","","","","99.26","","","","","","NA"
"-79.40","43.67","TORONTO CITY","6158355","2026-01-19 10:00","2026","01","19","10:00","","-6.2","","-10.2","","74","","0.0","","","","","","","","99.26","","","","","","NA"
"-79.40","43.67","TORONTO CITY","6158355","2026-01-19 11:00","2026","01","19","11:00","","-5.3","","-10.4","","68","","0.0","","","","","","","","99.25","","","","","","NA"
"-79.40","43.67","TORONTO CITY","6158355","2026-01-19 12:00","2026","01","19","12:00","","-4.6","","-10.6","","63","","0.0","","","","","","","","99.20","","","","","","NA"
"-79.40","43.67","TORONTO CITY","6158355","2026-01-19 13:00","2026","01","19","13:00","","-4.8","","-12.4","","55","","0.0","","","","","","","","99.22","","","","","","NA"
"-79.40","43.67","TORONTO CITY","6158355","2026-01-19 14:00","2026","01","19","14:00","","-5.5","","-16.0","","43","","0.0","","","","","","","","99.35","","","","","","NA"
"-79.40","43.67","TORONTO CITY","6158355","2026-01-19 15:00","2026","01","19","15:00","","-7.0","","-16.3","","47","","0.0","","","","","","","","99.52","","","","","","NA"
"-79.40","43.67","TORONTO CITY","6158355","2026-01-19 16:00","2026","01","19","16:00","","-6.9","","-15.5","","51","","0.0","","","","","","","","99.63","","","","","","NA"
"-79.40","43.67","TORONTO CITY","6158355","2026-01-19 17:00","2026","01","19","17:00","","-7.6","","-15.2","","54","","0.0","","","","","","","","99.71","","","","","","NA"
"-79.40","43.67","TORONTO CITY","6158355","2026-01-19 18:00","2026","01","19","18:00","","-7.7","","-13.9","","61","","0.0","","","","","","","","99.76","","","","","","NA"
"-79.40","43.67","TORONTO CITY","6158355","2026-01-19 19:00","2026","01","19","19:00","","-8.0","","-12.4","","71","","0.0","","","","","","","","99.87","","","","","","NA"
"-79.40","43.67","TORONTO CITY","6158355","2026-01-19 20:00","2026","01","19","20:00","","-8.3","","-10.3","","85","","0.2","","","","","","","","99.98","","","","","","NA"
"-79.40","43.67","TORONTO CITY","6158355","2026-01-19 21:00","2026","01","19","21:00","","-7.8","","-10.2","","83","","0.0","","","","","","","","100.05","","","","","","NA"
"-79.40","43.67","TORONTO CITY","6158355","2026-01-19 22:00","2026","01","19","22:00","","-8.0","","-11.9","","73","","0.2","","","","","","","","100.16","","","","","","NA"
"-79.40","43.67","TORONTO CITY","6158355","2026-01-19 23:00","2026","01","19","23:00","","-8.7","","-13.8","","66","","0.0","","","","","","","","100.23","","","","","","NA"
"-79.40","43.67","TORONTO CITY","6158355","2026-01-20 00:00","2026","01","20","00:00","","-9.2","","-14.4","","66","","0.0","","","","","","","","100.31","","","","","","NA"
"-79.40","43.67","TORONTO CITY","6158355","2026-01-20 01:00","2026","01","20","01:00","","-10.5","","-15.0","","70","","0.0","","","","","","","","100.33","","","","","","NA"
"-79.40","43.67","TORONTO CITY","6158355","2026-01-20 02:00","2026","01","20","02:00","","-11.0","","-15.5","","69","","0.0","","","","","","","","100.37","","","","","","NA"
"-79.40","43.67","TORONTO CITY","6158355","2026-01-20 03:00","2026","01","20","03:00","","-11.7","","-16.8","","65","","0.0","","","","","","","","100.45","","","","","","NA"
"-79.40","43.67","TORONTO CITY","6158355","2026-01-20 04:00","2026","01","20","04:00","","-12.0","","-17.5","","64","","0.0","","","","","","","","100.48","","","","","","NA"
"-79.40","43.67","TORONTO CITY","6158355","2026-01-20 05:00","2026","01","20","05:00","","-12.1","","-17.8","","63","","0.0","","","","","","","","100.52","","","","","","NA"
"-79.40","43.67","TORONTO CITY","6158355","2026-01-20 06:00","2026","01","20","06:00","","-12.5","","-18.0","","64","","0.0","","","","","","","","100.57","","","","","","NA"
"-79.40","43.67","TORONTO CITY","6158355","2026-01-20 07:00","2026","01","20","07:00","","-13.2","","-18.4","","65","","0.0","","","","","","","","100.65","","","","","","NA"
"-79.40","43.67","TORONTO CITY","6158355","2026-01-20 08:00","2026","01","20","08:00","","-13.5","","-18.6","","66","","0.0","","","","","","","","100.74","","","","","","NA"
"-79.40","43.67","TORONTO CITY","6158355","2026-01-20 09:00","2026","01","20","09:00","","-13.6","","-18.6","","66","","0.0","","","","","","","","100.84","","","","","","NA"
"-79.40","43.67","TORONTO CITY","6158355","2026-01-20 10:00","2026","01","20","10:00","","-12.3","","-18.6","","59","","0.0","","","","","","","","100.93","","","","","","NA"
"-79.40","43.67","TORONTO CITY","6158355","2026-01-20 11:00","2026","01","20","11:00","","-11.8","","-18.7","","57","","0.0","","","","","","","","101.04","","","","","","NA"
"-79.40","43.67","TORONTO CITY","6158355","2026-01-20 12:00","2026","01","20","12:00","","-11.1","","-18.9","","52","","0.0","","","","","","","","101.03","","","","","","NA"
"-79.40","43.67","TORONTO CITY","6158355","2026-01-20 13:00","2026","01","20","13:00","","-10.5","","-19.0","","49","","0.0","","","","","","","","101.01","","","","","","NA"
"-79.40","43.67","TORONTO CITY","6158355","2026-01-20 14:00","2026","01","20","14:00","","-10.4","","-19.4","","47","","0.0","","","","","","","","101.04","","","","","","NA"
"-79.40","43.67","TORONTO CITY","6158355","2026-01-20 15:00","2026","01","20","15:00","","-10.4","","-18.9","","49","","0.0","","","","","","","","101.06","","","","","","NA"
"-79.40","43.67","TORONTO CITY","6158355","2026-01-20 16:00","2026","01","20","16:00","","-10.3","","-18.7","","50","","0.0","","","","","","","","101.09","","","","","","NA"
"-79.40","43.67","TORONTO CITY","6158355","2026-01-20 17:00","2026","01","20","17:00","","-10.7","","-18.6","","52","","0.0","","","","","","","","101.09","","","","","","NA"
"-79.40","43.67","TORONTO CITY","6158355","2026-01-20 18:00","2026","01","20","18:00","","-11.0","","-17.3","","60","","0.0","","","","","","","","101.15","","","","","","NA"
"-79.40","43.67","TORONTO CITY","6158355","2026-01-20 19:00","2026","01","20","19:00","","-11.0","","-17.2","","60","","0.0","","","","","","","","101.15","","","","","","NA"
"-79.40","43.67","TORONTO CITY","6158355","2026-01-20 20:00","2026","01","20","20:00","","-10.8","","-17.1","","60","","0.0","","","","","","","","101.19","","","","","","NA"
"-79.40","43.67","TORONTO CITY","6158355","2026-01-20 21:00","2026","01","20","21:00","","-10.3","","-16.7","","60","","0.0","","","","","","","","101.22","","","","","","NA"
"-79.40","43.67","TORONTO CITY","6158355","2026-01-20 22:00","2026","01","20","22:00","","-10.3","","-16.7","","59","","0.0","","","","","","","","101.22","","","","","","NA"
"-79.40","43.67","TORONTO CITY","6158355","2026-01-20 23:00","2026","01","20","23:00","","-9.9","","-16.3","","60","","0.0","","","","","","","","101.23","","","","","","NA"
"-79.40","43.67","TORONTO CITY","6158355","2026-01-21 00:00","2026","01","21","00:00","","-10.0","","-16.9","","57","","0.0","","","","","","","","101.29","","","","","","NA"
"-79.40","43.67","TORONTO CITY","6158355","2026-01-21 01:00","2026","01","21","01:00","","-10.6","","-17.4","","58","","0.0","","","","","","","","101.22","","","","","","NA"
"-79.40","43.67","TORONTO CITY","6158355","2026-01-21 02:00","2026","01","21","02:00","","-10.3","","-17.0","","58","","0.0","","","","","","","","101.23","","","","","","NA"
"-79.40","43.67","TORONTO CITY","6158355","2026-01-21 03:00","2026","01","21","03:00","","-10.1","","-16.2","","61","","0.0","","","","","","","","101.21","","","","","","NA"
"-79.40","43.67","TORONTO CITY","6158355","2026-01-21 04:00","2026","01","21","04:00","","-10.3","","-16.4","","61","","0.0","","","","","","","","101.17","","","","","","NA"
"-79.40","43.67","TORONTO CITY","6158355","2026-01-21 05:00","2026","01","21","05:00","","-9.7","","-16.1","","60","","0.0","","","","","","","","101.14","","","","","","NA"
"-79.40","43.67","TORONTO CITY","6158355","2026-01-21 06:00","2026","01","21","06:00","","-8.8","","-13.9","","66","","0.0","","","","","","","","101.00","","","","","","NA"
"-79.40","43.67","TORONTO CITY","6158355","2026-01-21 07:00","2026","01","21","07:00","","-6.5","","-11.4","","68","","0.0","","","","","","","","100.94","","","","","","NA"
"-79.40","43.67","TORONTO CITY","6158355","2026-01-21 08:00","2026","01","21","08:00","","-5.3","","-9.2","","74","","0.0","","","","","","","","100.79","","","","","","NA"
"-79.40","43.67","TORONTO CITY","6158355","2026-01-21 09:00","2026","01","21","09:00","","-4.3","","-8.9","","71","","0.0","","","","","","","","100.65","","","","","","NA"
"-79.40","43.67","TORONTO CITY","6158355","2026-01-21 10:00","2026","01","21","10:00","","-5.3","","-7.6","","84","","0.0","","","","","","","","100.54","","","","","","NA"
"-79.40","43.67","TORONTO CITY","6158355","2026-01-21 11:00","2026","01","21","11:00","","-4.6","","-6.3","","88","","0.7","","","","","","","","100.37","","","","","","NA"
"-79.40","43.67","TORONTO CITY","6158355","2026-01-21 12:00","2026","01","21","12:00","","-4.3","","-6.1","","88","","0.9","","","","","","","","100.16","","","","","","NA"
"-79.40","43.67","TORONTO CITY","6158355","2026-01-21 13:00","2026","01","21","13:00","","-4.0","","-5.5","","89","","1.4","","","","","","","","100.03","","","","","","NA"
"-79.40","43.67","TORONTO CITY","6158355","2026-01-21 14:00","2026","01","21","14:00","","-3.2","","-5.0","","88","","1.1","","","","","","","","99.90","","","","","","NA"
"-79.40","43.67","TORONTO CITY","6158355","2026-01-21 15:00","2026","01","21","15:00","","-2.3","","-4.7","","83","","0.2","","","","","","","","99.78","","","","","","NA"
"-79.40","43.67","TORONTO CITY","6158355","2026-01-21 16:00","2026","01","21","16:00","","-1.6","","-4.3","","82","","0.0","","","","","","","","99.71","","","","","","NA"
"-79.40","43.67","TORONTO CITY","6158355","2026-01-21 17:00","2026","01","21","17:00","","-1.9","","-4.1","","85","","0.0","","","","","","","","99.70","","","","","","NA"
"-79.40","43.67","TORONTO CITY","6158355","2026-01-21 18:00","2026","01","21","18:00","","-1.2","","-2.6","","90","","0.3","","","","","","","","99.67","","","","","","NA"
"-79.40","43.67","TORONTO CITY","6158355","2026-01-21 19:00","2026","01","21","19:00","","-0.4","","-2.4","","86","","0.0","","","","","","","","99.65","","","","","","NA"
"-79.40","43.67","TORONTO CITY","6158355","2026-01-21 20:00","2026","01","21","20:00","","-0.2","","-2.4","","85","","0.0","","","","","","","","99.64","","","","","","NA"
"-79.40","43.67","TORONTO CITY","6158355","2026-01-21 21:00","2026","01","21","21:00","","-0.5","","-2.6","","85","","0.0","","","","","","","","99.60","","","","","","NA"
"-79.40","43.67","TORONTO CITY","6158355","2026-01-21 22:00","2026","01","21","22:00","","-0.7","","-3.3","","82","","0.0","","","","","","","","99.53","","","","","","NA"
"-79.40","43.67","TORONTO CITY","6158355","2026-01-21 23:00","2026","01","21","23:00","","-0.4","","-3.4","","80","","0.0","","","","","","","","99.52","","","","","","NA"
"-79.40","43.67","TORONTO CITY","6158355","2026-01-22 00:00","2026","01","22","00:00","","-0.2","","-4.4","","73","","0.0","","","","","","","","99.53","","","","","","NA"
"-79.40","43.67","TORONTO CITY","6158355","2026-01-22 01:00","2026","01","22","01:00","","-1.2","","-4.0","","81","","0.0","","","","","","","","99.54","","","","","","NA"
"-79.40","43.67","TORONTO CITY","6158355","2026-01-22 02:00","2026","01","22","02:00","","-1.6","","-6.7","","68","","0.0","","","","","","","","99.59","","","","","","NA"
"-79.40","43.67","TORONTO CITY","6158355","2026-01-22 03:00","2026","01","22","03:00","","-2.5","","-8.0","","66","","0.0","","","","","","","","99.67","","","","","","NA"
"-79.40","43.67","TORONTO CITY","6158355","2026-01-22 04:00","2026","01","22","04:00","","-2.6","","-8.5","","64","","0.0","","","","","","","","99.64","","","","","","NA"
"-79.40","43.67","TORONTO CITY","6158355","2026-01-22 05:00","2026","01","22","05:00","","-2.7","","-8.3","","65","","0.0","","","","","","","","99.61","","","","","","NA"
"-79.40","43.67","TORONTO CITY","6158355","2026-01-22 06:00","2026","01","22","06:00","","-3.0","","-5.9","","80","","0.0","","","","","","","","99.65","","","","","","NA"
"-79.40","43.67","TORONTO CITY","6158355","2026-01-22 07:00","2026","01","22","07:00","","-3.0","","-6.2","","78","","0.0","","","","","","","","99.68","","","","","","NA"
"-79.40","43.67","TORONTO CITY","6158355","2026-01-22 08:00","2026","01","22","08:00","","-3.3","","-6.8","","76","","0.0","","","","","","","","99.73","","","","","","NA"
"-79.40","43.67","TORONTO CITY","6158355","2026-01-22 09:00","2026","01","22","09:00","","-3.0","","-8.6","","65","","0.0","","","","","","","","99.84","","","","","","NA"
"-79.40","43.67","TORONTO CITY","6158355","2026-01-22 10:00","2026","01","22","10:00","","-3.2","","-12.0","","51","","0.0","","","","","","","","99.97","","","","","","NA"
"-79.40","43.67","TORONTO CITY","6158355","2026-01-22 11:00","2026","01","22","11:00","","-3.2","","-12.9","","47","","0.0","","","","","","","","100.05","","","","","","NA"
"-79.40","43.67","TORONTO CITY","6158355","2026-01-22 12:00","2026","01","22","12:00","","-2.8","","-11.6","","51","","0.0","","","","","","","","100.07","","","","","","NA"
"-79.40","43.67","TORONTO CITY","6158355","2026-01-22 13:00","2026","01","22","13:00","","-2.9","","-10.1","","57","","0.0","","","","","","","","100.02","","","","","","NA"
"-79.40","43.67","TORONTO CITY","6158355","2026-01-22 14:00","2026","01","22","14:00","","-3.4","","-10.1","","59","","0.0","","","","","","","","100.03","","","","","","NA"
"-79.40","43.67","TORONTO CITY","6158355","2026-01-22 15:00","2026","01","22","15:00","","-4.1","","-11.4","","57","","0.0","","","","","","","","100.10","","","","","","NA"
"-79.40","43.67","TORONTO CITY","6158355","2026-01-22 16:00","2026","01","22","16:00","","-4.7","","-12.4","","55","","0.0","","","","","","","","100.19","","","","","","NA"
"-79.40","43.67","TORONTO CITY","6158355","2026-01-22 17:00","2026","01","22","17:00","","-5.4","","-11.5","","62","","0.0","","","","","","","","100.28","","","","","","NA"
"-79.40","43.67","TORONTO CITY","6158355","2026-01-22 18:00","2026","01","22","18:00","","-6.4","","-13.7","","56","","0.0","","","","","","","","100.34","","","","","","NA"
"-79.40","43.67","TORONTO CITY","6158355","2026-01-22 19:00","2026","01","22","19:00","","-6.9","","-13.6","","59","","0.0","","","","","","","","100.37","","","","","","NA"
"-79.40","43.67","TORONTO CITY","6158355","2026-01-22 20:00","2026","01","22","20:00","","-7.2","","-12.1","","68","","0.0","","","","","","","","100.38","","","","","","NA"
"-79.40","43.67","TORONTO CITY","6158355","2026-01-22 21:00","2026","01","22","21:00","","-7.7","","-10.6","","80","","0.0","","","","","","","","100.37","","","","","","NA"
"-79.40","43.67","TORONTO CITY","6158355","2026-01-22 22:00","2026","01","22","22:00","","-7.1","","-12.5","","65","","0.0","","","","","","","","100.35","","","","","","NA"
"-79.40","43.67","TORONTO CITY","6158355","2026-01-22 23:00","2026","01","22","23:00","","-7.6","","-12.9","","66","","0.0","","","","","","","","100.32","","","","","","NA"
"-79.40","43.67","TORONTO CITY","6158355","2026-01-23 00:00","2026","01","23","00:00","","-7.6","","-11.4","","75","","0.0","","","","","","","","100.29","","","","","","NA"
"-79.40","43.67","TORONTO CITY","6158355","2026-01-23 01:00","2026","01","23","01:00","","-8.1","","-13.4","","66","","0.0","","","","","","","","100.30","","","","","","NA"
"-79.40","43.67","TORONTO CITY","6158355","2026-01-23 02:00","2026","01","23","02:00","","-8.7","","-15.4","","58","","0.0","","","","","","","","100.33","","","","","","NA"
"-79.40","43.67","TORONTO CITY","6158355","2026-01-23 03:00","2026","01","23","03:00","","-9.3","","-16.0","","58","","0.0","","","","","","","","100.41","","","","","","NA"
"-79.40","43.67","TORONTO CITY","6158355","2026-01-23 04:00","2026","01","23","04:00","","-10.1","","-15.9","","63","","0.0","","","","","","","","100.42","","","","","","NA"
"-79.40","43.67","TORONTO CITY","6158355","2026-01-23 05:00","2026","01","23","05:00","","-10.3","","-16.0","","63","","0.0","","","","","","","","100.47","","","","","","NA"
"-79.40","43.67","TORONTO CITY","6158355","2026-01-23 06:00","2026","01","23","06:00","","-10.2","","-15.8","","63","","0.0","","","","","","","","100.54","","","","","","NA"
"-79.40","43.67","TORONTO CITY","6158355","2026-01-23 07:00","2026","01","23","07:00","","-10.5","","-16.2","","63","","0.0","","","","","","","","100.58","","","","","","NA"
"-79.40","43.67","TORONTO CITY","6158355","2026-01-23 08:00","2026","01","23","08:00","","-11.0","","-17.2","","60","","0.0","","","","","","","","100.64","","","","","","NA"
"-79.40","43.67","TORONTO CITY","6158355","2026-01-23 09:00","2026","01","23","09:00","","-11.0","","-17.6","","58","","0.0","","","","","","","","100.72","","","","","","NA"
"-79.40","43.67","TORONTO CITY","6158355","2026-01-23 10:00","2026","01","23","10:00","","-11.3","","-15.1","","73","","0.0","","","","","","","","100.83","","","","","","NA"
"-79.40","43.67","TORONTO CITY","6158355","2026-01-23 11:00","2026","01","23","11:00","","-11.0","","-20.4","","46","","0.0","","","","","","","","100.97","","","","","","NA"
"-79.40","43.67","TORONTO CITY","6158355","2026-01-23 12:00","2026","01","23","12:00","","-11.7","","-21.6","","44","","0.0","","","","","","","","101.06","","","","","","NA"
"-79.40","43.67","TORONTO CITY","6158355","2026-01-23 13:00","2026","01","23","13:00","","-12.4","","-23.3","","40","","0.0","","","","","","","","101.11","","","","","","NA"
"-79.40","43.67","TORONTO CITY","6158355","2026-01-23 14:00","2026","01","23","14:00","","-12.0","","-21.3","","46","","0.0","","","","","","","","101.18","","","","","","NA"
"-79.40","43.67","TORONTO CITY","6158355","2026-01-23 15:00","2026","01","23","15:00","","-11.7","","-20.5","","48","","0.0","","","","","","","","101.26","","","","","","NA"
"-79.40","43.67","TORONTO CITY","6158355","2026-01-23 16:00","2026","01","23","16:00","","-12.4","","-19.9","","54","","0.0","","","","","","","","101.41","","","","","","NA"
"-79.40","43.67","TORONTO CITY","6158355","2026-01-23 17:00","2026","01","23","17:00","","-13.1","","-21.6","","49","","0.0","","","","","","","","101.57","","","","","","NA"
"-79.40","43.67","TORONTO CITY","6158355","2026-01-23 18:00","2026","01","23","18:00","","-14.0","","-21.8","","52","","0.0","","","","","","","","101.70","","","","","","NA"
"-79.40","43.67","TORONTO CITY","6158355","2026-01-23 19:00","2026","01","23","19:00","","-14.4","","-21.3","","56","","0.0","","","","","","","","101.82","","","","","","NA"
"-79.40","43.67","TORONTO CITY","6158355","2026-01-23 20:00","2026","01","23","20:00","","-14.8","","-21.5","","56","","0.0","","","","","","","","101.90","","","","","","NA"
"-79.40","43.67","TORONTO CITY","6158355","2026-01-23 21:00","2026","01","23","21:00","","-14.8","","-21.5","","57","","0.0","","","","","","","","101.97","","","","","","NA"
"-79.40","43.67","TORONTO CITY","6158355","2026-01-23 22:00","2026","01","23","22:00","","-15.0","","-21.2","","59","","0.0","","","","","","","","102.00","","","","","","NA"
"-79.40","43.67","TORONTO CITY","6158355","2026-01-23 23:00","2026","01","23","23:00","","-15.1","","-20.9","","61","","0.0","","","","","","","","102.05","","","","","","NA"
"-79.40","43.67","TORONTO CITY","6158355","2026-01-24 00:00","2026","01","24","00:00","","-15.3","","-21.0","","62","","0.0","","","","","","","","102.11","","","","","","NA"
"-79.40","43.67","TORONTO CITY","6158355","2026-01-24 01:00","2026","01","24","01:00","","-16.6","","-21.5","","66","","0.0","","","","","","","","102.12","","","","","","NA"
"-79.40","43.67","TORONTO CITY","6158355","2026-01-24 02:00","2026","01","24","02:00","","-17.8","","-22.3","","68","","0.0","","","","","","","","102.21","","","","","","NA"
"-79.40","43.67","TORONTO CITY","6158355","2026-01-24 03:00","2026","01","24","03:00","","-18.1","","-23.5","","63","","0.0","","","","","","","","102.29","","","","","","NA"
"-79.40","43.67","TORONTO CITY","6158355","2026-01-24 04:00","2026","01","24","04:00","","-17.9","","-23.7","","61","","0.0","","","","","","","","102.33","","","","","","NA"
"-79.40","43.67","TORONTO CITY","6158355","2026-01-24 05:00","2026","01","24","05:00","","-17.8","","-23.1","","63","","0.0","","","","","","","","102.36","","","","","","NA"
"-79.40","43.67","TORONTO CITY","6158355","2026-01-24 06:00","2026","01","24","06:00","","-17.6","","-23.0","","63","","0.0","","","","","","","","102.38","","","","","","NA"
"-79.40","43.67","TORONTO CITY","6158355","2026-01-24 07:00","2026","01","24","07:00","","-17.1","","-22.4","","64","","0.0","","","","","","","","102.40","","","","","","NA"
"-79.40","43.67","TORONTO CITY","6158355","2026-01-24 08:00","2026","01","24","08:00","","-16.5","","-21.2","","67","","0.0","","","","","","","","102.45","","","","","","NA"
"-79.40","43.67","TORONTO CITY","6158355","2026-01-24 09:00","2026","01","24","09:00","","-15.5","","-20.4","","66","","0.0","","","","","","","","102.47","","","","","","NA"
"-79.40","43.67","TORONTO CITY","6158355","2026-01-24 10:00","2026","01","24","10:00","","-14.0","","-19.3","","64","","0.0","","","","","","","","102.50","","","","","","NA"
"-79.40","43.67","TORONTO CITY","6158355","2026-01-24 11:00","2026","01","24","11:00","","-13.1","","-18.9","","62","","0.0","","","","","","","","102.53","","","","","","NA"
"-79.40","43.67","TORONTO CITY","6158355","2026-01-24 12:00","2026","01","24","12:00","","-11.3","","-17.4","","60","","0.0","","","","","","","","102.48","","","","","","NA"
"-79.40","43.67","TORONTO CITY","6158355","2026-01-24 13:00","2026","01","24","13:00","","-10.6","","-17.0","","59","","0.0","","","","","","","","102.45","","","","","","NA"
"-79.40","43.67","TORONTO CITY","6158355","2026-01-24 14:00","2026","01","24","14:00","","-10.6","","-16.6","","61","","0.0","","","","","","","","102.38","","","","","","NA"
"-79.40","43.67","TORONTO CITY","6158355","2026-01-24 15:00","2026","01","24","15:00","","-10.2","","-17.5","","55","","0.0","","","","","","","","102.40","","","","","","NA"
"-79.40","43.67","TORONTO CITY","6158355","2026-01-24 16:00","2026","01","24","16:00","","-10.6","","-15.2","","68","","0.0","","","","","","","","102.43","","","","","","NA"
"-79.40","43.67","TORONTO CITY","6158355","2026-01-24 17:00","2026","01","24","17:00","","-10.7","","-16.4","","63","","0.0","","","","","","","","102.39","","","","","","NA"
"-79.40","43.67","TORONTO CITY","6158355","2026-01-24 18:00","2026","01","24","18:00","","-10.9","","-16.2","","65","","0.0","","","","","","","","102.34","","","","","","NA"
"-79.40","43.67","TORONTO CITY","6158355","2026-01-24 19:00","2026","01","24","19:00","","-10.7","","-17.5","","57","","0.0","","","","","","","","102.29","","","","","","NA"
"-79.40","43.67","TORONTO CITY","6158355","2026-01-24 20:00","2026","01","24","20:00","","-10.7","","-17.9","","56","","0.0","","","","","","","","102.33","","","","","","NA"
"-79.40","43.67","TORONTO CITY","6158355","2026-01-24 21:00","2026","01","24","21:00","","-10.6","","-17.3","","57","","0.0","","","","","","","","102.28","","","","","","NA"
"-79.40","43.67","TORONTO CITY","6158355","2026-01-24 22:00","2026","01","24","22:00","","-10.6","","-16.4","","63","","0.0","","","","","","","","102.23","","","","","","NA"
"-79.40","43.67","TORONTO CITY","6158355","2026-01-24 23:00","2026","01","24","23:00","","-10.9","","-16.1","","65","","0.0","","","","","","","","102.18","","","","","","NA"
"-79.40","43.67","TORONTO CITY","6158355","2026-01-25 00:00","2026","01","25","00:00","","-11.2","","-16.5","","65","","0.0","","","","","","","","102.17","","","","","","NA"
"-79.40","43.67","TORONTO CITY","6158355","2026-01-25 01:00","2026","01","25","01:00","","-11.3","","-15.9","","69","","0.0","","","","","","","","102.09","","","","","","NA"
"-79.40","43.67","TORONTO CITY","6158355","2026-01-25 02:00","2026","01","25","02:00","","-11.4","","-15.5","","72","","0.0","","","","","","","","101.99","","","","","","NA"
"-79.40","43.67","TORONTO CITY","6158355","2026-01-25 03:00","2026","01","25","03:00","","-11.5","","-14.4","","79","","0.0","","","","","","","","101.91","","","","","","NA"
"-79.40","43.67","TORONTO CITY","6158355","2026-01-25 04:00","2026","01","25","04:00","","-11.8","","-14.5","","80","","0.1","","","","","","","","101.79","","","","","","NA"
"-79.40","43.67","TORONTO CITY","6158355","2026-01-25 05:00","2026","01","25","05:00","","-9.4","","-14.6","","66","","0.0","","","","","","","","101.71","","","","","","NA"
"-79.40","43.67","TORONTO CITY","6158355","2026-01-25 06:00","2026","01","25","06:00","","-8.7","","-15.7","","57","","0.0","","","","","","","","101.53","","","","","","NA"
"-79.40","43.67","TORONTO CITY","6158355","2026-01-25 07:00","2026","01","25","07:00","","-8.6","","-14.9","","61","","0.0","","","","","","","","101.43","","","","","","NA"
"-79.40","43.67","TORONTO CITY","6158355","2026-01-25 08:00","2026","01","25","08:00","","-8.8","","-12.5","","75","","0.0","","","","","","","","101.41","","","","","","NA"
"-79.40","43.67","TORONTO CITY","6158355","2026-01-25 09:00","2026","01","25","09:00","","-9.1","","-11.9","","80","","0.3","","","","","","","","101.28","","","","","","NA"
"-79.40","43.67","TORONTO CITY","6158355","2026-01-25 10:00","2026","01","25","10:00","","-8.7","","-11.3","","81","","0.3","","","","","","","","101.19","","","","","","NA"
"-79.40","43.67","TORONTO CITY","6158355","2026-01-25 11:00","2026","01","25","11:00","","-8.2","","-10.3","","85","","0.8","","","","","","","","101.02","","","","","","NA"
"-79.40","43.67","TORONTO CITY","6158355","2026-01-25 12:00","2026","01","25","12:00","","-11.0","","-13.1","","84","","1.0","","","","","","","","100.77","","","","","","NA"
"-79.40","43.67","TORONTO CITY","6158355","2026-01-25 13:00","2026","01","25","13:00","","-11.1","","-12.9","","86","","1.5","","","","","","","","100.62","","","","","","NA"
"-79.40","43.67","TORONTO CITY","6158355","2026-01-25 14:00","2026","01","25","14:00","","-10.2","","-11.9","","88","","1.7","","","","","","","","100.46","","","","","","NA"
"-79.40","43.67","TORONTO CITY","6158355","2026-01-25 15:00","2026","01","25","15:00","","-10.7","","-12.4","","87","","2.9","","","","","","","","100.35","","","","","","NA"
"-79.40","43.67","TORONTO CITY","6158355","2026-01-25 16:00","2026","01","25","16:00","","-11.6","","-13.4","","86","","2.4","","","","","","","","100.26","","","","","","NA"
"-79.40","43.67","TORONTO CITY","6158355","2026-01-25 17:00","2026","01","25","17:00","","-11.9","","-13.7","","87","","3.0","","","","","","","","100.17","","","","","","NA"
"-79.40","43.67","TORONTO CITY","6158355","2026-01-25 18:00","2026","01","25","18:00","","-11.9","","-13.7","","86","","2.5","","","","","","","","100.10","","","","","","NA"
"-79.40","43.67","TORONTO CITY","6158355","2026-01-25 19:00","2026","01","25","19:00","","-11.3","","-13.2","","86","","1.8","","","","","","","","100.04","","","","","","NA"
"-79.40","43.67","TORONTO CITY","6158355","2026-01-25 20:00","2026","01","25","20:00","","-11.7","","-13.7","","85","","1.2","","","","","","","","99.90","","","","","","NA"
"-79.40","43.67","TORONTO CITY","6158355","2026-01-25 21:00","2026","01","25","21:00","","-11.4","","-13.4","","85","","0.6","","","","","","","","99.84","","","","","","NA"
"-79.40","43.67","TORONTO CITY","6158355","2026-01-25 22:00","2026","01","25","22:00","","-11.9","","-14.2","","83","","0.4","","","","","","","","99.84","","","","","","NA"
"-79.40","43.67","TORONTO CITY","6158355","2026-01-25 23:00","2026","01","25","23:00","","-12.5","","-15.2","","80","","0.2","","","","","","","","99.78","","","","","","NA"
"-79.40","43.67","TORONTO CITY","6158355","2026-01-26 00:00","2026","01","26","00:00","","-12.8","","-15.7","","79","","0.0","","","","","","","","99.78","","","","","","NA"
"-79.40","43.67","TORONTO CITY","6158355","2026-01-26 01:00","2026","01","26","01:00","","-12.9","","-16.3","","76","","0.0","","","","","","","","99.82","","","","","","NA"
"-79.40","43.67","TORONTO CITY","6158355","2026-01-26 02:00","2026","01","26","02:00","","-13.2","","-16.4","","77","","0.0","","","","","","","","99.83","","","","","","NA"
"-79.40","43.67","TORONTO CITY","6158355","2026-01-26 03:00","2026","01","26","03:00","","-13.2","","-16.4","","77","","0.0","","","","","","","","99.82","","","","","","NA"
"-79.40","43.67","TORONTO CITY","6158355","2026-01-26 04:00","2026","01","26","04:00","","-13.1","","-15.9","","79","","0.0","","","","","","","","99.82","","","","","","NA"
"-79.40","43.67","TORONTO CITY","6158355","2026-01-26 05:00","2026","01","26","05:00","","-14.0","","-17.6","","74","","0.1","","","","","","","","99.87","","","","","","NA"
"-79.40","43.67","TORONTO CITY","6158355","2026-01-26 06:00","2026","01","26","06:00","","-14.1","","-17.7","","74","","0.0","","","","","","","","99.89","","","","","","NA"
"-79.40","43.67","TORONTO CITY","6158355","2026-01-26 07:00","2026","01","26","07:00","","-14.1","","-17.5","","75","","0.0","","","","","","","","99.93","","","","","","NA"
"-79.40","43.67","TORONTO CITY","6158355","2026-01-26 08:00","2026","01","26","08:00","","-13.9","","-17.2","","76","","0.0","","","","","","","","99.95","","","","","","NA"
"-79.40","43.67","TORONTO CITY","6158355","2026-01-26 09:00","2026","01","26","09:00","","-13.3","","-16.9","","74","","0.0","","","","","","","","99.96","","","","","","NA"
"-79.40","43.67","TORONTO CITY","6158355","2026-01-26 10:00","2026","01","26","10:00","","-12.0","","-16.3","","71","","0.0","","","","","","","","99.98","","","","","","NA"
"-79.40","43.67","TORONTO CITY","6158355","2026-01-26 11:00","2026","01","26","11:00","","-11.1","","-15.7","","69","","0.0","","","","","","","","100.01","","","","","","NA"
"-79.40","43.67","TORONTO CITY","6158355","2026-01-26 12:00","2026","01","26","12:00","","-9.8","","-15.0","","66","","0.0","","","","","","","","100.01","","","","","","NA"
"-79.40","43.67","TORONTO CITY","6158355","2026-01-26 13:00","2026","01","26","13:00","","-9.7","","-15.2","","64","","0.0","","","","","","","","99.98","","","","","","NA"
"-79.40","43.67","TORONTO CITY","6158355","2026-01-26 14:00","2026","01","26","14:00","","-8.9","","-15.8","","58","","0.0","","","","","","","","99.99","","","","","","NA"
"-79.40","43.67","TORONTO CITY","6158355","2026-01-26 15:00","2026","01","26","15:00","","-8.9","","-15.9","","57","","0.0","","","","","","","","100.02","","","","","","NA"
"-79.40","43.67","TORONTO CITY","6158355","2026-01-26 16:00","2026","01","26","16:00","","-9.1","","-15.7","","59","","0.0","","","","","","","","100.11","","","","","","NA"
"-79.40","43.67","TORONTO CITY","6158355","2026-01-26 17:00","2026","01","26","17:00","","-8.9","","-16.0","","56","","0.0","","","","","","","","100.17","","","","","","NA"
"-79.40","43.67","TORONTO CITY","6158355","2026-01-26 18:00","2026","01","26","18:00","","-10.1","","-16.1","","61","","0.0","","","","","","","","100.21","","","","","","NA"
"-79.40","43.67","TORONTO CITY","6158355","2026-01-26 19:00","2026","01","26","19:00","","-10.1","","-15.8","","63","","0.0","","","","","","","","100.25","","","","","","NA"
"-79.40","43.67","TORONTO CITY","6158355","2026-01-26 20:00","2026","01","26","20:00","","-10.2","","-16.1","","62","","0.0","","","","","","","","100.27","","","","","","NA"
"-79.40","43.67","TORONTO CITY","6158355","2026-01-26 21:00","2026","01","26","21:00","","-10.3","","-15.1","","68","","0.0","","","","","","","","100.25","","","","","","NA"
"-79.40","43.67","TORONTO CITY","6158355","2026-01-26 22:00","2026","01","26","22:00","","-10.1","","-15.7","","64","","0.0","","","","","","","","100.26","","","","","","NA"
"-79.40","43.67","TORONTO CITY","6158355","2026-01-26 23:00","2026","01","26","23:00","","-10.6","","-15.4","","68","","0.0","","","","","","","","100.26","","","","","","NA"
"-79.40","43.67","TORONTO CITY","6158355","2026-01-27 00:00","2026","01","27","00:00","","-10.2","","-14.2","","73","","0.0","","","","","","","","100.23","","","","","","NA"
"-79.40","43.67","TORONTO CITY","6158355","2026-01-27 01:00","2026","01","27","01:00","","-9.6","","-14.4","","68","","0.0","","","","","","","","100.19","","","","","","NA"
"-79.40","43.67","TORONTO CITY","6158355","2026-01-27 02:00","2026","01","27","02:00","","-9.7","","-15.8","","61","","0.0","","","","","","","","100.18","","","","","","NA"
"-79.40","43.67","TORONTO CITY","6158355","2026-01-27 03:00","2026","01","27","03:00","","-9.9","","-15.7","","63","","0.0","","","","","","","","100.11","","","","","","NA"
"-79.40","43.67","TORONTO CITY","6158355","2026-01-27 04:00","2026","01","27","04:00","","-10.5","","-15.2","","69","","0.0","","","","","","","","100.05","","","","","","NA"
"-79.40","43.67","TORONTO CITY","6158355","2026-01-27 05:00","2026","01","27","05:00","","-12.5","","-17.3","","67","","0.0","","","","","","","","99.95","","","","","","NA"
"-79.40","43.67","TORONTO CITY","6158355","2026-01-27 06:00","2026","01","27","06:00","","-12.9","","-16.9","","72","","0.0","","","","","","","","99.86","","","","","","NA"
"-79.40","43.67","TORONTO CITY","6158355","2026-01-27 07:00","2026","01","27","07:00","","-13.1","","-17.3","","71","","0.0","","","","","","","","99.83","","","","","","NA"
"-79.40","43.67","TORONTO CITY","6158355","2026-01-27 08:00","2026","01","27","08:00","","-13.2","","-16.9","","74","","0.0","","","","","","","","99.78","","","","","","NA"
"-79.40","43.67","TORONTO CITY","6158355","2026-01-27 09:00","2026","01","27","09:00","","-12.9","","-16.8","","73","","0.0","","","","","","","","99.73","","","","","","NA"
"-79.40","43.67","TORONTO CITY","6158355","2026-01-27 10:00","2026","01","27","10:00","","-12.2","","-16.9","","68","","0.0","","","","","","","","99.70","","","","","","NA"
"-79.40","43.67","TORONTO CITY","6158355","2026-01-27 11:00","2026","01","27","11:00","","-11.2","","-16.1","","67","","0.0","","","","","","","","99.70","","","","","","NA"
"-79.40","43.67","TORONTO CITY","6158355","2026-01-27 12:00","2026","01","27","12:00","","-10.1","","-15.7","","64","","0.0","","","","","","","","99.66","","","","","","NA"
"-79.40","43.67","TORONTO CITY","6158355","2026-01-27 13:00","2026","01","27","13:00","","-9.9","","-15.0","","66","","0.0","","","","","","","","99.64","","","","","","NA"
"-79.40","43.67","TORONTO CITY","6158355","2026-01-27 14:00","2026","01","27","14:00","","-9.1","","-15.1","","62","","0.0","","","","","","","","99.60","","","","","","NA"
"-79.40","43.67","TORONTO CITY","6158355","2026-01-27 15:00","2026","01","27","15:00","","-8.9","","-15.3","","60","","0.0","","","","","","","","99.63","","","","","","NA"
"-79.40","43.67","TORONTO CITY","6158355","2026-01-27 16:00","2026","01","27","16:00","","-8.8","","-14.6","","63","","0.0","","","","","","","","99.71","","","","","","NA"
"-79.40","43.67","TORONTO CITY","6158355","2026-01-27 17:00","2026","01","27","17:00","","-8.6","","-13.8","","66","","0.0","","","","","","","","99.77","","","","","","NA"
"-79.40","43.67","TORONTO CITY","6158355","2026-01-27 18:00","2026","01","27","18:00","","-8.6","","-14.3","","64","","0.0","","","","","","","","99.86","","","","","","NA"
"-79.40","43.67","TORONTO CITY","6158355","2026-01-27 19:00","2026","01","27","19:00","","-9.0","","-13.3","","71","","0.0","","","","","","","","99.97","","","","","","NA"
"-79.40","43.67","TORONTO CITY","6158355","2026-01-27 20:00","2026","01","27","20:00","","-8.9","","-12.6","","74","","0.0","","","","","","","","100.04","","","","","","NA"
"-79.40","43.67","TORONTO CITY","6158355","2026-01-27 21:00","2026","01","27","21:00","","-9.0","","-12.5","","76","","0.0","","","","","","","","100.10","","","","","","NA"
"-79.40","43.67","TORONTO CITY","6158355","2026-01-27 22:00","2026","01","27","22:00","","-8.5","","-10.7","","84","","0.0","","","","","","","","100.20","","","","","","NA"
"-79.40","43.67","TORONTO CITY","6158355","2026-01-27 23:00","2026","01","27","23:00","","-8.4","","-13.8","","65","","0.0","","","","","","","","100.27","","","","","","NA"
"-79.40","43.67","TORONTO CITY","6158355","2026-01-28 00:00","2026","01","28","00:00","","-9.2","","-15.3","","61","","0.0","","","","","","","","100.31","","","","","","NA"
"-79.40","43.67","TORONTO CITY","6158355","2026-01-28 01:00","2026","01","28","01:00","","-9.7","","-14.8","","66","","0.0","","","","","","","","100.35","","","","","","NA"
"-79.40","43.67","TORONTO CITY","6158355","2026-01-28 02:00","2026","01","28","02:00","","-9.4","","-14.7","","66","","0.0","","","","","","","","100.38","","","","","","NA"
"-79.40","43.67","TORONTO CITY","6158355","2026-01-28 03:00","2026","01","28","03:00","","-9.5","","-14.9","","65","","0.0","","","","","","","","100.38","","","","","","NA"
"-79.40","43.67","TORONTO CITY","6158355","2026-01-28 04:00","2026","01","28","04:00","","-9.7","","-15.0","","65","","0.0","","","","","","","","100.38","","","","","","NA"
"-79.40","43.67","TORONTO CITY","6158355","2026-01-28 05:00","2026","01","28","05:00","","-10.2","","-14.7","","70","","0.0","","","","","","","","100.36","","","","","","NA"
"-79.40","43.67","TORONTO CITY","6158355","2026-01-28 06:00","2026","01","28","06:00","","-10.3","","-14.4","","72","","0.0","","","","","","","","100.33","","","","","","NA"
"-79.40","43.67","TORONTO CITY","6158355","2026-01-28 07:00","2026","01","28","07:00","","-10.7","","-14.8","","72","","0.0","","","","","","","","100.35","","","","","","NA"
"-79.40","43.67","TORONTO CITY","6158355","2026-01-28 08:00","2026","01","28","08:00","","-11.1","","-14.8","","74","","0.0","","","","","","","","100.34","","","","","","NA"
"-79.40","43.67","TORONTO CITY","6158355","2026-01-28 09:00","2026","01","28","09:00","","-10.2","","-14.6","","70","","0.0","","","","","","","","100.36","","","","","","NA"
"-79.40","43.67","TORONTO CITY","6158355","2026-01-28 10:00","2026","01","28","10:00","","-9.3","","-15.1","","63","","0.0","","","","","","","","100.39","","","","","","NA"
"-79.40","43.67","TORONTO CITY","6158355","2026-01-28 11:00","2026","01","28","11:00","","-8.2","","-15.8","","55","","0.0","","","","","","","","100.39","","","","","","NA"
"-79.40","43.67","TORONTO CITY","6158355","2026-01-28 12:00","2026","01","28","12:00","","-8.7","","-16.1","","55","","0.0","","","","","","","","100.32","","","","","","NA"
"-79.40","43.67","TORONTO CITY","6158355","2026-01-28 13:00","2026","01","28","13:00","","-8.5","","-16.1","","54","","0.0","","","","","","","","100.23","","","","","","NA"
"-79.40","43.67","TORONTO CITY","6158355","2026-01-28 14:00","2026","01","28","14:00","","-8.7","","-17.4","","49","","0.0","","","","","","","","100.18","","","","","","NA"
"-79.40","43.67","TORONTO CITY","6158355","2026-01-28 15:00","2026","01","28","15:00","","-8.2","","-17.7","","47","","0.0","","","","","","","","100.13","","","","","","NA"
"-79.40","43.67","TORONTO CITY","6158355","2026-01-28 16:00","2026","01","28","16:00","","-8.7","","-16.9","","52","","0.0","","","","","","","","100.11","","","","","","NA"
"-79.40","43.67","TORONTO CITY","6158355","2026-01-28 17:00","2026","01","28","17:00","","-9.1","","-16.8","","53","","0.0","","","","","","","","100.13","","","","","","NA"
"-79.40","43.67","TORONTO CITY","6158355","2026-01-28 18:00","2026","01","28","18:00","","-9.4","","-15.9","","59","","0.0","","","","","","","","100.18","","","","","","NA"
"-79.40","43.67","TORONTO CITY","6158355","2026-01-28 19:00","2026","01","28","19:00","","-9.5","","-15.9","","60","","0.0","","","","","","","","100.21","","","","","","NA"
"-79.40","43.67","TORONTO CITY","6158355","2026-01-28 20:00","2026","01","28","20:00","","-9.8","","-15.4","","63","","0.0","","","","","","","","100.20","","","","","","NA"
"-79.40","43.67","TORONTO CITY","6158355","2026-01-28 21:00","2026","01","28","21:00","","-9.7","","-15.2","","64","","0.0","","","","","","","","100.17","","","","","","NA"
"-79.40","43.67","TORONTO CITY","6158355","2026-01-28 22:00","2026","01","28","22:00","","-10.4","","-14.8","","70","","0.0","","","","","","","","100.16","","","","","","NA"
"-79.40","43.67","TORONTO CITY","6158355","2026-01-28 23:00","2026","01","28","23:00","","-10.5","","-15.0","","69","","0.0","","","","","","","","100.15","","","","","","NA"
"-79.40","43.67","TORONTO CITY","6158355","2026-01-29 00:00","2026","01","29","00:00","","-11.0","","-14.9","","73","","0.0","","","","","","","","100.16","","","","","","NA"
"-79.40","43.67","TORONTO CITY","6158355","2026-01-29 01:00","2026","01","29","01:00","","-10.5","","-14.4","","73","","0.0","","","","","","","","100.16","","","","","","NA"
"-79.40","43.67","TORONTO CITY","6158355","2026-01-29 02:00","2026","01","29","02:00","","-11.0","","-14.6","","75","","0.0","","","","","","","","100.16","","","","","","NA"
"-79.40","43.67","TORONTO CITY","6158355","2026-01-29 03:00","2026","01","29","03:00","","-10.5","","-14.1","","75","","0.0","","","","","","","","100.18","","","","","","NA"
"-79.40","43.67","TORONTO CITY","6158355","2026-01-29 04:00","2026","01","29","04:00","","-11.0","","-14.7","","74","","0.0","","","","","","","","100.19","","","","","","NA"
"-79.40","43.67","TORONTO CITY","6158355","2026-01-29 05:00","2026","01","29","05:00","","-11.3","","-14.9","","75","","0.0","","","","","","","","100.26","","","","","","NA"
"-79.40","43.67","TORONTO CITY","6158355","2026-01-29 06:00","2026","01","29","06:00","","-11.2","","-14.5","","77","","0.0","","","","","","","","100.33","","","","","","NA"
"-79.40","43.67","TORONTO CITY","6158355","2026-01-29 07:00","2026","01","29","07:00","","-11.6","","-14.9","","77","","0.0","","","","","","","","100.42","","","","","","NA"
"-79.40","43.67","TORONTO CITY","6158355","2026-01-29 08:00","2026","01","29","08:00","","-12.4","","-16.2","","73","","0.0","","","","","","","","100.53","","","","","","NA"
"-79.40","43.67","TORONTO CITY","6158355","2026-01-29 09:00","2026","01","29","09:00","","-13.1","","-17.2","","71","","0.0","","","","","","","","100.64","","","","","","NA"
"-79.40","43.67","TORONTO CITY","6158355","2026-01-29 10:00","2026","01","29","10:00","","-11.8","","-17.8","","61","","0.0","","","","","","","","100.72","","","","","","NA"
"-79.40","43.67","TORONTO CITY","6158355","2026-01-29 11:00","2026","01","29","11:00","","-11.4","","-19.3","","52","","0.0","","","","","","","","100.80","","","","","","NA"
"-79.40","43.67","TORONTO CITY","6158355","2026-01-29 12:00","2026","01","29","12:00","","-11.5","","-19.9","","50","","0.0","","","","","","","","100.83","","","","","","NA"
"-79.40","43.67","TORONTO CITY","6158355","2026-01-29 13:00","2026","01","29","13:00","","-11.7","","-20.5","","48","","0.0","","","","","","","","100.85","","","","","","NA"
"-79.40","43.67","TORONTO CITY","6158355","2026-01-29 14:00","2026","01","29","14:00","","-12.3","","-20.9","","49","","0.0","","","","","","","","100.86","","","","","","NA"
"-79.40","43.67","TORONTO CITY","6158355","2026-01-29 15:00","2026","01","29","15:00","","-12.7","","-20.3","","53","","0.0","","","","","","","","100.90","","","","","","NA"
"-79.40","43.67","TORONTO CITY","6158355","2026-01-29 16:00","2026","01","29","16:00","","-12.7","","-20.5","","52","","0.0","","","","","","","","100.94","","","","","","NA"
"-79.40","43.67","TORONTO CITY","6158355","2026-01-29 17:00","2026","01","29","17:00","","-13.4","","-20.2","","56","","0.0","","","","","","","","101.00","","","","","","NA"
"-79.40","43.67","TORONTO CITY","6158355","2026-01-29 18:00","2026","01","29","18:00","","-13.5","","-20.5","","55","","0.0","","","","","","","","101.05","","","","","","NA"
"-79.40","43.67","TORONTO CITY","6158355","2026-01-29 19:00","2026","01","29","19:00","","-13.8","","-20.2","","58","","0.0","","","","","","","","101.11","","","","","","NA"
"-79.40","43.67","TORONTO CITY","6158355","2026-01-29 20:00","2026","01","29","20:00","","-14.4","","-20.8","","58","","0.0","","","","","","","","101.12","","","","","","NA"
"-79.40","43.67","TORONTO CITY","6158355","2026-01-29 21:00","2026","01","29","21:00","","-15.0","","-19.8","","67","","0.0","","","","","","","","101.15","","","","","","NA"
"-79.40","43.67","TORONTO CITY","6158355","2026-01-29 22:00","2026","01","29","22:00","","-15.9","","-20.1","","71","","0.0","","","","","","","","101.16","","","","","","NA"
"-79.40","43.67","TORONTO CITY","6158355","2026-01-29 23:00","2026","01","29","23:00","","-16.0","","-20.2","","70","","0.0","","","","","","","","101.18","","","","","","NA"
"-79.40","43.67","TORONTO CITY","6158355","2026-01-30 00:00","2026","01","30","00:00","","-16.6","","-21.5","","66","","0.0","","","","","","","","101.19","","","","","","NA"
"-79.40","43.67","TORONTO CITY","6158355","2026-01-30 01:00","2026","01","30","01:00","","-17.4","","-22.7","","63","","0.0","","","","","","","","101.21","","","","","","NA"
"-79.40","43.67","TORONTO CITY","6158355","2026-01-30 02:00","2026","01","30","02:00","","-17.8","","-22.0","","70","","0.0","","","","","","","","101.23","","","","","","NA"
"-79.40","43.67","TORONTO CITY","6158355","2026-01-30 03:00","2026","01","30","03:00","","-17.9","","-22.2","","69","","0.0","","","","","","","","101.20","","","","","","NA"
"-79.40","43.67","TORONTO CITY","6158355","2026-01-30 04:00","2026","01","30","04:00","","-18.0","","-22.7","","66","","0.0","","","","","","","","101.17","","","","","","NA"
"-79.40","43.67","TORONTO CITY","6158355","2026-01-30 05:00","2026","01","30","05:00","","-18.5","","-22.9","","68","","0.0","","","","","","","","101.18","","","","","","NA"
"-79.40","43.67","TORONTO CITY","6158355","2026-01-30 06:00","2026","01","30","06:00","","-18.9","","-23.4","","67","","0.0","","","","","","","","101.15","","","","","","NA"
"-79.40","43.67","TORONTO CITY","6158355","2026-01-30 07:00","2026","01","30","07:00","","-19.1","","-23.8","","66","","0.0","","","","","","","","101.17","","","","","","NA"
"-79.40","43.67","TORONTO CITY","6158355","2026-01-30 08:00","2026","01","30","08:00","","-18.9","","-22.7","","72","","0.0","","","","","","","","101.21","","","","","","NA"
"-79.40","43.67","TORONTO CITY","6158355","2026-01-30 09:00","2026","01","30","09:00","","-17.5","","-22.0","","68","","0.0","","","","","","","","101.22","","","","","","NA"
"-79.40","43.67","TORONTO CITY","6158355","2026-01-30 10:00","2026","01","30","10:00","","-16.3","","-21.3","","65","","0.0","","","","","","","","101.21","","","","","","NA"
"-79.40","43.67","TORONTO CITY","6158355","2026-01-30 11:00","2026","01","30","11:00","","-14.3","","-20.1","","62","","0.0","","","","","","","","101.23","","","","","","NA"
"-79.40","43.67","TORONTO CITY","6158355","2026-01-30 12:00","2026","01","30","12:00","","-12.3","","-18.8","","59","","0.0","","","","","","","","101.16","","","","","","NA"
"-79.40","43.67","TORONTO CITY","6158355","2026-01-30 13:00","2026","01","30","13:00","","-11.6","","-20.4","","48","","0.0","","","","","","","","101.07","","","","","","NA"
"-79.40","43.67","TORONTO CITY","6158355","2026-01-30 14:00","2026","01","30","14:00","","-10.5","","-20.3","","44","","0.0","","","","","","","","101.03","","","","","","NA"
"-79.40","43.67","TORONTO CITY","6158355","2026-01-30 15:00","2026","01","30","15:00","","-9.7","","-19.0","","46","","0.0","","","","","","","","100.99","","","","","","NA"
"-79.40","43.67","TORONTO CITY","6158355","2026-01-30 16:00","2026","01","30","16:00","","-9.7","","-18.5","","48","","0.0","","","","","","","","100.99","","","","","","NA"
"-79.40","43.67","TORONTO CITY","6158355","2026-01-30 17:00","2026","01","30","17:00","","-9.5","","-17.5","","52","","0.0","","","","","","","","100.99","","","","","","NA"
"-79.40","43.67","TORONTO CITY","6158355","2026-01-30 18:00","2026","01","30","18:00","","-9.9","","-15.7","","62","","0.0","","","","","","","","101.00","","","","","","NA"
"-79.40","43.67","TORONTO CITY","6158355","2026-01-30 19:00","2026","01","30","19:00","","-10.1","","-15.7","","64","","0.0","","","","","","","","101.01","","","","","","NA"
"-79.40","43.67","TORONTO CITY","6158355","2026-01-30 20:00","2026","01","30","20:00","","-10.2","","-15.5","","65","","0.0","","","","","","","","100.99","","","","","","NA"
"-79.40","43.67","TORONTO CITY","6158355","2026-01-30 21:00","2026","01","30","21:00","","-10.0","","-15.3","","65","","0.0","","","","","","","","100.98","","","","","","NA"
"-79.40","43.67","TORONTO CITY","6158355","2026-01-30 22:00","2026","01","30","22:00","","-11.5","","-16.3","","68","","0.0","","","","","","","","101.03","","","","","","NA"
"-79.40","43.67","TORONTO CITY","6158355","2026-01-30 23:00","2026","01","30","23:00","","-12.1","","-16.7","","69","","0.0","","","","","","","","101.04","","","","","","NA"
"-79.40","43.67","TORONTO CITY","6158355","2026-01-31 00:00","2026","01","31","00:00","","-13.0","","-16.9","","73","","0.0","","","","","","","","101.05","","","","","","NA"
"-79.40","43.67","TORONTO CITY","6158355","2026-01-31 01:00","2026","01","31","01:00","","-14.0","","-18.0","","72","","0.1","","","","","","","","101.06","","","","","","NA"
"-79.40","43.67","TORONTO CITY","6158355","2026-01-31 02:00","2026","01","31","02:00","","-14.0","","-18.2","","71","","0.0","","","","","","","","101.07","","","","","","NA"
"-79.40","43.67","TORONTO CITY","6158355","2026-01-31 03:00","2026","01","31","03:00","","-14.1","","-18.1","","72","","0.0","","","","","","","","101.10","","","","","","NA"
"-79.40","43.67","TORONTO CITY","6158355","2026-01-31 04:00","2026","01","31","04:00","","-14.3","","-18.9","","68","","0.0","","","","","","","","101.10","","","","","","NA"
"-79.40","43.67","TORONTO CITY","6158355","2026-01-31 05:00","2026","01","31","05:00","","-14.5","","-18.9","","69","","0.0","","","","","","","","101.08","","","","","","NA"
"-79.40","43.67","TORONTO CITY","6158355","2026-01-31 06:00","2026","01","31","06:00","","-14.8","","-19.7","","66","","0.0","","","","","","","","101.11","","","","","","NA"
"-79.40","43.67","TORONTO CITY","6158355","2026-01-31 07:00","2026","01","31","07:00","","-15.3","","-19.9","","68","","0.0","","","","","","","","101.11","","","","","","NA"
"-79.40","43.67","TORONTO CITY","6158355","2026-01-31 08:00","2026","01","31","08:00","","-14.6","","-18.8","","70","","0.0","","","","","","","","101.13","","","","","","NA"
"-79.40","43.67","TORONTO CITY","6158355","2026-01-31 09:00","2026","01","31","09:00","","-14.2","","-18.7","","69","","0.0","","","","","","","","101.17","","","","","","NA"
"-79.40","43.67","TORONTO CITY","6158355","2026-01-31 10:00","2026","01","31","10:00","","-12.7","","-19.0","","59","","0.0","","","","","","","","101.18","","","","","","NA"
"-79.40","43.67","TORONTO CITY","6158355","2026-01-31 11:00","2026","01","31","11:00","","-11.9","","-19.8","","52","","0.0","","","","","","","","101.19","","","","","","NA"
"-79.40","43.67","TORONTO CITY","6158355","2026-01-31 12:00","2026","01","31","12:00","","-11.4","","-18.7","","55","","0.0","","","","","","","","101.15","","","","","","NA"
"-79.40","43.67","TORONTO CITY","6158355","2026-01-31 13:00","2026","01","31","13:00","","-9.7","","-17.9","","51","","0.0","","","","","","","","101.08","","","","","","NA"
"-79.40","43.67","TORONTO CITY","6158355","2026-01-31 14:00","2026","01","31","14:00","","-9.8","","-17.6","","53","","0.0","","","","","","","","101.01","","","","","","NA"
"-79.40","43.67","TORONTO CITY","6158355","2026-01-31 15:00","2026","01","31","15:00","","-9.8","","-16.5","","58","","0.0","","","","","","","","101.01","","","","","","NA"
"-79.40","43.67","TORONTO CITY","6158355","2026-01-31 16:00","2026","01","31","16:00","","-9.6","","-16.2","","59","","0.0","","","","","","","","101.01","","","","","","NA"
"-79.40","43.67","TORONTO CITY","6158355","2026-01-31 17:00","2026","01","31","17:00","","-9.7","","-15.6","","62","","0.0","","","","","","","","101.02","","","","","","NA"
"-79.40","43.67","TORONTO CITY","6158355","2026-01-31 18:00","2026","01","31","18:00","","-10.4","","-16.0","","64","","0.0","","","","","","","","101.05","","","","","","NA"
"-79.40","43.67","TORONTO CITY","6158355","2026-01-31 19:00","2026","01","31","19:00","","-11.1","","-15.8","","69","","0.0","","","","","","","","101.10","","","","","","NA"
"-79.40","43.67","TORONTO CITY","6158355","2026-01-31 20:00","2026","01","31","20:00","","-11.1","","-15.2","","71","","0.0","","","","","","","","101.09","","","","","","NA"
"-79.40","43.67","TORONTO CITY","6158355","2026-01-31 21:00","2026","01","31","21:00","","-11.3","","-15.3","","72","","0.0","","","","","","","","101.07","","","","","","NA"
"-79.40","43.67","TORONTO CITY","6158355","2026-01-31 22:00","2026","01","31","22:00","","-11.3","","-16.0","","68","","0.0","","","","","","","","101.01","","","","","","NA"
"-79.40","43.67","TORONTO CITY","6158355","2026-01-31 23:00","2026","01","31","23:00","","-11.1","","-16.8","","63","","0.0","","","","","","","","100.97","","","","","","NA"
