"Longitude (x)","Latitude (y)","Station Name","Climate ID","Date/Time (LST)","Year","Month","Day","Time (LST)","Flag","Temp (°C)","Temp Flag","Dew Point Temp (°C)","Dew Point Temp Flag","Rel Hum (%)","Rel Hum Flag","Precip. Amount (mm)","Precip. Amount Flag","Wind Dir (10s deg)","Wind Dir Flag","Wind Spd (km/h)","Wind Spd Flag","Visibility (km)","Visibility Flag","Stn Press (kPa)","Stn Press Flag","Hmdx","Hmdx Flag","Wind Chill","Wind Chill Flag","Weather"
"-79.40","43.67","TORONTO CITY","6158355","2026-03-01 00:00","2026","03","01","00:00","","-6.2","","-9.0","","81","","0.3","","","","","","","","101.09","","","","","","NA"
"-79.40","43.67","TORONTO CITY","6158355","2026-03-01 01:00","2026","03","01","01:00","","-5.7","","-9.7","","74","","0.1","","","","","","","","101.08","","","","","","NA"
"-79.40","43.67","TORONTO CITY","6158355","2026-03-01 02:00","2026","03","01","02:00","","-5.6","","-11.2","","64","","0.1","","","","","","","","101.11","","","","","","NA"
"-79.40","43.67","TORONTO CITY","6158355","2026-03-01 03:00","2026","03","01","03:00","","-5.5","","-12.4","","58","","0.0","","","","","","","","101.17","","","","","","NA"
"-79.40","43.67","TORONTO CITY","6158355","2026-03-01 04:00","2026","03","01","04:00","","-5.9","","-12.3","","61","","0.0","","","","","","","","101.21","","","","","","NA"
"-79.40","43.67","TORONTO CITY","6158355","2026-03-01 05:00","2026","03","01","05:00","","-6.6","","-12.7","","62","","0.0","","","","","","","","101.29","","","","","","NA"
"-79.40","43.67","TORONTO CITY","6158355","2026-03-01 06:00","2026","03","01","06:00","","-7.3","","-13.1","","63","","0.0","","","","","","","","101.33","","","","","","NA"
"-79.40","43.67","TORONTO CITY","6158355","2026-03-01 07:00","2026","03","01","07:00","","-7.9","","-13.3","","65","","0.0","","","","","","","","101.41","","","","","","NA"
"-79.40","43.67","TORONTO CITY","6158355","2026-03-01 08:00","2026","03","01","08:00","","-8.5","","-14.0","","64","","0.0","","","","","","","","101.52","","","","","","NA"
"-79.40","43.67","TORONTO CITY","6158355","2026-03-01 09:00","2026","03","01","09:00","","-7.9","","-15.2","","56","","0.0","","","","","","","","101.61","","","","","","NA"
"-79.40","43.67","TORONTO CITY","6158355","2026-03-01 10:00","2026","03","01","10:00","","-7.9","","-17.2","","47","","0.0","","","","","","","","101.69","","","","","","NA"
"-79.40","43.67","TORONTO CITY","6158355","2026-03-01 11:00","2026","03","01","11:00","","-6.6","","-16.7","","44","","0.0","","","","","","","","101.76","","","","","","NA"
"-79.40","43.67","TORONTO CITY","6158355","2026-03-01 12:00","2026","03","01","12:00","","-5.9","","-17.4","","40","","0.0","","","","","","","","101.80","","","","","","NA"
"-79.40","43.67","TORONTO CITY","6158355","2026-03-01 13:00","2026","03","01","13:00","","-5.9","","-18.4","","37","","0.0","","","","","","","","101.82","","","","","","NA"
"-79.40","43.67","TORONTO CITY","6158355","2026-03-01 14:00","2026","03","01","14:00","","-5.8","","-18.6","","36","","0.0","","","","","","","","101.81","","","","","","NA"
"-79.40","43.67","TORONTO CITY","6158355","2026-03-01 15:00","2026","03","01","15:00","","-6.7","","-19.0","","37","","0.0","","","","","","","","101.86","","","","","","NA"
"-79.40","43.67","TORONTO CITY","6158355","2026-03-01 16:00","2026","03","01","16:00","","-6.8","","-18.1","","40","","0.0","","","","","","","","101.87","","","","","","NA"
"-79.40","43.67","TORONTO CITY","6158355","2026-03-01 17:00","2026","03","01","17:00","","-7.1","","-17.5","","43","","0.0","","","","","","","","101.92","","","","","","NA"
"-79.40","43.67","TORONTO CITY","6158355","2026-03-01 18:00","2026","03","01","18:00","","-7.7","","-16.7","","48","","0.0","","","","","","","","101.96","","","","","","NA"
"-79.40","43.67","TORONTO CITY","6158355","2026-03-01 19:00","2026","03","01","19:00","","-8.7","","-17.6","","49","","0.0","","","","","","","","102.03","","","","","","NA"
"-79.40","43.67","TORONTO CITY","6158355","2026-03-01 20:00","2026","03","01","20:00","","-9.3","","-17.6","","51","","0.0","","","","","","","","102.07","","","","","","NA"
"-79.40","43.67","TORONTO CITY","6158355","2026-03-01 21:00","2026","03","01","21:00","","-10.3","","-17.4","","56","","0.0","","","","","","","","102.15","","","","","","NA"
"-79.40","43.67","TORONTO CITY","6158355","2026-03-01 22:00","2026","03","01","22:00","","-10.9","","-17.3","","59","","0.0","","","","","","","","102.17","","","","","","NA"
"-79.40","43.67","TORONTO CITY","6158355","2026-03-01 23:00","2026","03","01","23:00","","-11.2","","-16.9","","63","","0.0","","","","","","","","102.18","","","","","","NA"
"-79.40","43.67","TORONTO CITY","6158355","2026-03-02 00:00","2026","03","02","00:00","","-11.0","","-16.7","","63","","0.0","","","","","","","","102.19","","","","","","NA"
"-79.40","43.67","TORONTO CITY","6158355","2026-03-02 01:00","2026","03","02","01:00","","-11.1","","-16.6","","64","","0.0","","","","","","","","102.22","","","","","","NA"
"-79.40","43.67","TORONTO CITY","6158355","2026-03-02 02:00","2026","03","02","02:00","","-11.2","","-16.5","","65","","0.0","","","","","","","","102.26","","","","","","NA"
"-79.40","43.67","TORONTO CITY","6158355","2026-03-02 03:00","2026","03","02","03:00","","-11.2","","-17.8","","58","","0.0","","","","","","","","102.24","","","","","","NA"
"-79.40","43.67","TORONTO CITY","6158355","2026-03-02 04:00","2026","03","02","04:00","","-11.3","","-18.1","","57","","0.0","","","","","","","","102.20","","","","","","NA"
"-79.40","43.67","TORONTO CITY","6158355","2026-03-02 05:00","2026","03","02","05:00","","-10.8","","-18.3","","54","","0.0","","","","","","","","102.19","","","","","","NA"
"-79.40","43.67","TORONTO CITY","6158355","2026-03-02 06:00","2026","03","02","06:00","","-11.0","","-18.5","","54","","0.0","","","","","","","","102.30","","","","","","NA"
"-79.40","43.67","TORONTO CITY","6158355","2026-03-02 07:00","2026","03","02","07:00","","-11.3","","-17.9","","58","","0.0","","","","","","","","102.33","","","","","","NA"
"-79.40","43.67","TORONTO CITY","6158355","2026-03-02 08:00","2026","03","02","08:00","","-10.6","","-18.0","","54","","0.0","","","","","","","","102.39","","","","","","NA"
"-79.40","43.67","TORONTO CITY","6158355","2026-03-02 09:00","2026","03","02","09:00","","-8.5","","-16.7","","52","","0.0","","","","","","","","102.48","","","","","","NA"
"-79.40","43.67","TORONTO CITY","6158355","2026-03-02 10:00","2026","03","02","10:00","","-5.9","","-16.3","","44","","0.0","","","","","","","","102.44","","","","","","NA"
"-79.40","43.67","TORONTO CITY","6158355","2026-03-02 11:00","2026","03","02","11:00","","-5.7","","-15.4","","46","","0.0","","","","","","","","102.39","","","","","","NA"
"-79.40","43.67","TORONTO CITY","6158355","2026-03-02 12:00","2026","03","02","12:00","","-4.3","","-16.2","","39","","0.0","","","","","","","","102.31","","","","","","NA"
"-79.40","43.67","TORONTO CITY","6158355","2026-03-02 13:00","2026","03","02","13:00","","-4.8","","-14.5","","46","","0.0","","","","","","","","102.24","","","","","","NA"
"-79.40","43.67","TORONTO CITY","6158355","2026-03-02 14:00","2026","03","02","14:00","","-4.0","","-15.5","","41","","0.0","","","","","","","","102.14","","","","","","NA"
"-79.40","43.67","TORONTO CITY","6158355","2026-03-02 15:00","2026","03","02","15:00","","-4.7","","-15.0","","44","","0.0","","","","","","","","102.08","","","","","","NA"
"-79.40","43.67","TORONTO CITY","6158355","2026-03-02 16:00","2026","03","02","16:00","","-5.1","","-15.4","","44","","0.0","","","","","","","","102.05","","","","","","NA"
"-79.40","43.67","TORONTO CITY","6158355","2026-03-02 17:00","2026","03","02","17:00","","-4.8","","-18.1","","35","","0.0","","","","","","","","101.96","","","","","","NA"
"-79.40","43.67","TORONTO CITY","6158355","2026-03-02 18:00","2026","03","02","18:00","","-4.9","","-16.0","","41","","0.0","","","","","","","","101.92","","","","","","NA"
"-79.40","43.67","TORONTO CITY","6158355","2026-03-02 19:00","2026","03","02","19:00","","-4.7","","-14.0","","48","","0.0","","","","","","","","101.91","","","","","","NA"
"-79.40","43.67","TORONTO CITY","6158355","2026-03-02 20:00","2026","03","02","20:00","","-4.4","","-11.8","","56","","0.0","","","","","","","","101.86","","","","","","NA"
"-79.40","43.67","TORONTO CITY","6158355","2026-03-02 21:00","2026","03","02","21:00","","-4.0","","-10.4","","61","","0.0","","","","","","","","101.82","","","","","","NA"
"-79.40","43.67","TORONTO CITY","6158355","2026-03-02 22:00","2026","03","02","22:00","","-3.8","","-9.1","","67","","0.0","","","","","","","","101.73","","","","","","NA"
"-79.40","43.67","TORONTO CITY","6158355","2026-03-02 23:00","2026","03","02","23:00","","-2.8","","-7.6","","70","","0.0","","","","","","","","101.71","","","","","","NA"
"-79.40","43.67","TORONTO CITY","6158355","2026-03-03 00:00","2026","03","03","00:00","","-2.6","","-7.7","","68","","0.0","","","","","","","","101.65","","","","","","NA"
"-79.40","43.67","TORONTO CITY","6158355","2026-03-03 01:00","2026","03","03","01:00","","-2.5","","-7.3","","69","","0.0","","","","","","","","101.54","","","","","","NA"
"-79.40","43.67","TORONTO CITY","6158355","2026-03-03 02:00","2026","03","03","02:00","","-2.8","","-7.4","","71","","0.0","","","","","","","","101.53","","","","","","NA"
"-79.40","43.67","TORONTO CITY","6158355","2026-03-03 03:00","2026","03","03","03:00","","-3.7","","-7.7","","74","","0.0","","","","","","","","101.45","","","","","","NA"
"-79.40","43.67","TORONTO CITY","6158355","2026-03-03 04:00","2026","03","03","04:00","","-4.2","","-8.0","","75","","0.0","","","","","","","","101.42","","","","","","NA"
"-79.40","43.67","TORONTO CITY","6158355","2026-03-03 05:00","2026","03","03","05:00","","-4.0","","-7.5","","77","","0.0","","","","","","","","101.34","","","","","","NA"
"-79.40","43.67","TORONTO CITY","6158355","2026-03-03 06:00","2026","03","03","06:00","","-3.6","","-6.8","","79","","0.0","","","","","","","","101.35","","","","","","NA"
"-79.40","43.67","TORONTO CITY","6158355","2026-03-03 07:00","2026","03","03","07:00","","-3.5","","-6.5","","79","","0.0","","","","","","","","101.34","","","","","","NA"
"-79.40","43.67","TORONTO CITY","6158355","2026-03-03 08:00","2026","03","03","08:00","","-3.1","","-6.6","","77","","0.0","","","","","","","","101.32","","","","","","NA"
"-79.40","43.67","TORONTO CITY","6158355","2026-03-03 09:00","2026","03","03","09:00","","-2.0","","-5.4","","78","","0.0","","","","","","","","101.29","","","","","","NA"
"-79.40","43.67","TORONTO CITY","6158355","2026-03-03 10:00","2026","03","03","10:00","","-0.2","","-4.1","","75","","0.0","","","","","","","","101.25","","","","","","NA"
"-79.40","43.67","TORONTO CITY","6158355","2026-03-03 11:00","2026","03","03","11:00","","1.6","","-4.1","","66","","0.0","","","","","","","","101.15","","","","","","NA"
"-79.40","43.67","TORONTO CITY","6158355","2026-03-03 12:00","2026","03","03","12:00","","1.5","","-4.9","","62","","0.0","","","","","","","","101.08","","","","","","NA"
"-79.40","43.67","TORONTO CITY","6158355","2026-03-03 13:00","2026","03","03","13:00","","2.2","","-5.5","","57","","0.0","","","","","","","","100.98","","","","","","NA"
"-79.40","43.67","TORONTO CITY","6158355","2026-03-03 14:00","2026","03","03","14:00","","1.7","","-3.8","","66","","0.0","","","","","","","","100.86","","","","","","NA"
"-79.40","43.67","TORONTO CITY","6158355","2026-03-03 15:00","2026","03","03","15:00","","1.5","","-3.0","","72","","0.0","","","","","","","","100.81","","","","","","NA"
"-79.40","43.67","TORONTO CITY","6158355","2026-03-03 16:00","2026","03","03","16:00","","1.1","","-2.5","","77","","0.0","","","","","","","","100.76","","","","","","NA"
"-79.40","43.67","TORONTO CITY","6158355","2026-03-03 17:00","2026","03","03","17:00","","1.0","","-1.9","","81","","0.0","","","","","","","","100.72","","","","","","NA"
"-79.40","43.67","TORONTO CITY","6158355","2026-03-03 18:00","2026","03","03","18:00","","1.1","","-2.2","","79","","0.0","","","","","","","","100.70","","","","","","NA"
"-79.40","43.67","TORONTO CITY","6158355","2026-03-03 19:00","2026","03","03","19:00","","1.3","","-2.2","","77","","0.0","","","","","","","","100.74","","","","","","NA"
"-79.40","43.67","TORONTO CITY","6158355","2026-03-03 20:00","2026","03","03","20:00","","1.5","","-2.3","","76","","0.0","","","","","","","","100.76","","","","","","NA"
"-79.40","43.67","TORONTO CITY","6158355","2026-03-03 21:00","2026","03","03","21:00","","1.9","","-3.1","","69","","0.0","","","","","","","","100.75","","","","","","NA"
"-79.40","43.67","TORONTO CITY","6158355","2026-03-03 22:00","2026","03","03","22:00","","1.9","","-2.8","","71","","0.0","","","","","","","","100.82","","","","","","NA"
"-79.40","43.67","TORONTO CITY","6158355","2026-03-03 23:00","2026","03","03","23:00","","1.1","","-2.9","","74","","0.0","","","","","","","","100.86","","","","","","NA"
"-79.40","43.67","TORONTO CITY","6158355","2026-03-04 00:00","2026","03","04","00:00","","0.3","","-3.1","","78","","0.0","","","","","","","","100.85","","","","","","NA"
"-79.40","43.67","TORONTO CITY","6158355","2026-03-04 01:00","2026","03","04","01:00","","0.5","","-2.7","","79","","0.0","","","","","","","","100.87","","","","","","NA"
"-79.40","43.67","TORONTO CITY","6158355","2026-03-04 02:00","2026","03","04","02:00","","-0.5","","-2.9","","84","","0.0","","","","","","","","100.90","","","","","","NA"
"-79.40","43.67","TORONTO CITY","6158355","2026-03-04 03:00","2026","03","04","03:00","","0.0","","-2.4","","84","","0.0","","","","","","","","100.93","","","","","","NA"
"-79.40","43.67","TORONTO CITY","6158355","2026-03-04 04:00","2026","03","04","04:00","","0.0","","-2.8","","81","","0.0","","","","","","","","100.95","","","","","","NA"
"-79.40","43.67","TORONTO CITY","6158355","2026-03-04 05:00","2026","03","04","05:00","","0.6","","-3.8","","72","","0.0","","","","","","","","100.99","","","","","","NA"
"-79.40","43.67","TORONTO CITY","6158355","2026-03-04 06:00","2026","03","04","06:00","","0.4","","-3.8","","73","","0.0","","","","","","","","101.04","","","","","","NA"
"-79.40","43.67","TORONTO CITY","6158355","2026-03-04 07:00","2026","03","04","07:00","","-1.3","","-4.2","","80","","0.0","","","","","","","","101.13","","","","","","NA"
"-79.40","43.67","TORONTO CITY","6158355","2026-03-04 08:00","2026","03","04","08:00","","0.0","","-3.4","","78","","0.0","","","","","","","","101.16","","","","","","NA"
"-79.40","43.67","TORONTO CITY","6158355","2026-03-04 09:00","2026","03","04","09:00","","2.8","","-3.3","","64","","0.0","","","","","","","","101.18","","","","","","NA"
"-79.40","43.67","TORONTO CITY","6158355","2026-03-04 10:00","2026","03","04","10:00","","5.6","","-4.6","","48","","0.0","","","","","","","","101.19","","","","","","NA"
"-79.40","43.67","TORONTO CITY","6158355","2026-03-04 11:00","2026","03","04","11:00","","6.1","","-5.6","","43","","0.0","","","","","","","","101.16","","","","","","NA"
"-79.40","43.67","TORONTO CITY","6158355","2026-03-04 12:00","2026","03","04","12:00","","5.3","","-3.6","","53","","0.0","","","","","","","","101.13","","","","","","NA"
"-79.40","43.67","TORONTO CITY","6158355","2026-03-04 13:00","2026","03","04","13:00","","6.2","","-4.1","","48","","0.0","","","","","","","","101.06","","","","","","NA"
"-79.40","43.67","TORONTO CITY","6158355","2026-03-04 14:00","2026","03","04","14:00","","7.9","","-3.7","","44","","0.0","","","","","","","","100.96","","","","","","NA"
"-79.40","43.67","TORONTO CITY","6158355","2026-03-04 15:00","2026","03","04","15:00","","7.4","","-5.0","","41","","0.0","","","","","","","","100.93","","","","","","NA"
"-79.40","43.67","TORONTO CITY","6158355","2026-03-04 16:00","2026","03","04","16:00","","7.3","","-6.7","","36","","0.0","","","","","","","","100.87","","","","","","NA"
"-79.40","43.67","TORONTO CITY","6158355","2026-03-04 17:00","2026","03","04","17:00","","7.3","","-10.2","","28","","0.0","","","","","","","","100.83","","","","","","NA"
"-79.40","43.67","TORONTO CITY","6158355","2026-03-04 18:00","2026","03","04","18:00","","6.5","","-9.4","","31","","0.0","","","","","","","","100.86","","","","","","NA"
"-79.40","43.67","TORONTO CITY","6158355","2026-03-04 19:00","2026","03","04","19:00","","5.0","","-5.1","","48","","0.0","","","","","","","","100.90","","","","","","NA"
"-79.40","43.67","TORONTO CITY","6158355","2026-03-04 20:00","2026","03","04","20:00","","4.1","","-3.6","","57","","0.0","","","","","","","","100.89","","","","","","NA"
"-79.40","43.67","TORONTO CITY","6158355","2026-03-04 21:00","2026","03","04","21:00","","3.1","","-3.8","","61","","0.0","","","","","","","","100.88","","","","","","NA"
"-79.40","43.67","TORONTO CITY","6158355","2026-03-04 22:00","2026","03","04","22:00","","3.2","","-3.3","","62","","0.0","","","","","","","","100.84","","","","","","NA"
"-79.40","43.67","TORONTO CITY","6158355","2026-03-04 23:00","2026","03","04","23:00","","3.2","","-4.5","","57","","0.0","","","","","","","","100.80","","","","","","NA"
"-79.40","43.67","TORONTO CITY","6158355","2026-03-05 00:00","2026","03","05","00:00","","2.6","","-3.6","","63","","0.0","","","","","","","","100.82","","","","","","NA"
"-79.40","43.67","TORONTO CITY","6158355","2026-03-05 01:00","2026","03","05","01:00","","2.7","","-3.0","","66","","0.0","","","","","","","","100.79","","","","","","NA"
"-79.40","43.67","TORONTO CITY","6158355","2026-03-05 02:00","2026","03","05","02:00","","2.6","","-3.9","","62","","0.0","","","","","","","","100.76","","","","","","NA"
"-79.40","43.67","TORONTO CITY","6158355","2026-03-05 03:00","2026","03","05","03:00","","2.9","","-3.5","","63","","0.0","","","","","","","","100.70","","","","","","NA"
"-79.40","43.67","TORONTO CITY","6158355","2026-03-05 04:00","2026","03","05","04:00","","2.6","","-3.7","","63","","0.0","","","","","","","","100.68","","","","","","NA"
"-79.40","43.67","TORONTO CITY","6158355","2026-03-05 05:00","2026","03","05","05:00","","2.9","","-3.0","","65","","0.0","","","","","","","","100.69","","","","","","NA"
"-79.40","43.67","TORONTO CITY","6158355","2026-03-05 06:00","2026","03","05","06:00","","3.2","","-2.8","","65","","0.0","","","","","","","","100.78","","","","","","NA"
"-79.40","43.67","TORONTO CITY","6158355","2026-03-05 07:00","2026","03","05","07:00","","3.8","","-2.7","","62","","0.0","","","","","","","","100.83","","","","","","NA"
"-79.40","43.67","TORONTO CITY","6158355","2026-03-05 08:00","2026","03","05","08:00","","4.6","","-3.4","","56","","0.0","","","","","","","","100.86","","","","","","NA"
"-79.40","43.67","TORONTO CITY","6158355","2026-03-05 09:00","2026","03","05","09:00","","4.3","","-7.2","","43","","0.0","","","","","","","","100.95","","","","","","NA"
"-79.40","43.67","TORONTO CITY","6158355","2026-03-05 10:00","2026","03","05","10:00","","3.8","","-3.1","","60","","0.0","","","","","","","","100.95","","","","","","NA"
"-79.40","43.67","TORONTO CITY","6158355","2026-03-05 11:00","2026","03","05","11:00","","3.9","","-2.6","","62","","0.0","","","","","","","","100.98","","","","","","NA"
"-79.40","43.67","TORONTO CITY","6158355","2026-03-05 12:00","2026","03","05","12:00","","3.8","","-2.4","","64","","0.0","","","","","","","","100.93","","","","","","NA"
"-79.40","43.67","TORONTO CITY","6158355","2026-03-05 13:00","2026","03","05","13:00","","3.9","","-2.5","","63","","0.0","","","","","","","","100.82","","","","","","NA"
"-79.40","43.67","TORONTO CITY","6158355","2026-03-05 14:00","2026","03","05","14:00","","3.4","","-2.0","","68","","0.0","","","","","","","","100.73","","","","","","NA"
"-79.40","43.67","TORONTO CITY","6158355","2026-03-05 15:00","2026","03","05","15:00","","3.3","","-1.2","","72","","0.0","","","","","","","","100.71","","","","","","NA"
"-79.40","43.67","TORONTO CITY","6158355","2026-03-05 16:00","2026","03","05","16:00","","2.8","","0.0","","81","","0.3","","","","","","","","100.76","","","","","","NA"
"-79.40","43.67","TORONTO CITY","6158355","2026-03-05 17:00","2026","03","05","17:00","","2.4","","0.3","","86","","0.9","","","","","","","","100.75","","","","","","NA"
"-79.40","43.67","TORONTO CITY","6158355","2026-03-05 18:00","2026","03","05","18:00","","2.0","","0.0","","86","","0.5","","","","","","","","100.72","","","","","","NA"
"-79.40","43.67","TORONTO CITY","6158355","2026-03-05 19:00","2026","03","05","19:00","","2.0","","0.2","","88","","0.3","","","","","","","","100.75","","","","","","NA"
"-79.40","43.67","TORONTO CITY","6158355","2026-03-05 20:00","2026","03","05","20:00","","1.9","","0.2","","88","","0.1","","","","","","","","100.79","","","","","","NA"
"-79.40","43.67","TORONTO CITY","6158355","2026-03-05 21:00","2026","03","05","21:00","","2.1","","0.0","","86","","0.1","","","","","","","","100.84","","","","","","NA"
"-79.40","43.67","TORONTO CITY","6158355","2026-03-05 22:00","2026","03","05","22:00","","2.0","","-0.5","","84","","0.1","","","","","","","","100.86","","","","","","NA"
"-79.40","43.67","TORONTO CITY","6158355","2026-03-05 23:00","2026","03","05","23:00","","1.8","","-2.7","","72","","0.0","","","","","","","","100.81","","","","","","NA"
"-79.40","43.67","TORONTO CITY","6158355","2026-03-06 00:00","2026","03","06","00:00","","1.8","","-3.6","","67","","0.0","","","","","","","","100.95","","","","","","NA"
"-79.40","43.67","TORONTO CITY","6158355","2026-03-06 01:00","2026","03","06","01:00","","1.6","","-3.4","","69","","0.0","","","","","","","","100.95","","","","","","NA"
"-79.40","43.67","TORONTO CITY","6158355","2026-03-06 02:00","2026","03","06","02:00","","1.3","","-3.5","","70","","0.0","","","","","","","","100.94","","","","","","NA"
"-79.40","43.67","TORONTO CITY","6158355","2026-03-06 03:00","2026","03","06","03:00","","0.6","","-3.5","","74","","0.0","","","","","","","","100.95","","","","","","NA"
"-79.40","43.67","TORONTO CITY","6158355","2026-03-06 04:00","2026","03","06","04:00","","0.1","","-2.4","","83","","0.0","","","","","","","","100.93","","","","","","NA"
"-79.40","43.67","TORONTO CITY","6158355","2026-03-06 05:00","2026","03","06","05:00","","0.0","","-2.0","","87","","0.0","","","","","","","","100.95","","","","","","NA"
"-79.40","43.67","TORONTO CITY","6158355","2026-03-06 06:00","2026","03","06","06:00","","-0.5","","-1.4","","94","","0.0","","","","","","","","101.00","","","","","","NA"
"-79.40","43.67","TORONTO CITY","6158355","2026-03-06 07:00","2026","03","06","07:00","","-0.7","","-1.4","","95","","0.0","","","","","","","","101.05","","","","","","NA"
"-79.40","43.67","TORONTO CITY","6158355","2026-03-06 08:00","2026","03","06","08:00","","-1.0","","-1.7","","95","","0.0","","","","","","","","101.11","","","","","","NA"
"-79.40","43.67","TORONTO CITY","6158355","2026-03-06 09:00","2026","03","06","09:00","","-0.9","","-1.7","","95","","0.0","","","","","","","","101.14","","","","","","NA"
"-79.40","43.67","TORONTO CITY","6158355","2026-03-06 10:00","2026","03","06","10:00","","-0.8","","-1.5","","95","","0.0","","","","","","","","101.13","","","","","","NA"
"-79.40","43.67","TORONTO CITY","6158355","2026-03-06 11:00","2026","03","06","11:00","","-0.6","","-1.4","","95","","0.0","","","","","","","","101.08","","","","","","NA"
"-79.40","43.67","TORONTO CITY","6158355","2026-03-06 12:00","2026","03","06","12:00","","-0.7","","-1.5","","94","","0.0","","","","","","","","101.08","","","","","","NA"
"-79.40","43.67","TORONTO CITY","6158355","2026-03-06 13:00","2026","03","06","13:00","","0.0","","-0.9","","94","","0.0","","","","","","","","100.95","","","","","","NA"
"-79.40","43.67","TORONTO CITY","6158355","2026-03-06 14:00","2026","03","06","14:00","","-0.1","","-1.2","","92","","0.0","","","","","","","","100.86","","","","","","NA"
"-79.40","43.67","TORONTO CITY","6158355","2026-03-06 15:00","2026","03","06","15:00","","0.0","","-0.8","","94","","0.0","","","","","","","","100.83","","","","","","NA"
"-79.40","43.67","TORONTO CITY","6158355","2026-03-06 16:00","2026","03","06","16:00","","0.4","","-0.4","","95","","0.0","","","","","","","","100.85","","","","","","NA"
"-79.40","43.67","TORONTO CITY","6158355","2026-03-06 17:00","2026","03","06","17:00","","0.7","","-0.3","","93","","0.0","","","","","","","","100.80","","","","","","NA"
"-79.40","43.67","TORONTO CITY","6158355","2026-03-06 18:00","2026","03","06","18:00","","0.9","","-0.1","","94","","0.0","","","","","","","","100.75","","","","","","NA"
"-79.40","43.67","TORONTO CITY","6158355","2026-03-06 19:00","2026","03","06","19:00","","1.2","","0.3","","94","","0.0","","","","","","","","100.72","","","","","","NA"
"-79.40","43.67","TORONTO CITY","6158355","2026-03-06 20:00","2026","03","06","20:00","","1.5","","0.9","","96","","0.5","","","","","","","","100.56","","","","","","NA"
"-79.40","43.67","TORONTO CITY","6158355","2026-03-06 21:00","2026","03","06","21:00","","1.8","","1.4","","97","","0.1","","","","","","","","100.41","","","","","","NA"
"-79.40","43.67","TORONTO CITY","6158355","2026-03-06 22:00","2026","03","06","22:00","","2.7","","2.4","","98","","0.0","","","","","","","","100.28","","","","","","NA"
"-79.40","43.67","TORONTO CITY","6158355","2026-03-06 23:00","2026","03","06","23:00","","3.5","","3.1","","97","","0.5","","","","","","","","100.15","","","","","","NA"
"-79.40","43.67","TORONTO CITY","6158355","2026-03-07 00:00","2026","03","07","00:00","","3.5","","2.9","","96","","0.0","","","","","","","","99.97","","","","","","NA"
"-79.40","43.67","TORONTO CITY","6158355","2026-03-07 01:00","2026","03","07","01:00","","2.9","","2.3","","96","","0.0","","","","","","","","99.99","","","","","","NA"
"-79.40","43.67","TORONTO CITY","6158355","2026-03-07 02:00","2026","03","07","02:00","","5.2","","4.8","","98","","2.4","","","","","","","","99.91","","","","","","NA"
"-79.40","43.67","TORONTO CITY","6158355","2026-03-07 03:00","2026","03","07","03:00","","4.4","","3.9","","97","","1.6","","","","","","","","99.81","","","","","","NA"
"-79.40","43.67","TORONTO CITY","6158355","2026-03-07 04:00","2026","03","07","04:00","","5.6","","5.2","","98","","0.1","","","","","","","","99.81","","","","","","NA"
"-79.40","43.67","TORONTO CITY","6158355","2026-03-07 05:00","2026","03","07","05:00","","6.6","","6.4","","98","","0.0","","","","","","","","99.78","","","","","","NA"
"-79.40","43.67","TORONTO CITY","6158355","2026-03-07 06:00","2026","03","07","06:00","","6.6","","6.4","","98","","0.0","","","","","","","","99.72","","","","","","NA"
"-79.40","43.67","TORONTO CITY","6158355","2026-03-07 07:00","2026","03","07","07:00","","8.5","","8.3","","99","","0.6","","","","","","","","99.68","","","","","","NA"
"-79.40","43.67","TORONTO CITY","6158355","2026-03-07 08:00","2026","03","07","08:00","","9.1","","8.9","","99","","0.3","","","","","","","","99.61","","","","","","NA"
"-79.40","43.67","TORONTO CITY","6158355","2026-03-07 09:00","2026","03","07","09:00","","10.1","","9.9","","99","","0.0","","","","","","","","99.53","","","","","","NA"
"-79.40","43.67","TORONTO CITY","6158355","2026-03-07 10:00","2026","03","07","10:00","","10.7","","10.1","","96","","0.0","","","","","","","","99.42","","","","","","NA"
"-79.40","43.67","TORONTO CITY","6158355","2026-03-07 11:00","2026","03","07","11:00","","14.3","","11.5","","83","","0.0","","","","","","","","99.31","","","","","","NA"
"-79.40","43.67","TORONTO CITY","6158355","2026-03-07 12:00","2026","03","07","12:00","","13.9","","11.0","","83","","0.0","","","","","","","","99.20","","","","","","NA"
"-79.40","43.67","TORONTO CITY","6158355","2026-03-07 13:00","2026","03","07","13:00","","12.0","","10.6","","91","","0.5","","","","","","","","99.13","","","","","","NA"
"-79.40","43.67","TORONTO CITY","6158355","2026-03-07 14:00","2026","03","07","14:00","","13.0","","11.7","","92","","0.0","","","","","","","","98.93","","","","","","NA"
"-79.40","43.67","TORONTO CITY","6158355","2026-03-07 15:00","2026","03","07","15:00","","14.3","","13.0","","92","","0.0","","","","","","","","98.87","","","","","","NA"
"-79.40","43.67","TORONTO CITY","6158355","2026-03-07 16:00","2026","03","07","16:00","","16.7","","13.6","","82","","0.0","","","","","","","","98.85","","","","","","NA"
"-79.40","43.67","TORONTO CITY","6158355","2026-03-07 17:00","2026","03","07","17:00","","16.8","","13.7","","82","","0.0","","","","","","","","98.82","","","","","","NA"
"-79.40","43.67","TORONTO CITY","6158355","2026-03-07 18:00","2026","03","07","18:00","","14.6","","12.4","","87","","0.0","","","","","","","","98.84","","","","","","NA"
"-79.40","43.67","TORONTO CITY","6158355","2026-03-07 19:00","2026","03","07","19:00","","12.8","","11.4","","91","","0.0","","","","","","","","98.81","","","","","","NA"
"-79.40","43.67","TORONTO CITY","6158355","2026-03-07 20:00","2026","03","07","20:00","","12.4","","10.9","","91","","0.0","","","","","","","","98.82","","","","","","NA"
"-79.40","43.67","TORONTO CITY","6158355","2026-03-07 21:00","2026","03","07","21:00","","12.1","","10.8","","91","","0.0","","","","","","","","98.82","","","","","","NA"
"-79.40","43.67","TORONTO CITY","6158355","2026-03-07 22:00","2026","03","07","22:00","","13.5","","11.3","","87","","0.0","","","","","","","","98.82","","","","","","NA"
"-79.40","43.67","TORONTO CITY","6158355","2026-03-07 23:00","2026","03","07","23:00","","14.2","","11.2","","82","","0.0","","","","","","","","98.88","","","","","","NA"
"-79.40","43.67","TORONTO CITY","6158355","2026-03-08 00:00","2026","03","08","00:00","","10.9","","6.7","","75","","0.0","","","","","","","","99.03","","","","","","NA"
"-79.40","43.67","TORONTO CITY","6158355","2026-03-08 01:00","2026","03","08","01:00","","8.0","","4.2","","77","","0.0","","","","","","","","99.10","","","","","","NA"
"-79.40","43.67","TORONTO CITY","6158355","2026-03-08 02:00","2026","03","08","02:00","","5.9","","2.3","","78","","0.0","","","","","","","","99.27","","","","","","NA"
"-79.40","43.67","TORONTO CITY","6158355","2026-03-08 03:00","2026","03","08","03:00","","4.5","","0.9","","78","","0.0","","","","","","","","99.33","","","","","","NA"
"-79.40","43.67","TORONTO CITY","6158355","2026-03-08 04:00","2026","03","08","04:00","","4.4","","0.7","","77","","0.0","","","","","","","","99.35","","","","","","NA"
"-79.40","43.67","TORONTO CITY","6158355","2026-03-08 05:00","2026","03","08","05:00","","4.1","","0.3","","76","","0.0","","","","","","","","99.44","","","","","","NA"
"-79.40","43.67","TORONTO CITY","6158355","2026-03-08 06:00","2026","03","08","06:00","","3.8","","-0.2","","75","","0.0","","","","","","","","99.50","","","","","","NA"
"-79.40","43.67","TORONTO CITY","6158355","2026-03-08 07:00","2026","03","08","07:00","","3.5","","-0.1","","78","","0.0","","","","","","","","99.58","","","","","","NA"
"-79.40","43.67","TORONTO CITY","6158355","2026-03-08 08:00","2026","03","08","08:00","","3.9","","-0.1","","75","","0.0","","","","","","","","99.66","","","","","","NA"
"-79.40","43.67","TORONTO CITY","6158355","2026-03-08 09:00","2026","03","08","09:00","","3.8","","0.2","","77","","0.0","","","","","","","","99.66","","","","","","NA"
"-79.40","43.67","TORONTO CITY","6158355","2026-03-08 10:00","2026","03","08","10:00","","5.3","","0.8","","72","","0.0","","","","","","","","99.56","","","","","","NA"
"-79.40","43.67","TORONTO CITY","6158355","2026-03-08 11:00","2026","03","08","11:00","","8.1","","1.4","","63","","0.0","","","","","","","","99.50","","","","","","NA"
"-79.40","43.67","TORONTO CITY","6158355","2026-03-08 12:00","2026","03","08","12:00","","9.8","","0.4","","52","","0.0","","","","","","","","99.47","","","","","","NA"
"-79.40","43.67","TORONTO CITY","6158355","2026-03-08 13:00","2026","03","08","13:00","","10.5","","0.9","","52","","0.0","","","","","","","","99.40","","","","","","NA"
"-79.40","43.67","TORONTO CITY","6158355","2026-03-08 14:00","2026","03","08","14:00","","10.1","","1.1","","53","","0.0","","","","","","","","99.29","","","","","","NA"
"-79.40","43.67","TORONTO CITY","6158355","2026-03-08 15:00","2026","03","08","15:00","","10.4","","1.6","","54","","0.0","","","","","","","","99.25","","","","","","NA"
"-79.40","43.67","TORONTO CITY","6158355","2026-03-08 16:00","2026","03","08","16:00","","9.9","","1.0","","54","","0.0","","","","","","","","99.27","","","","","","NA"
"-79.40","43.67","TORONTO CITY","6158355","2026-03-08 17:00","2026","03","08","17:00","","9.2","","1.0","","56","","0.0","","","","","","","","99.28","","","","","","NA"
"-79.40","43.67","TORONTO CITY","6158355","2026-03-08 18:00","2026","03","08","18:00","","9.0","","1.4","","59","","0.0","","","","","","","","99.37","","","","","","NA"
"-79.40","43.67","TORONTO CITY","6158355","2026-03-08 19:00","2026","03","08","19:00","","8.3","","1.5","","62","","0.0","","","","","","","","99.46","","","","","","NA"
"-79.40","43.67","TORONTO CITY","6158355","2026-03-08 20:00","2026","03","08","20:00","","7.7","","1.3","","64","","0.0","","","","","","","","99.52","","","","","","NA"
"-79.40","43.67","TORONTO CITY","6158355","2026-03-08 21:00","2026","03","08","21:00","","7.3","","1.1","","65","","0.0","","","","","","","","99.57","","","","","","NA"
"-79.40","43.67","TORONTO CITY","6158355","2026-03-08 22:00","2026","03","08","22:00","","7.5","","1.0","","63","","0.0","","","","","","","","99.59","","","","","","NA"
"-79.40","43.67","TORONTO CITY","6158355","2026-03-08 23:00","2026","03","08","23:00","","8.0","","1.0","","61","","0.0","","","","","","","","99.57","","","","","","NA"
"-79.40","43.67","TORONTO CITY","6158355","2026-03-09 00:00","2026","03","09","00:00","","8.3","","1.4","","62","","0.0","","","","","","","","99.55","","","","","","NA"
"-79.40","43.67","TORONTO CITY","6158355","2026-03-09 01:00","2026","03","09","01:00","","8.0","","1.3","","62","","0.0","","","","","","","","99.55","","","","","","NA"
"-79.40","43.67","TORONTO CITY","6158355","2026-03-09 02:00","2026","03","09","02:00","","8.3","","1.9","","64","","0.0","","","","","","","","99.54","","","","","","NA"
"-79.40","43.67","TORONTO CITY","6158355","2026-03-09 03:00","2026","03","09","03:00","","7.5","","1.9","","68","","0.0","","","","","","","","99.53","","","","","","NA"
"-79.40","43.67","TORONTO CITY","6158355","2026-03-09 04:00","2026","03","09","04:00","","7.2","","1.8","","69","","0.0","","","","","","","","99.51","","","","","","NA"
"-79.40","43.67","TORONTO CITY","6158355","2026-03-09 05:00","2026","03","09","05:00","","6.8","","0.9","","66","","0.0","","","","","","","","99.54","","","","","","NA"
"-79.40","43.67","TORONTO CITY","6158355","2026-03-09 06:00","2026","03","09","06:00","","6.7","","0.9","","66","","0.0","","","","","","","","99.53","","","","","","NA"
"-79.40","43.67","TORONTO CITY","6158355","2026-03-09 07:00","2026","03","09","07:00","","6.9","","0.8","","65","","0.0","","","","","","","","99.55","","","","","","NA"
"-79.40","43.67","TORONTO CITY","6158355","2026-03-09 08:00","2026","03","09","08:00","","7.0","","1.1","","66","","0.0","","","","","","","","99.55","","","","","","NA"
"-79.40","43.67","TORONTO CITY","6158355","2026-03-09 09:00","2026","03","09","09:00","","9.0","","0.9","","57","","0.0","","","","","","","","99.55","","","","","","NA"
"-79.40","43.67","TORONTO CITY","6158355","2026-03-09 10:00","2026","03","09","10:00"
"-79.40","43.67","TORONTO CITY","6158355","2026-03-09 11:00","2026","03","09","11:00","","12.6","","1.6","","47","","0.0","","","","","","","","99.47","","","","","","NA"
"-79.40","43.67","TORONTO CITY","6158355","2026-03-09 12:00","2026","03","09","12:00","","13.7","","1.7","","44","","0.0","","","","","","","","99.50","","","","","","NA"
"-79.40","43.67","TORONTO CITY","6158355","2026-03-09 13:00","2026","03","09","13:00","","13.6","","1.5","","43","","0.0","","","","","","","","99.46","","","","","","NA"
"-79.40","43.67","TORONTO CITY","6158355","2026-03-09 14:00","2026","03","09","14:00","","15.6","","1.8","","39","","0.0","","","","","","","","99.41","","","","","","NA"
"-79.40","43.67","TORONTO CITY","6158355","2026-03-09 15:00","2026","03","09","15:00","","16.4","","1.4","","36","","0.0","","","","","","","","99.36","","","","","","NA"
"-79.40","43.67","TORONTO CITY","6158355","2026-03-09 16:00","2026","03","09","16:00","","15.7","","1.6","","38","","0.0","","","","","","","","99.37","","","","","","NA"
"-79.40","43.67","TORONTO CITY","6158355","2026-03-09 17:00","2026","03","09","17:00","","14.8","","1.6","","41","","0.0","","","","","","","","99.43","","","","","","NA"
"-79.40","43.67","TORONTO CITY","6158355","2026-03-09 18:00","2026","03","09","18:00","","14.4","","1.6","","42","","0.0","","","","","","","","99.46","","","","","","NA"
"-79.40","43.67","TORONTO CITY","6158355","2026-03-09 19:00","2026","03","09","19:00","","14.4","","1.5","","41","","0.0","","","","","","","","99.52","","","","","","NA"
"-79.40","43.67","TORONTO CITY","6158355","2026-03-09 20:00","2026","03","09","20:00","","15.0","","1.4","","40","","0.0","","","","","","","","99.59","","","","","","NA"
"-79.40","43.67","TORONTO CITY","6158355","2026-03-09 21:00","2026","03","09","21:00","","15.1","","1.5","","40","","0.0","","","","","","","","99.66","","","","","","NA"
"-79.40","43.67","TORONTO CITY","6158355","2026-03-09 22:00","2026","03","09","22:00","","14.2","","1.6","","42","","0.0","","","","","","","","99.72","","","","","","NA"
"-79.40","43.67","TORONTO CITY","6158355","2026-03-09 23:00","2026","03","09","23:00","","14.1","","2.6","","46","","0.0","","","","","","","","99.75","","","","","","NA"
"-79.40","43.67","TORONTO CITY","6158355","2026-03-10 00:00","2026","03","10","00:00","","12.9","","3.2","","52","","0.0","","","","","","","","99.74","","","","","","NA"
"-79.40","43.67","TORONTO CITY","6158355","2026-03-10 01:00","2026","03","10","01:00","","12.4","","3.0","","53","","0.0","","","","","","","","99.73","","","","","","NA"
"-79.40","43.67","TORONTO CITY","6158355","2026-03-10 02:00","2026","03","10","02:00","","10.3","","2.9","","60","","0.0","","","","","","","","99.70","","","","","","NA"
"-79.40","43.67","TORONTO CITY","6158355","2026-03-10 03:00","2026","03","10","03:00","","10.0","","2.8","","61","","0.0","","","","","","","","99.67","","","","","","NA"
"-79.40","43.67","TORONTO CITY","6158355","2026-03-10 04:00","2026","03","10","04:00","","10.2","","2.9","","60","","0.0","","","","","","","","99.68","","","","","","NA"
"-79.40","43.67","TORONTO CITY","6158355","2026-03-10 05:00","2026","03","10","05:00","","10.5","","3.3","","61","","0.0","","","","","","","","99.71","","","","","","NA"
"-79.40","43.67","TORONTO CITY","6158355","2026-03-10 06:00","2026","03","10","06:00","","10.5","","3.9","","64","","0.0","","","","","","","","99.73","","","","","","NA"
"-79.40","43.67","TORONTO CITY","6158355","2026-03-10 07:00","2026","03","10","07:00","","10.2","","4.6","","68","","0.0","","","","","","","","99.77","","","","","","NA"
"-79.40","43.67","TORONTO CITY","6158355","2026-03-10 08:00","2026","03","10","08:00","","11.3","","6.1","","70","","0.0","","","","","","","","99.81","","","","","","NA"
"-79.40","43.67","TORONTO CITY","6158355","2026-03-10 09:00","2026","03","10","09:00","","13.2","","6.9","","65","","0.0","","","","","","","","99.85","","","","","","NA"
"-79.40","43.67","TORONTO CITY","6158355","2026-03-10 10:00","2026","03","10","10:00","","14.9","","8.1","","64","","0.0","","","","","","","","99.85","","","","","","NA"
"-79.40","43.67","TORONTO CITY","6158355","2026-03-10 11:00","2026","03","10","11:00","","15.5","","6.4","","55","","0.0","","","","","","","","99.88","","","","","","NA"
"-79.40","43.67","TORONTO CITY","6158355","2026-03-10 12:00","2026","03","10","12:00","","16.8","","8.5","","58","","0.0","","","","","","","","99.86","","","","","","NA"
"-79.40","43.67","TORONTO CITY","6158355","2026-03-10 13:00","2026","03","10","13:00","","18.2","","10.4","","60","","0.0","","","","","","","","99.87","","","","","","NA"
"-79.40","43.67","TORONTO CITY","6158355","2026-03-10 14:00","2026","03","10","14:00","","18.9","","11.3","","61","","0.0","","","","","","","","99.85","","","","","","NA"
"-79.40","43.67","TORONTO CITY","6158355","2026-03-10 15:00","2026","03","10","15:00","","18.0","","11.5","","66","","0.0","","","","","","","","99.84","","","","","","NA"
"-79.40","43.67","TORONTO CITY","6158355","2026-03-10 16:00","2026","03","10","16:00","","16.5","","7.4","","55","","0.0","","","","","","","","99.86","","","","","","NA"
"-79.40","43.67","TORONTO CITY","6158355","2026-03-10 17:00","2026","03","10","17:00","","13.7","","5.9","","59","","0.0","","","","","","","","99.92","","","","","","NA"
"-79.40","43.67","TORONTO CITY","6158355","2026-03-10 18:00","2026","03","10","18:00","","11.9","","4.2","","59","","0.0","","","","","","","","100.05","","","","","","NA"
"-79.40","43.67","TORONTO CITY","6158355","2026-03-10 19:00","2026","03","10","19:00","","10.3","","2.2","","57","","0.0","","","","","","","","100.12","","","","","","NA"
"-79.40","43.67","TORONTO CITY","6158355","2026-03-10 20:00","2026","03","10","20:00","","10.1","","1.3","","54","","0.0","","","","","","","","100.21","","","","","","NA"
"-79.40","43.67","TORONTO CITY","6158355","2026-03-10 21:00","2026","03","10","21:00","","8.2","","1.6","","63","","0.0","","","","","","","","100.23","","","","","","NA"
"-79.40","43.67","TORONTO CITY","6158355","2026-03-10 22:00","2026","03","10","22:00","","9.1","","0.3","","54","","0.0","","","","","","","","100.21","","","","","","NA"
"-79.40","43.67","TORONTO CITY","6158355","2026-03-10 23:00","2026","03","10","23:00","","7.3","","-1.1","","55","","0.0","","","","","","","","100.14","","","","","","NA"
"-79.40","43.67","TORONTO CITY","6158355","2026-03-11 00:00","2026","03","11","00:00","","5.7","","-2.4","","56","","0.0","","","","","","","","100.07","","","","","","NA"
"-79.40","43.67","TORONTO CITY","6158355","2026-03-11 01:00","2026","03","11","01:00","","4.2","","-2.0","","64","","0.0","","","","","","","","100.03","","","","","","NA"
"-79.40","43.67","TORONTO CITY","6158355","2026-03-11 02:00","2026","03","11","02:00","","3.2","","-1.2","","73","","0.0","","","","","","","","99.88","","","","","","NA"
"-79.40","43.67","TORONTO CITY","6158355","2026-03-11 03:00","2026","03","11","03:00","","2.9","","-1.7","","72","","0.0","","","","","","","","99.68","","","","","","NA"
"-79.40","43.67","TORONTO CITY","6158355","2026-03-11 04:00","2026","03","11","04:00","","2.5","","-1.5","","75","","0.0","","","","","","","","99.59","","","","","","NA"
"-79.40","43.67","TORONTO CITY","6158355","2026-03-11 05:00","2026","03","11","05:00","","2.5","","-1.2","","77","","0.0","","","","","","","","99.46","","","","","","NA"
"-79.40","43.67","TORONTO CITY","6158355","2026-03-11 06:00","2026","03","11","06:00","","1.5","","0.0","","90","","6.9","","","","","","","","99.26","","","","","","NA"
"-79.40","43.67","TORONTO CITY","6158355","2026-03-11 07:00","2026","03","11","07:00","","1.4","","0.0","","90","","0.5","","","","","","","","99.15","","","","","","NA"
"-79.40","43.67","TORONTO CITY","6158355","2026-03-11 08:00","2026","03","11","08:00","","2.5","","0.9","","89","","0.0","","","","","","","","99.16","","","","","","NA"
"-79.40","43.67","TORONTO CITY","6158355","2026-03-11 09:00","2026","03","11","09:00","","2.7","","1.3","","90","","0.0","","","","","","","","99.20","","","","","","NA"
"-79.40","43.67","TORONTO CITY","6158355","2026-03-11 10:00","2026","03","11","10:00","","2.9","","2.0","","94","","0.0","","","","","","","","98.99","","","","","","NA"
"-79.40","43.67","TORONTO CITY","6158355","2026-03-11 11:00","2026","03","11","11:00","","2.6","","2.1","","97","","0.0","","","","","","","","98.96","","","","","","NA"
"-79.40","43.67","TORONTO CITY","6158355","2026-03-11 12:00","2026","03","11","12:00","","2.8","","2.2","","96","","1.5","","","","","","","","98.82","","","","","","NA"
"-79.40","43.67","TORONTO CITY","6158355","2026-03-11 13:00","2026","03","11","13:00","","2.9","","2.2","","95","","2.2","","","","","","","","98.60","","","","","","NA"
"-79.40","43.67","TORONTO CITY","6158355","2026-03-11 14:00","2026","03","11","14:00","","3.0","","2.3","","95","","1.1","","","","","","","","98.46","","","","","","NA"
"-79.40","43.67","TORONTO CITY","6158355","2026-03-11 15:00","2026","03","11","15:00","","3.2","","2.7","","96","","0.5","","","","","","","","98.38","","","","","","NA"
"-79.40","43.67","TORONTO CITY","6158355","2026-03-11 16:00","2026","03","11","16:00","","4.3","","3.7","","96","","0.5","","","","","","","","98.50","","","","","","NA"
"-79.40","43.67","TORONTO CITY","6158355","2026-03-11 17:00","2026","03","11","17:00","","5.5","","4.6","","93","","0.0","","","","","","","","98.44","","","","","","NA"
"-79.40","43.67","TORONTO CITY","6158355","2026-03-11 18:00","2026","03","11","18:00","","4.7","","3.8","","94","","0.0","","","","","","","","98.53","","","","","","NA"
"-79.40","43.67","TORONTO CITY","6158355","2026-03-11 19:00","2026","03","11","19:00","","4.5","","3.5","","93","","0.0","","","","","","","","98.54","","","","","","NA"
"-79.40","43.67","TORONTO CITY","6158355","2026-03-11 20:00","2026","03","11","20:00","","6.6","","3.7","","82","","0.0","","","","","","","","98.63","","","","","","NA"
"-79.40","43.67","TORONTO CITY","6158355","2026-03-11 21:00","2026","03","11","21:00","","4.5","","0.8","","77","","0.0","","","","","","","","98.78","","","","","","NA"
"-79.40","43.67","TORONTO CITY","6158355","2026-03-11 22:00","2026","03","11","22:00","","3.0","","-1.8","","71","","0.0","","","","","","","","99.00","","","","","","NA"
"-79.40","43.67","TORONTO CITY","6158355","2026-03-11 23:00","2026","03","11","23:00","","2.0","","-3.3","","68","","0.0","","","","","","","","99.09","","","","","","NA"
"-79.40","43.67","TORONTO CITY","6158355","2026-03-12 00:00","2026","03","12","00:00","","1.1","","-3.4","","72","","0.0","","","","","","","","99.24","","","","","","NA"
"-79.40","43.67","TORONTO CITY","6158355","2026-03-12 01:00","2026","03","12","01:00","","0.8","","-5.1","","65","","0.0","","","","","","","","99.37","","","","","","NA"
"-79.40","43.67","TORONTO CITY","6158355","2026-03-12 02:00","2026","03","12","02:00","","0.3","","-5.4","","66","","0.0","","","","","","","","99.44","","","","","","NA"
"-79.40","43.67","TORONTO CITY","6158355","2026-03-12 03:00","2026","03","12","03:00","","0.2","","-6.0","","63","","0.0","","","","","","","","99.49","","","","","","NA"
"-79.40","43.67","TORONTO CITY","6158355","2026-03-12 04:00","2026","03","12","04:00","","-0.3","","-6.4","","63","","0.0","","","","","","","","99.57","","","","","","NA"
"-79.40","43.67","TORONTO CITY","6158355","2026-03-12 05:00","2026","03","12","05:00","","-1.1","","-7.6","","61","","0.0","","","","","","","","99.76","","","","","","NA"
"-79.40","43.67","TORONTO CITY","6158355","2026-03-12 06:00","2026","03","12","06:00","","-1.2","","-7.9","","61","","0.0","","","","","","","","99.81","","","","","","NA"
"-79.40","43.67","TORONTO CITY","6158355","2026-03-12 07:00","2026","03","12","07:00","","-1.2","","-7.1","","64","","0.0","","","","","","","","99.89","","","","","","NA"
"-79.40","43.67","TORONTO CITY","6158355","2026-03-12 08:00","2026","03","12","08:00","","-0.3","","-5.7","","67","","0.0","","","","","","","","99.99","","","","","","NA"
"-79.40","43.67","TORONTO CITY","6158355","2026-03-12 09:00","2026","03","12","09:00","","1.0","","-4.8","","65","","0.0","","","","","","","","100.11","","","","","","NA"
"-79.40","43.67","TORONTO CITY","6158355","2026-03-12 10:00","2026","03","12","10:00","","1.8","","-7.1","","52","","0.0","","","","","","","","100.09","","","","","","NA"
"-79.40","43.67","TORONTO CITY","6158355","2026-03-12 11:00","2026","03","12","11:00","","1.8","","-5.7","","58","","0.0","","","","","","","","100.08","","","","","","NA"
"-79.40","43.67","TORONTO CITY","6158355","2026-03-12 12:00","2026","03","12","12:00","","2.0","","-6.5","","53","","0.0","","","","","","","","100.07","","","","","","NA"
"-79.40","43.67","TORONTO CITY","6158355","2026-03-12 13:00","2026","03","12","13:00","","2.2","","-6.7","","52","","0.0","","","","","","","","100.05","","","","","","NA"
"-79.40","43.67","TORONTO CITY","6158355","2026-03-12 14:00","2026","03","12","14:00","","2.2","","-8.2","","46","","0.0","","","","","","","","100.03","","","","","","NA"
"-79.40","43.67","TORONTO CITY","6158355","2026-03-12 15:00","2026","03","12","15:00","","2.1","","-9.2","","43","","0.0","","","","","","","","100.10","","","","","","NA"
"-79.40","43.67","TORONTO CITY","6158355","2026-03-12 16:00","2026","03","12","16:00","","1.9","","-9.4","","43","","0.0","","","","","","","","100.19","","","","","","NA"
"-79.40","43.67","TORONTO CITY","6158355","2026-03-12 17:00","2026","03","12","17:00","","1.1","","-10.9","","40","","0.0","","","","","","","","100.23","","","","","","NA"
"-79.40","43.67","TORONTO CITY","6158355","2026-03-12 18:00","2026","03","12","18:00","","0.7","","-10.9","","42","","0.0","","","","","","","","100.29","","","","","","NA"
"-79.40","43.67","TORONTO CITY","6158355","2026-03-12 19:00","2026","03","12","19:00","","0.1","","-10.4","","45","","0.0","","","","","","","","100.33","","","","","","NA"
"-79.40","43.67","TORONTO CITY","6158355","2026-03-12 20:00","2026","03","12","20:00","","-0.4","","-9.9","","49","","0.0","","","","","","","","100.41","","","","","","NA"
"-79.40","43.67","TORONTO CITY","6158355","2026-03-12 21:00","2026","03","12","21:00","","-0.7","","-9.1","","53","","0.0","","","","","","","","100.43","","","","","","NA"
"-79.40","43.67","TORONTO CITY","6158355","2026-03-12 22:00","2026","03","12","22:00","","-1.1","","-8.9","","56","","0.0","","","","","","","","100.46","","","","","","NA"
"-79.40","43.67","TORONTO CITY","6158355","2026-03-12 23:00","2026","03","12","23:00","","-1.4","","-8.5","","58","","0.0","","","","","","","","100.48","","","","","","NA"
"-79.40","43.67","TORONTO CITY","6158355","2026-03-13 00:00","2026","03","13","00:00","","-1.8","","-8.5","","60","","0.0","","","","","","","","100.44","","","","","","NA"
"-79.40","43.67","TORONTO CITY","6158355","2026-03-13 01:00","2026","03","13","01:00","","-2.0","","-8.2","","62","","0.0","","","","","","","","100.42","","","","","","NA"
"-79.40","43.67","TORONTO CITY","6158355","2026-03-13 02:00","2026","03","13","02:00","","-2.2","","-7.9","","65","","0.0","","","","","","","","100.39","","","","","","NA"
"-79.40","43.67","TORONTO CITY","6158355","2026-03-13 03:00","2026","03","13","03:00","","-2.8","","-7.9","","68","","0.0","","","","","","","","100.30","","","","","","NA"
"-79.40","43.67","TORONTO CITY","6158355","2026-03-13 04:00","2026","03","13","04:00","","-2.1","","-7.6","","66","","0.0","","","","","","","","100.18","","","","","","NA"
"-79.40","43.67","TORONTO CITY","6158355","2026-03-13 05:00","2026","03","13","05:00","","-2.1","","-7.5","","66","","0.0","","","","","","","","100.10","","","","","","NA"
"-79.40","43.67","TORONTO CITY","6158355","2026-03-13 06:00","2026","03","13","06:00","","-1.3","","-6.9","","66","","0.0","","","","","","","","100.00","","","","","","NA"
"-79.40","43.67","TORONTO CITY","6158355","2026-03-13 07:00","2026","03","13","07:00","","-0.6","","-5.4","","70","","0.0","","","","","","","","99.90","","","","","","NA"
"-79.40","43.67","TORONTO CITY","6158355","2026-03-13 08:00","2026","03","13","08:00","","-0.3","","-4.1","","75","","0.0","","","","","","","","99.82","","","","","","NA"
"-79.40","43.67","TORONTO CITY","6158355","2026-03-13 09:00","2026","03","13","09:00","","-0.1","","-3.3","","79","","0.0","","","","","","","","99.62","","","","","","NA"
"-79.40","43.67","TORONTO CITY","6158355","2026-03-13 10:00","2026","03","13","10:00","","0.0","","-3.4","","78","","0.0","","","","","","","","99.53","","","","","","NA"
"-79.40","43.67","TORONTO CITY","6158355","2026-03-13 11:00","2026","03","13","11:00","","-0.5","","-1.3","","94","","1.7","","","","","","","","99.25","","","","","","NA"
"-79.40","43.67","TORONTO CITY","6158355","2026-03-13 12:00","2026","03","13","12:00","","0.3","","-0.3","","96","","2.4","","","","","","","","98.96","","","","","","NA"
"-79.40","43.67","TORONTO CITY","6158355","2026-03-13 13:00","2026","03","13","13:00","","0.4","","-0.2","","96","","1.2","","","","","","","","98.73","","","","","","NA"
"-79.40","43.67","TORONTO CITY","6158355","2026-03-13 14:00","2026","03","13","14:00","","1.6","","-0.3","","88","","0.1","","","","","","","","98.50","","","","","","NA"
"-79.40","43.67","TORONTO CITY","6158355","2026-03-13 15:00","2026","03","13","15:00","","1.7","","-0.4","","86","","0.0","","","","","","","","98.38","","","","","","NA"
"-79.40","43.67","TORONTO CITY","6158355","2026-03-13 16:00","2026","03","13","16:00","","1.3","","0.2","","92","","1.6","","","","","","","","98.28","","","","","","NA"
"-79.40","43.67","TORONTO CITY","6158355","2026-03-13 17:00","2026","03","13","17:00","","3.0","","1.2","","88","","1.2","","","","","","","","98.24","","","","","","NA"
"-79.40","43.67","TORONTO CITY","6158355","2026-03-13 18:00","2026","03","13","18:00","","3.1","","1.1","","87","","0.0","","","","","","","","98.32","","","","","","NA"
"-79.40","43.67","TORONTO CITY","6158355","2026-03-13 19:00","2026","03","13","19:00","","2.9","","1.5","","90","","0.4","","","","","","","","98.39","","","","","","NA"
"-79.40","43.67","TORONTO CITY","6158355","2026-03-13 20:00","2026","03","13","20:00","","2.6","","0.7","","87","","0.1","","","","","","","","98.44","","","","","","NA"
"-79.40","43.67","TORONTO CITY","6158355","2026-03-13 21:00","2026","03","13","21:00","","2.6","","-0.5","","80","","0.1","","","","","","","","98.52","","","","","","NA"
"-79.40","43.67","TORONTO CITY","6158355","2026-03-13 22:00","2026","03","13","22:00","","2.6","","-0.9","","78","","0.1","","","","","","","","98.59","","","","","","NA"
"-79.40","43.67","TORONTO CITY","6158355","2026-03-13 23:00","2026","03","13","23:00","","2.6","","-1.6","","74","","0.0","","","","","","","","98.63","","","","","","NA"
"-79.40","43.67","TORONTO CITY","6158355","2026-03-14 00:00","2026","03","14","00:00","","2.0","","-3.5","","67","","0.0","","","","","","","","98.67","","","","","","NA"
"-79.40","43.67","TORONTO CITY","6158355","2026-03-14 01:00","2026","03","14","01:00","","1.2","","-3.9","","69","","0.0","","","","","","","","98.68","","","","","","NA"
"-79.40","43.67","TORONTO CITY","6158355","2026-03-14 02:00","2026","03","14","02:00","","0.6","","-4.0","","71","","0.0","","","","","","","","98.72","","","","","","NA"
"-79.40","43.67","TORONTO CITY","6158355","2026-03-14 03:00","2026","03","14","03:00","","-0.3","","-2.4","","86","","0.1","","","","","","","","98.84","","","","","","NA"
"-79.40","43.67","TORONTO CITY","6158355","2026-03-14 04:00","2026","03","14","04:00","","0.1","","-4.6","","71","","0.0","","","","","","","","99.09","","","","","","NA"
"-79.40","43.67","TORONTO CITY","6158355","2026-03-14 05:00","2026","03","14","05:00","","-0.7","","-6.2","","66","","0.0","","","","","","","","99.41","","","","","","NA"
"-79.40","43.67","TORONTO CITY","6158355","2026-03-14 06:00","2026","03","14","06:00","","-1.6","","-7.4","","65","","0.0","","","","","","","","99.67","","","","","","NA"
"-79.40","43.67","TORONTO CITY","6158355","2026-03-14 07:00","2026","03","14","07:00","","-2.3","","-7.9","","65","","0.0","","","","","","","","99.91","","","","","","NA"
"-79.40","43.67","TORONTO CITY","6158355","2026-03-14 08:00","2026","03","14","08:00","","-1.9","","-8.1","","63","","0.0","","","","","","","","100.07","","","","","","NA"
"-79.40","43.67","TORONTO CITY","6158355","2026-03-14 09:00","2026","03","14","09:00","","-1.4","","-8.0","","61","","0.0","","","","","","","","100.28","","","","","","NA"
"-79.40","43.67","TORONTO CITY","6158355","2026-03-14 10:00","2026","03","14","10:00","","-0.5","","-7.7","","58","","0.0","","","","","","","","100.44","","","","","","NA"
"-79.40","43.67","TORONTO CITY","6158355","2026-03-14 11:00","2026","03","14","11:00","","0.1","","-7.0","","59","","0.0","","","","","","","","100.61","","","","","","NA"
"-79.40","43.67","TORONTO CITY","6158355","2026-03-14 12:00","2026","03","14","12:00","","0.6","","-6.6","","59","","0.0","","","","","","","","100.70","","","","","","NA"
"-79.40","43.67","TORONTO CITY","6158355","2026-03-14 13:00","2026","03","14","13:00","","0.6","","-7.3","","56","","0.0","","","","","","","","100.80","","","","","","NA"
"-79.40","43.67","TORONTO CITY","6158355","2026-03-14 14:00","2026","03","14","14:00","","1.2","","-6.9","","55","","0.0","","","","","","","","100.78","","","","","","NA"
"-79.40","43.67","TORONTO CITY","6158355","2026-03-14 15:00","2026","03","14","15:00","","1.5","","-7.6","","51","","0.0","","","","","","","","100.88","","","","","","NA"
"-79.40","43.67","TORONTO CITY","6158355","2026-03-14 16:00","2026","03","14","16:00","","1.2","","-8.9","","47","","0.0","","","","","","","","100.96","","","","","","NA"
"-79.40","43.67","TORONTO CITY","6158355","2026-03-14 17:00","2026","03","14","17:00","","0.9","","-8.7","","48","","0.0","","","","","","","","101.05","","","","","","NA"
"-79.40","43.67","TORONTO CITY","6158355","2026-03-14 18:00","2026","03","14","18:00","","0.4","","-9.0","","49","","0.0","","","","","","","","101.15","","","","","","NA"
"-79.40","43.67","TORONTO CITY","6158355","2026-03-14 19:00","2026","03","14","19:00","","-0.4","","-8.9","","53","","0.0","","","","","","","","101.19","","","","","","NA"
"-79.40","43.67","TORONTO CITY","6158355","2026-03-14 20:00","2026","03","14","20:00","","-0.8","","-8.8","","55","","0.0","","","","","","","","101.26","","","","","","NA"
"-79.40","43.67","TORONTO CITY","6158355","2026-03-14 21:00","2026","03","14","21:00","","-0.9","","-8.7","","55","","0.0","","","","","","","","101.29","","","","","","NA"
"-79.40","43.67","TORONTO CITY","6158355","2026-03-14 22:00","2026","03","14","22:00","","-1.3","","-6.9","","65","","0.0","","","","","","","","101.31","","","","","","NA"
"-79.40","43.67","TORONTO CITY","6158355","2026-03-14 23:00","2026","03","14","23:00","","-1.7","","-6.8","","68","","0.0","","","","","","","","101.31","","","","","","NA"
"-79.40","43.67","TORONTO CITY","6158355","2026-03-15 00:00","2026","03","15","00:00","","-2.2","","-7.6","","66","","0.0","","","","","","","","101.30","","","","","","NA"
"-79.40","43.67","TORONTO CITY","6158355","2026-03-15 01:00","2026","03","15","01:00","","-2.3","","-8.6","","62","","0.0","","","","","","","","101.30","","","","","","NA"
"-79.40","43.67","TORONTO CITY","6158355","2026-03-15 02:00","2026","03","15","02:00","","-1.9","","-6.7","","70","","0.0","","","","","","","","101.31","","","","","","NA"
"-79.40","43.67","TORONTO CITY","6158355","2026-03-15 03:00","2026","03","15","03:00","","-1.1","","-6.2","","68","","0.0","","","","","","","","101.23","","","","","","NA"
"-79.40","43.67","TORONTO CITY","6158355","2026-03-15 04:00","2026","03","15","04:00","","-0.8","","-5.7","","69","","0.0","","","","","","","","101.22","","","","","","NA"
"-79.40","43.67","TORONTO CITY","6158355","2026-03-15 05:00","2026","03","15","05:00","","-0.6","","-4.5","","74","","0.0","","","","","","","","101.20","","","","","","NA"
"-79.40","43.67","TORONTO CITY","6158355","2026-03-15 06:00","2026","03","15","06:00","","-0.5","","-3.6","","80","","0.0","","","","","","","","101.18","","","","","","NA"
"-79.40","43.67","TORONTO CITY","6158355","2026-03-15 07:00","2026","03","15","07:00","","-0.8","","-2.0","","92","","0.9","","","","","","","","101.11","","","","","","NA"
"-79.40","43.67","TORONTO CITY","6158355","2026-03-15 08:00","2026","03","15","08:00","","-0.6","","-1.8","","91","","0.8","","","","","","","","100.99","","","","","","NA"
"-79.40","43.67","TORONTO CITY","6158355","2026-03-15 09:00","2026","03","15","09:00","","0.2","","-2.4","","83","","0.0","","","","","","","","100.81","","","","","","NA"
"-79.40","43.67","TORONTO CITY","6158355","2026-03-15 10:00","2026","03","15","10:00","","0.6","","-3.1","","76","","0.0","","","","","","","","100.62","","","","","","NA"
"-79.40","43.67","TORONTO CITY","6158355","2026-03-15 11:00","2026","03","15","11:00","","1.4","","-3.1","","72","","0.0","","","","","","","","100.40","","","","","","NA"
"-79.40","43.67","TORONTO CITY","6158355","2026-03-15 12:00","2026","03","15","12:00","","1.8","","-3.0","","71","","0.0","","","","","","","","100.24","","","","","","NA"
"-79.40","43.67","TORONTO CITY","6158355","2026-03-15 13:00","2026","03","15","13:00","","2.1","","-2.5","","71","","0.0","","","","","","","","100.03","","","","","","NA"
"-79.40","43.67","TORONTO CITY","6158355","2026-03-15 14:00","2026","03","15","14:00","","2.1","","-3.4","","67","","0.0","","","","","","","","99.86","","","","","","NA"
"-79.40","43.67","TORONTO CITY","6158355","2026-03-15 15:00","2026","03","15","15:00","","1.9","","-3.6","","67","","0.0","","","","","","","","99.67","","","","","","NA"
"-79.40","43.67","TORONTO CITY","6158355","2026-03-15 16:00","2026","03","15","16:00","","2.9","","-3.2","","64","","0.0","","","","","","","","99.53","","","","","","NA"
"-79.40","43.67","TORONTO CITY","6158355","2026-03-15 17:00","2026","03","15","17:00","","3.7","","-2.7","","63","","0.0","","","","","","","","99.39","","","","","","NA"
"-79.40","43.67","TORONTO CITY","6158355","2026-03-15 18:00","2026","03","15","18:00","","4.2","","-1.7","","65","","0.0","","","","","","","","99.21","","","","","","NA"
"-79.40","43.67","TORONTO CITY","6158355","2026-03-15 19:00","2026","03","15","19:00","","5.3","","-0.4","","67","","0.0","","","","","","","","99.06","","","","","","NA"
"-79.40","43.67","TORONTO CITY","6158355","2026-03-15 20:00","2026","03","15","20:00","","7.9","","0.8","","61","","0.0","","","","","","","","98.94","","","","","","NA"
"-79.40","43.67","TORONTO CITY","6158355","2026-03-15 21:00","2026","03","15","21:00","","8.7","","1.7","","61","","0.0","","","","","","","","98.87","","","","","","NA"
"-79.40","43.67","TORONTO CITY","6158355","2026-03-15 22:00","2026","03","15","22:00","","7.6","","2.0","","68","","0.0","","","","","","","","98.77","","","","","","NA"
"-79.40","43.67","TORONTO CITY","6158355","2026-03-15 23:00","2026","03","15","23:00","","8.5","","3.1","","69","","0.0","","","","","","","","98.71","","","","","","NA"
"-79.40","43.67","TORONTO CITY","6158355","2026-03-16 00:00","2026","03","16","00:00","","8.7","","3.6","","70","","0.0","","","","","","","","98.59","","","","","","NA"
"-79.40","43.67","TORONTO CITY","6158355","2026-03-16 01:00","2026","03","16","01:00","","7.7","","3.6","","75","","0.0","","","","","","","","98.50","","","","","","NA"
"-79.40","43.67","TORONTO CITY","6158355","2026-03-16 02:00","2026","03","16","02:00","","7.6","","4.2","","79","","0.0","","","","","","","","98.43","","","","","","NA"
"-79.40","43.67","TORONTO CITY","6158355","2026-03-16 03:00","2026","03","16","03:00","","7.5","","4.7","","83","","0.0","","","","","","","","98.28","","","","","","NA"
"-79.40","43.67","TORONTO CITY","6158355","2026-03-16 04:00","2026","03","16","04:00","","8.9","","6.4","","85","","0.0","","","","","","","","98.09","","","","","","NA"
"-79.40","43.67","TORONTO CITY","6158355","2026-03-16 05:00","2026","03","16","05:00","","12.4","","8.5","","77","","0.0","","","","","","","","97.95","","","","","","NA"
"-79.40","43.67","TORONTO CITY","6158355","2026-03-16 06:00","2026","03","16","06:00","","11.5","","7.8","","78","","0.0","","","","","","","","97.86","","","","","","NA"
"-79.40","43.67","TORONTO CITY","6158355","2026-03-16 07:00","2026","03","16","07:00","","12.5","","8.6","","77","","0.0","","","","","","","","97.80","","","","","","NA"
"-79.40","43.67","TORONTO CITY","6158355","2026-03-16 08:00","2026","03","16","08:00","","12.8","","8.6","","75","","0.0","","","","","","","","97.70","","","","","","NA"
"-79.40","43.67","TORONTO CITY","6158355","2026-03-16 09:00","2026","03","16","09:00","","12.9","","9.1","","78","","0.0","","","","","","","","97.67","","","","","","NA"
"-79.40","43.67","TORONTO CITY","6158355","2026-03-16 10:00","2026","03","16","10:00","","12.5","","10.2","","86","","0.0","","","","","","","","97.57","","","","","","NA"
"-79.40","43.67","TORONTO CITY","6158355","2026-03-16 11:00","2026","03","16","11:00","","9.9","","7.1","","83","","0.1","","","","","","","","97.81","","","","","","NA"
"-79.40","43.67","TORONTO CITY","6158355","2026-03-16 12:00","2026","03","16","12:00","","8.5","","3.2","","69","","0.0","","","","","","","","97.89","","","","","","NA"
"-79.40","43.67","TORONTO CITY","6158355","2026-03-16 13:00","2026","03","16","13:00","","6.2","","-1.0","","60","","0.0","","","","","","","","97.97","","","","","","NA"
"-79.40","43.67","TORONTO CITY","6158355","2026-03-16 14:00","2026","03","16","14:00","","5.5","","-3.1","","54","","0.0","","","","","","","","97.91","","","","","","NA"
"-79.40","43.67","TORONTO CITY","6158355","2026-03-16 15:00","2026","03","16","15:00","","4.8","","-2.6","","59","","0.0","","","","","","","","97.99","","","","","","NA"
"-79.40","43.67","TORONTO CITY","6158355","2026-03-16 16:00","2026","03","16","16:00","","4.0","","-3.2","","59","","0.0","","","","","","","","98.02","","","","","","NA"
"-79.40","43.67","TORONTO CITY","6158355","2026-03-16 17:00","2026","03","16","17:00","","3.2","","-3.5","","61","","0.0","","","","","","","","98.01","","","","","","NA"
"-79.40","43.67","TORONTO CITY","6158355","2026-03-16 18:00","2026","03","16","18:00","","0.6","","-0.6","","92","","0.9","","","","","","","","97.96","","","","","","NA"
"-79.40","43.67","TORONTO CITY","6158355","2026-03-16 19:00","2026","03","16","19:00","","0.4","","-0.3","","95","","1.2","","","","","","","","97.97","","","","","","NA"
"-79.40","43.67","TORONTO CITY","6158355","2026-03-16 20:00","2026","03","16","20:00","","-0.4","","-1.5","","92","","1.2","","","","","","","","98.01","","","","","","NA"
"-79.40","43.67","TORONTO CITY","6158355","2026-03-16 21:00","2026","03","16","21:00","","-1.0","","-2.1","","93","","1.3","","","","","","","","98.01","","","","","","NA"
"-79.40","43.67","TORONTO CITY","6158355","2026-03-16 22:00","2026","03","16","22:00","","-1.7","","-4.5","","82","","0.4","","","","","","","","98.04","","","","","","NA"
"-79.40","43.67","TORONTO CITY","6158355","2026-03-16 23:00","2026","03","16","23:00","","-2.7","","-7.8","","68","","0.1","","","","","","","","98.10","","","","","","NA"
"-79.40","43.67","TORONTO CITY","6158355","2026-03-17 00:00","2026","03","17","00:00","","-4.5","","-9.6","","68","","0.0","","","","","","","","98.20","","","","","","NA"
"-79.40","43.67","TORONTO CITY","6158355","2026-03-17 01:00","2026","03","17","01:00","","-5.8","","-12.2","","61","","0.0","","","","","","","","98.31","","","","","","NA"
"-79.40","43.67","TORONTO CITY","6158355","2026-03-17 02:00","2026","03","17","02:00","","-6.9","","-13.1","","62","","0.0","","","","","","","","98.49","","","","","","NA"
"-79.40","43.67","TORONTO CITY","6158355","2026-03-17 03:00","2026","03","17","03:00","","-8.1","","-14.6","","60","","0.0","","","","","","","","98.63","","","","","","NA"
"-79.40","43.67","TORONTO CITY","6158355","2026-03-17 04:00","2026","03","17","04:00","","-8.8","","-12.7","","74","","0.0","","","","","","","","98.78","","","","","","NA"
"-79.40","43.67","TORONTO CITY","6158355","2026-03-17 05:00","2026","03","17","05:00","","-9.5","","-16.9","","55","","0.0","","","","","","","","98.95","","","","","","NA"
"-79.40","43.67","TORONTO CITY","6158355","2026-03-17 06:00","2026","03","17","06:00","","-9.7","","-17.3","","54","","0.0","","","","","","","","99.13","","","","","","NA"
"-79.40","43.67","TORONTO CITY","6158355","2026-03-17 07:00","2026","03","17","07:00","","-9.6","","-17.3","","53","","0.0","","","","","","","","99.27","","","","","","NA"
"-79.40","43.67","TORONTO CITY","6158355","2026-03-17 08:00","2026","03","17","08:00","","-8.7","","-16.2","","54","","0.0","","","","","","","","99.46","","","","","","NA"
"-79.40","43.67","TORONTO CITY","6158355","2026-03-17 09:00","2026","03","17","09:00","","-8.5","","-14.4","","62","","0.0","","","","","","","","99.61","","","","","","NA"
"-79.40","43.67","TORONTO CITY","6158355","2026-03-17 10:00","2026","03","17","10:00","","-7.6","","-14.2","","59","","0.0","","","","","","","","99.75","","","","","","NA"
"-79.40","43.67","TORONTO CITY","6158355","2026-03-17 11:00","2026","03","17","11:00","","-5.8","","-14.2","","52","","0.0","","","","","","","","99.86","","","","","","NA"
"-79.40","43.67","TORONTO CITY","6158355","2026-03-17 12:00","2026","03","17","12:00","","-4.7","","-14.3","","47","","0.0","","","","","","","","99.91","","","","","","NA"
"-79.40","43.67","TORONTO CITY","6158355","2026-03-17 13:00","2026","03","17","13:00","","-4.1","","-14.2","","45","","0.0","","","","","","","","99.97","","","","","","NA"
"-79.40","43.67","TORONTO CITY","6158355","2026-03-17 14:00","2026","03","17","14:00","","-4.6","","-12.4","","54","","0.0","","","","","","","","100.02","","","","","","NA"
"-79.40","43.67","TORONTO CITY","6158355","2026-03-17 15:00","2026","03","17","15:00","","-4.0","","-13.3","","49","","0.0","","","","","","","","100.12","","","","","","NA"
"-79.40","43.67","TORONTO CITY","6158355","2026-03-17 16:00","2026","03","17","16:00","","-5.0","","-10.2","","67","","0.0","","","","","","","","100.23","","","","","","NA"
"-79.40","43.67","TORONTO CITY","6158355","2026-03-17 17:00","2026","03","17","17:00","","-4.6","","-13.3","","50","","0.0","","","","","","","","100.34","","","","","","NA"
"-79.40","43.67","TORONTO CITY","6158355","2026-03-17 18:00","2026","03","17","18:00","","-5.3","","-14.5","","48","","0.0","","","","","","","","100.48","","","","","","NA"
"-79.40","43.67","TORONTO CITY","6158355","2026-03-17 19:00","2026","03","17","19:00","","-6.0","","-14.3","","52","","0.0","","","","","","","","100.57","","","","","","NA"
"-79.40","43.67","TORONTO CITY","6158355","2026-03-17 20:00","2026","03","17","20:00","","-6.3","","-14.4","","52","","0.0","","","","","","","","100.64","","","","","","NA"
"-79.40","43.67","TORONTO CITY","6158355","2026-03-17 21:00","2026","03","17","21:00","","-6.6","","-13.9","","56","","0.0","","","","","","","","100.73","","","","","","NA"
"-79.40","43.67","TORONTO CITY","6158355","2026-03-17 22:00","2026","03","17","22:00","","-6.9","","-13.4","","60","","0.0","","","","","","","","100.81","","","","","","NA"
"-79.40","43.67","TORONTO CITY","6158355","2026-03-17 23:00","2026","03","17","23:00","","-6.6","","-12.6","","62","","0.0","","","","","","","","100.89","","","","","","NA"
"-79.40","43.67","TORONTO CITY","6158355","2026-03-18 00:00","2026","03","18","00:00","","-6.8","","-12.3","","65","","0.0","","","","","","","","100.93","","","","","","NA"
"-79.40","43.67","TORONTO CITY","6158355","2026-03-18 01:00","2026","03","18","01:00","","-6.4","","-11.2","","69","","0.0","","","","","","","","100.97","","","","","","NA"
"-79.40","43.67","TORONTO CITY","6158355","2026-03-18 02:00","2026","03","18","02:00","","-6.8","","-10.7","","73","","0.0","","","","","","","","101.01","","","","","","NA"
"-79.40","43.67","TORONTO CITY","6158355","2026-03-18 03:00","2026","03","18","03:00","","-6.5","","-10.0","","76","","0.0","","","","","","","","101.01","","","","","","NA"
"-79.40","43.67","TORONTO CITY","6158355","2026-03-18 04:00","2026","03","18","04:00","","-5.9","","-10.3","","71","","0.0","","","","","","","","100.98","","","","","","NA"
"-79.40","43.67","TORONTO CITY","6158355","2026-03-18 05:00","2026","03","18","05:00","","-5.6","","-10.5","","68","","0.0","","","","","","","","101.03","","","","","","NA"
"-79.40","43.67","TORONTO CITY","6158355","2026-03-18 06:00","2026","03","18","06:00","","-5.4","","-10.3","","68","","0.0","","","","","","","","101.09","","","","","","NA"
"-79.40","43.67","TORONTO CITY","6158355","2026-03-18 07:00","2026","03","18","07:00","","-4.9","","-10.4","","65","","0.0","","","","","","","","101.15","","","","","","NA"
"-79.40","43.67","TORONTO CITY","6158355","2026-03-18 08:00","2026","03","18","08:00","","-4.3","","-10.4","","62","","0.0","","","","","","","","101.20","","","","","","NA"
"-79.40","43.67","TORONTO CITY","6158355","2026-03-18 09:00","2026","03","18","09:00","","-3.1","","-10.3","","58","","0.0","","","","","","","","101.19","","","","","","NA"
"-79.40","43.67","TORONTO CITY","6158355","2026-03-18 10:00","2026","03","18","10:00","","-2.0","","-11.4","","49","","0.0","","","","","","","","101.20","","","","","","NA"
"-79.40","43.67","TORONTO CITY","6158355","2026-03-18 11:00","2026","03","18","11:00","","-2.0","","-11.7","","47","","0.0","","","","","","","","101.19","","","","","","NA"
"-79.40","43.67","TORONTO CITY","6158355","2026-03-18 12:00","2026","03","18","12:00","","-1.5","","-10.4","","51","","0.0","","","","","","","","101.15","","","","","","NA"
"-79.40","43.67","TORONTO CITY","6158355","2026-03-18 13:00","2026","03","18","13:00","","-2.6","","-7.5","","69","","0.0","","","","","","","","101.10","","","","","","NA"
"-79.40","43.67","TORONTO CITY","6158355","2026-03-18 14:00","2026","03","18","14:00","","-1.8","","-6.7","","69","","0.0","","","","","","","","100.99","","","","","","NA"
"-79.40","43.67","TORONTO CITY","6158355","2026-03-18 15:00","2026","03","18","15:00","","-0.5","","-10.5","","47","","0.0","","","","","","","","100.94","","","","","","NA"
"-79.40","43.67","TORONTO CITY","6158355","2026-03-18 16:00","2026","03","18","16:00","","-1.1","","-10.5","","49","","0.0","","","","","","","","100.91","","","","","","NA"
"-79.40","43.67","TORONTO CITY","6158355","2026-03-18 17:00","2026","03","18","17:00","","-0.9","","-9.4","","52","","0.0","","","","","","","","100.88","","","","","","NA"
"-79.40","43.67","TORONTO CITY","6158355","2026-03-18 18:00","2026","03","18","18:00","","-1.0","","-9.5","","53","","0.0","","","","","","","","100.88","","","","","","NA"
"-79.40","43.67","TORONTO CITY","6158355","2026-03-18 19:00","2026","03","18","19:00","","-0.8","","-9.2","","53","","0.0","","","","","","","","100.85","","","","","","NA"
"-79.40","43.67","TORONTO CITY","6158355","2026-03-18 20:00","2026","03","18","20:00","","-0.4","","-9.0","","52","","0.0","","","","","","","","100.83","","","","","","NA"
"-79.40","43.67","TORONTO CITY","6158355","2026-03-18 21:00","2026","03","18","21:00","","-0.7","","-7.0","","62","","0.0","","","","","","","","100.84","","","","","","NA"
"-79.40","43.67","TORONTO CITY","6158355","2026-03-18 22:00","2026","03","18","22:00","","-1.4","","-4.9","","77","","0.0","","","","","","","","100.80","","","","","","NA"
"-79.40","43.67","TORONTO CITY","6158355","2026-03-18 23:00","2026","03","18","23:00","","-0.9","","-4.5","","77","","0.0","","","","","","","","100.73","","","","","","NA"
"-79.40","43.67","TORONTO CITY","6158355","2026-03-19 00:00","2026","03","19","00:00","","-0.8","","-4.2","","78","","0.0","","","","","","","","100.67","","","","","","NA"
"-79.40","43.67","TORONTO CITY","6158355","2026-03-19 01:00","2026","03","19","01:00","","-0.3","","-4.3","","74","","0.0","","","","","","","","100.63","","","","","","NA"
"-79.40","43.67","TORONTO CITY","6158355","2026-03-19 02:00","2026","03","19","02:00","","0.4","","-4.4","","70","","0.0","","","","","","","","100.55","","","","","","NA"
"-79.40","43.67","TORONTO CITY","6158355","2026-03-19 03:00","2026","03","19","03:00","","0.6","","-4.5","","68","","0.0","","","","","","","","100.48","","","","","","NA"
"-79.40","43.67","TORONTO CITY","6158355","2026-03-19 04:00","2026","03","19","04:00","","0.9","","-3.9","","70","","0.0","","","","","","","","100.44","","","","","","NA"
"-79.40","43.67","TORONTO CITY","6158355","2026-03-19 05:00","2026","03","19","05:00","","1.1","","-3.7","","70","","0.0","","","","","","","","100.45","","","","","","NA"
"-79.40","43.67","TORONTO CITY","6158355","2026-03-19 06:00","2026","03","19","06:00","","1.2","","-3.6","","70","","0.0","","","","","","","","100.46","","","","","","NA"
"-79.40","43.67","TORONTO CITY","6158355","2026-03-19 07:00","2026","03","19","07:00","","1.2","","-4.0","","68","","0.0","","","","","","","","100.49","","","","","","NA"
"-79.40","43.67","TORONTO CITY","6158355","2026-03-19 08:00","2026","03","19","08:00","","1.8","","-3.8","","67","","0.0","","","","","","","","100.48","","","","","","NA"
"-79.40","43.67","TORONTO CITY","6158355","2026-03-19 09:00","2026","03","19","09:00","","2.3","","-3.2","","67","","0.0","","","","","","","","100.49","","","","","","NA"
"-79.40","43.67","TORONTO CITY","6158355","2026-03-19 10:00","2026","03","19","10:00","","4.1","","-2.0","","65","","0.0","","","","","","","","100.50","","","","","","NA"
"-79.40","43.67","TORONTO CITY","6158355","2026-03-19 11:00","2026","03","19","11:00","","5.7","","-1.3","","61","","0.0","","","","","","","","100.51","","","","","","NA"
"-79.40","43.67","TORONTO CITY","6158355","2026-03-19 12:00","2026","03","19","12:00","","7.0","","-0.5","","59","","0.0","","","","","","","","100.45","","","","","","NA"
"-79.40","43.67","TORONTO CITY","6158355","2026-03-19 13:00","2026","03","19","13:00","","8.5","","-1.4","","50","","0.0","","","","","","","","100.46","","","","","","NA"
"-79.40","43.67","TORONTO CITY","6158355","2026-03-19 14:00","2026","03","19","14:00","","8.4","","-1.3","","50","","0.0","","","","","","","","100.43","","","","","","NA"
"-79.40","43.67","TORONTO CITY","6158355","2026-03-19 15:00","2026","03","19","15:00","","8.3","","-1.0","","52","","0.0","","","","","","","","100.45","","","","","","NA"
"-79.40","43.67","TORONTO CITY","6158355","2026-03-19 16:00","2026","03","19","16:00","","7.6","","-1.0","","55","","0.0","","","","","","","","100.47","","","","","","NA"
"-79.40","43.67","TORONTO CITY","6158355","2026-03-19 17:00","2026","03","19","17:00","","7.1","","-1.6","","54","","0.0","","","","","","","","100.49","","","","","","NA"
"-79.40","43.67","TORONTO CITY","6158355","2026-03-19 18:00","2026","03","19","18:00","","6.0","","-1.9","","57","","0.0","","","","","","","","100.54","","","","","","NA"
"-79.40","43.67","TORONTO CITY","6158355","2026-03-19 19:00","2026","03","19","19:00","","4.8","","-3.0","","57","","0.0","","","","","","","","100.66","","","","","","NA"
"-79.40","43.67","TORONTO CITY","6158355","2026-03-19 20:00","2026","03","19","20:00","","4.4","","-3.2","","58","","0.0","","","","","","","","100.70","","","","","","NA"
"-79.40","43.67","TORONTO CITY","6158355","2026-03-19 21:00","2026","03","19","21:00","","2.8","","-2.8","","66","","0.0","","","","","","","","100.75","","","","","","NA"
"-79.40","43.67","TORONTO CITY","6158355","2026-03-19 22:00","2026","03","19","22:00","","1.9","","-3.0","","70","","0.0","","","","","","","","100.76","","","","","","NA"
"-79.40","43.67","TORONTO CITY","6158355","2026-03-19 23:00","2026","03","19","23:00","","1.5","","-3.8","","67","","0.0","","","","","","","","100.67","","","","","","NA"
"-79.40","43.67","TORONTO CITY","6158355","2026-03-20 00:00","2026","03","20","00:00","","1.2","","-3.9","","69","","0.0","","","","","","","","100.57","","","","","","NA"
"-79.40","43.67","TORONTO CITY","6158355","2026-03-20 01:00","2026","03","20","01:00","","0.0","","-4.4","","72","","0.0","","","","","","","","100.51","","","","","","NA"
"-79.40","43.67","TORONTO CITY","6158355","2026-03-20 02:00","2026","03","20","02:00","","0.9","","-4.0","","70","","0.0","","","","","","","","100.42","","","","","","NA"
"-79.40","43.67","TORONTO CITY","6158355","2026-03-20 03:00","2026","03","20","03:00","","1.2","","-2.9","","74","","0.0","","","","","","","","100.29","","","","","","NA"
"-79.40","43.67","TORONTO CITY","6158355","2026-03-20 04:00","2026","03","20","04:00","","1.3","","-2.3","","77","","0.0","","","","","","","","100.32","","","","","","NA"
"-79.40","43.67","TORONTO CITY","6158355","2026-03-20 05:00","2026","03","20","05:00","","0.9","","-2.9","","76","","0.1","","","","","","","","100.13","","","","","","NA"
"-79.40","43.67","TORONTO CITY","6158355","2026-03-20 06:00","2026","03","20","06:00","","0.7","","-3.0","","76","","0.4","","","","","","","","99.98","","","","","","NA"
"-79.40","43.67","TORONTO CITY","6158355","2026-03-20 07:00","2026","03","20","07:00","","0.6","","-1.3","","87","","0.9","","","","","","","","99.87","","","","","","NA"
"-79.40","43.67","TORONTO CITY","6158355","2026-03-20 08:00","2026","03","20","08:00","","0.6","","-0.6","","92","","4.2","","","","","","","","99.71","","","","","","NA"
"-79.40","43.67","TORONTO CITY","6158355","2026-03-20 09:00","2026","03","20","09:00","","1.0","","0.2","","94","","3.1","","","","","","","","99.53","","","","","","NA"
"-79.40","43.67","TORONTO CITY","6158355","2026-03-20 10:00","2026","03","20","10:00","","1.5","","0.8","","95","","2.0","","","","","","","","99.37","","","","","","NA"
"-79.40","43.67","TORONTO CITY","6158355","2026-03-20 11:00","2026","03","20","11:00","","2.2","","1.5","","95","","0.4","","","","","","","","99.27","","","","","","NA"
"-79.40","43.67","TORONTO CITY","6158355","2026-03-20 12:00","2026","03","20","12:00","","3.0","","2.1","","94","","0.8","","","","","","","","99.25","","","","","","NA"
"-79.40","43.67","TORONTO CITY","6158355","2026-03-20 13:00","2026","03","20","13:00","","3.3","","2.3","","93","","0.0","","","","","","","","99.22","","","","","","NA"
"-79.40","43.67","TORONTO CITY","6158355","2026-03-20 14:00","2026","03","20","14:00","","4.1","","2.4","","88","","0.0","","","","","","","","99.22","","","","","","NA"
"-79.40","43.67","TORONTO CITY","6158355","2026-03-20 15:00","2026","03","20","15:00","","4.8","","2.7","","86","","0.0","","","","","","","","99.22","","","","","","NA"
"-79.40","43.67","TORONTO CITY","6158355","2026-03-20 16:00","2026","03","20","16:00","","5.2","","3.0","","85","","0.0","","","","","","","","99.30","","","","","","NA"
"-79.40","43.67","TORONTO CITY","6158355","2026-03-20 17:00","2026","03","20","17:00","","5.3","","3.1","","86","","0.0","","","","","","","","99.39","","","","","","NA"
"-79.40","43.67","TORONTO CITY","6158355","2026-03-20 18:00","2026","03","20","18:00","","4.9","","2.9","","87","","0.0","","","","","","","","99.48","","","","","","NA"
"-79.40","43.67","TORONTO CITY","6158355","2026-03-20 19:00","2026","03","20","19:00","","4.8","","2.7","","86","","0.0","","","","","","","","99.51","","","","","","NA"
"-79.40","43.67","TORONTO CITY","6158355","2026-03-20 20:00","2026","03","20","20:00","","4.5","","2.2","","85","","0.0","","","","","","","","99.71","","","","","","NA"
"-79.40","43.67","TORONTO CITY","6158355","2026-03-20 21:00","2026","03","20","21:00","","3.9","","1.6","","85","","0.0","","","","","","","","99.78","","","","","","NA"
"-79.40","43.67","TORONTO CITY","6158355","2026-03-20 22:00","2026","03","20","22:00","","3.1","","0.3","","82","","0.0","","","","","","","","99.80","","","","","","NA"
"-79.40","43.67","TORONTO CITY","6158355","2026-03-20 23:00","2026","03","20","23:00","","2.8","","0.1","","83","","0.0","","","","","","","","99.85","","","","","","NA"
"-79.40","43.67","TORONTO CITY","6158355","2026-03-21 00:00","2026","03","21","00:00","","2.7","","0.3","","85","","0.0","","","","","","","","99.92","","","","","","NA"
"-79.40","43.67","TORONTO CITY","6158355","2026-03-21 01:00","2026","03","21","01:00","","2.6","","0.1","","83","","0.0","","","","","","","","99.95","","","","","","NA"
"-79.40","43.67","TORONTO CITY","6158355","2026-03-21 02:00","2026","03","21","02:00","","2.4","","-0.7","","80","","0.0","","","","","","","","99.95","","","","","","NA"
"-79.40","43.67","TORONTO CITY","6158355","2026-03-21 03:00","2026","03","21","03:00","","2.3","","-0.8","","80","","0.0","","","","","","","","100.03","","","","","","NA"
"-79.40","43.67","TORONTO CITY","6158355","2026-03-21 04:00","2026","03","21","04:00","","2.1","","-1.0","","80","","0.0","","","","","","","","100.08","","","","","","NA"
"-79.40","43.67","TORONTO CITY","6158355","2026-03-21 05:00","2026","03","21","05:00","","1.9","","-1.1","","81","","0.0","","","","","","","","100.12","","","","","","NA"
"-79.40","43.67","TORONTO CITY","6158355","2026-03-21 06:00","2026","03","21","06:00","","2.1","","-0.9","","81","","0.0","","","","","","","","100.26","","","","","","NA"
"-79.40","43.67","TORONTO CITY","6158355","2026-03-21 07:00","2026","03","21","07:00","","2.2","","-0.9","","80","","0.0","","","","","","","","100.31","","","","","","NA"
"-79.40","43.67","TORONTO CITY","6158355","2026-03-21 08:00","2026","03","21","08:00","","2.4","","-1.2","","77","","0.0","","","","","","","","100.31","","","","","","NA"
"-79.40","43.67","TORONTO CITY","6158355","2026-03-21 09:00","2026","03","21","09:00","","3.2","","-0.8","","75","","0.0","","","","","","","","100.41","","","","","","NA"
"-79.40","43.67","TORONTO CITY","6158355","2026-03-21 10:00","2026","03","21","10:00","","4.1","","-1.3","","68","","0.0","","","","","","","","100.35","","","","","","NA"
"-79.40","43.67","TORONTO CITY","6158355","2026-03-21 11:00","2026","03","21","11:00","","3.0","","-0.5","","78","","0.0","","","","","","","","100.36","","","","","","NA"
"-79.40","43.67","TORONTO CITY","6158355","2026-03-21 12:00","2026","03","21","12:00","","3.4","","-0.3","","77","","0.0","","","","","","","","100.32","","","","","","NA"
"-79.40","43.67","TORONTO CITY","6158355","2026-03-21 13:00","2026","03","21","13:00","","3.1","","-1.2","","74","","0.0","","","","","","","","100.39","","","","","","NA"
"-79.40","43.67","TORONTO CITY","6158355","2026-03-21 14:00","2026","03","21","14:00","","3.2","","-2.6","","66","","0.0","","","","","","","","100.30","","","","","","NA"
"-79.40","43.67","TORONTO CITY","6158355","2026-03-21 15:00","2026","03","21","15:00","","3.6","","-2.7","","63","","0.0","","","","","","","","100.22","","","","","","NA"
"-79.40","43.67","TORONTO CITY","6158355","2026-03-21 16:00","2026","03","21","16:00","","3.6","","-2.4","","65","","0.0","","","","","","","","100.09","","","","","","NA"
"-79.40","43.67","TORONTO CITY","6158355","2026-03-21 17:00","2026","03","21","17:00","","2.9","","-2.6","","67","","0.0","","","","","","","","100.01","","","","","","NA"
"-79.40","43.67","TORONTO CITY","6158355","2026-03-21 18:00","2026","03","21","18:00","","2.7","","-1.9","","72","","0.0","","","","","","","","99.97","","","","","","NA"
"-79.40","43.67","TORONTO CITY","6158355","2026-03-21 19:00","2026","03","21","19:00","","2.1","","-0.5","","83","","0.0","","","","","","","","99.92","","","","","","NA"
"-79.40","43.67","TORONTO CITY","6158355","2026-03-21 20:00","2026","03","21","20:00","","2.1","","-0.2","","85","","0.0","","","","","","","","99.79","","","","","","NA"
"-79.40","43.67","TORONTO CITY","6158355","2026-03-21 21:00","2026","03","21","21:00","","2.3","","-0.8","","79","","0.0","","","","","","","","99.63","","","","","","NA"
"-79.40","43.67","TORONTO CITY","6158355","2026-03-21 22:00","2026","03","21","22:00","","2.2","","-1.1","","79","","0.0","","","","","","","","99.52","","","","","","NA"
"-79.40","43.67","TORONTO CITY","6158355","2026-03-21 23:00","2026","03","21","23:00","","2.1","","-0.8","","81","","0.0","","","","","","","","99.51","","","","","","NA"
"-79.40","43.67","TORONTO CITY","6158355","2026-03-22 00:00","2026","03","22","00:00","","2.1","","-0.7","","82","","0.0","","","","","","","","99.37","","","","","","NA"
"-79.40","43.67","TORONTO CITY","6158355","2026-03-22 01:00","2026","03","22","01:00","","2.0","","-0.2","","85","","0.0","","","","","","","","99.26","","","","","","NA"
"-79.40","43.67","TORONTO CITY","6158355","2026-03-22 02:00","2026","03","22","02:00","","1.8","","0.1","","88","","0.0","","","","","","","","99.10","","","","","","NA"
"-79.40","43.67","TORONTO CITY","6158355","2026-03-22 03:00","2026","03","22","03:00","","2.0","","0.3","","88","","0.0","","","","","","","","99.02","","","","","","NA"
"-79.40","43.67","TORONTO CITY","6158355","2026-03-22 04:00","2026","03","22","04:00","","2.1","","0.3","","87","","0.0","","","","","","","","98.91","","","","","","NA"
"-79.40","43.67","TORONTO CITY","6158355","2026-03-22 05:00","2026","03","22","05:00","","2.3","","0.3","","87","","0.0","","","","","","","","98.94","","","","","","NA"
"-79.40","43.67","TORONTO CITY","6158355","2026-03-22 06:00","2026","03","22","06:00","","2.3","","0.4","","87","","0.0","","","","","","","","98.95","","","","","","NA"
"-79.40","43.67","TORONTO CITY","6158355","2026-03-22 07:00","2026","03","22","07:00","","2.9","","0.7","","85","","0.0","","","","","","","","98.89","","","","","","NA"
"-79.40","43.67","TORONTO CITY","6158355","2026-03-22 08:00","2026","03","22","08:00","","2.8","","1.1","","89","","0.2","","","","","","","","98.97","","","","","","NA"
"-79.40","43.67","TORONTO CITY","6158355","2026-03-22 09:00","2026","03","22","09:00","","3.0","","1.9","","92","","3.1","","","","","","","","99.17","","","","","","NA"
"-79.40","43.67","TORONTO CITY","6158355","2026-03-22 10:00","2026","03","22","10:00","","3.0","","2.2","","94","","5.2","","","","","","","","99.11","","","","","","NA"
"-79.40","43.67","TORONTO CITY","6158355","2026-03-22 11:00","2026","03","22","11:00","","3.5","","2.7","","95","","2.9","","","","","","","","99.16","","","","","","NA"
"-79.40","43.67","TORONTO CITY","6158355","2026-03-22 12:00","2026","03","22","12:00","","4.6","","3.1","","90","","0.5","","","","","","","","99.17","","","","","","NA"
"-79.40","43.67","TORONTO CITY","6158355","2026-03-22 13:00","2026","03","22","13:00","","5.3","","2.7","","84","","0.0","","","","","","","","99.25","","","","","","NA"
"-79.40","43.67","TORONTO CITY","6158355","2026-03-22 14:00","2026","03","22","14:00","","5.5","","2.5","","81","","0.0","","","","","","","","99.39","","","","","","NA"
"-79.40","43.67","TORONTO CITY","6158355","2026-03-22 15:00","2026","03","22","15:00","","6.4","","2.0","","74","","0.0","","","","","","","","99.45","","","","","","NA"
"-79.40","43.67","TORONTO CITY","6158355","2026-03-22 16:00","2026","03","22","16:00","","5.6","","1.8","","76","","0.0","","","","","","","","99.61","","","","","","NA"
"-79.40","43.67","TORONTO CITY","6158355","2026-03-22 17:00","2026","03","22","17:00","","4.9","","1.0","","76","","0.0","","","","","","","","99.71","","","","","","NA"
"-79.40","43.67","TORONTO CITY","6158355","2026-03-22 18:00","2026","03","22","18:00","","4.9","","0.8","","75","","0.0","","","","","","","","99.79","","","","","","NA"
"-79.40","43.67","TORONTO CITY","6158355","2026-03-22 19:00","2026","03","22","19:00","","4.7","","0.6","","74","","0.0","","","","","","","","99.82","","","","","","NA"
"-79.40","43.67","TORONTO CITY","6158355","2026-03-22 20:00","2026","03","22","20:00","","4.3","","0.7","","77","","0.0","","","","","","","","99.89","","","","","","NA"
"-79.40","43.67","TORONTO CITY","6158355","2026-03-22 21:00","2026","03","22","21:00","","4.3","","0.9","","78","","0.0","","","","","","","","99.93","","","","","","NA"
"-79.40","43.67","TORONTO CITY","6158355","2026-03-22 22:00","2026","03","22","22:00","","3.4","","-1.4","","71","","0.0","","","","","","","","99.98","","","","","","NA"
"-79.40","43.67","TORONTO CITY","6158355","2026-03-22 23:00","2026","03","22","23:00","","2.5","","-1.5","","75","","0.0","","","","","","","","99.91","","","","","","NA"
"-79.40","43.67","TORONTO CITY","6158355","2026-03-23 00:00","2026","03","23","00:00","","2.2","","-2.9","","69","","0.0","","","","","","","","99.97","","","","","","NA"
"-79.40","43.67","TORONTO CITY","6158355","2026-03-23 01:00","2026","03","23","01:00","","1.9","","-4.1","","64","","0.0","","","","","","","","100.03","","","","","","NA"
"-79.40","43.67","TORONTO CITY","6158355","2026-03-23 02:00","2026","03","23","02:00","","1.4","","-2.9","","73","","0.0","","","","","","","","100.08","","","","","","NA"
"-79.40","43.67","TORONTO CITY","6158355","2026-03-23 03:00","2026","03","23","03:00","","1.4","","-3.5","","70","","0.0","","","","","","","","100.08","","","","","","NA"
"-79.40","43.67","TORONTO CITY","6158355","2026-03-23 04:00","2026","03","23","04:00","","1.3","","-4.1","","67","","0.0","","","","","","","","100.09","","","","","","NA"
"-79.40","43.67","TORONTO CITY","6158355","2026-03-23 05:00","2026","03","23","05:00","","1.2","","-4.5","","66","","0.0","","","","","","","","100.14","","","","","","NA"
"-79.40","43.67","TORONTO CITY","6158355","2026-03-23 06:00","2026","03","23","06:00","","1.0","","-4.5","","66","","0.0","","","","","","","","100.27","","","","","","NA"
"-79.40","43.67","TORONTO CITY","6158355","2026-03-23 07:00","2026","03","23","07:00","","0.9","","-4.6","","66","","0.0","","","","","","","","100.31","","","","","","NA"
"-79.40","43.67","TORONTO CITY","6158355","2026-03-23 08:00","2026","03","23","08:00","","1.1","","-4.4","","66","","0.0","","","","","","","","100.38","","","","","","NA"
"-79.40","43.67","TORONTO CITY","6158355","2026-03-23 09:00","2026","03","23","09:00","","1.3","","-4.7","","64","","0.0","","","","","","","","100.45","","","","","","NA"
"-79.40","43.67","TORONTO CITY","6158355","2026-03-23 10:00","2026","03","23","10:00","","1.5","","-4.7","","63","","0.0","","","","","","","","100.54","","","","","","NA"
"-79.40","43.67","TORONTO CITY","6158355","2026-03-23 11:00","2026","03","23","11:00","","2.0","","-5.1","","59","","0.0","","","","","","","","100.61","","","","","","NA"
"-79.40","43.67","TORONTO CITY","6158355","2026-03-23 12:00","2026","03","23","12:00","","2.4","","-4.4","","61","","0.0","","","","","","","","100.64","","","","","","NA"
"-79.40","43.67","TORONTO CITY","6158355","2026-03-23 13:00","2026","03","23","13:00","","1.6","","-3.9","","67","","0.4","","","","","","","","100.70","","","","","","NA"
"-79.40","43.67","TORONTO CITY","6158355","2026-03-23 14:00","2026","03","23","14:00","","3.0","","-5.2","","55","","0.0","","","","","","","","100.72","","","","","","NA"
"-79.40","43.67","TORONTO CITY","6158355","2026-03-23 15:00","2026","03","23","15:00","","2.8","","-7.2","","48","","0.0","","","","","","","","100.80","","","","","","NA"
"-79.40","43.67","TORONTO CITY","6158355","2026-03-23 16:00","2026","03","23","16:00","","2.2","","-7.5","","49","","0.0","","","","","","","","100.91","","","","","","NA"
"-79.40","43.67","TORONTO CITY","6158355","2026-03-23 17:00","2026","03","23","17:00","","1.4","","-8.0","","50","","0.0","","","","","","","","101.02","","","","","","NA"
"-79.40","43.67","TORONTO CITY","6158355","2026-03-23 18:00","2026","03","23","18:00","","-0.4","","-8.5","","54","","0.0","","","","","","","","101.17","","","","","","NA"
"-79.40","43.67","TORONTO CITY","6158355","2026-03-23 19:00","2026","03","23","19:00","","-1.3","","-8.6","","57","","0.0","","","","","","","","101.27","","","","","","NA"
"-79.40","43.67","TORONTO CITY","6158355","2026-03-23 20:00","2026","03","23","20:00","","-1.6","","-8.4","","60","","0.0","","","","","","","","101.39","","","","","","NA"
"-79.40","43.67","TORONTO CITY","6158355","2026-03-23 21:00","2026","03","23","21:00","","-1.9","","-8.3","","62","","0.0","","","","","","","","101.45","","","","","","NA"
"-79.40","43.67","TORONTO CITY","6158355","2026-03-23 22:00","2026","03","23","22:00","","-2.2","","-9.0","","60","","0.0","","","","","","","","101.49","","","","","","NA"
"-79.40","43.67","TORONTO CITY","6158355","2026-03-23 23:00","2026","03","23","23:00","","-2.4","","-9.1","","60","","0.0","","","","","","","","101.51","","","","","","NA"
"-79.40","43.67","TORONTO CITY","6158355","2026-03-24 00:00","2026","03","24","00:00","","-2.8","","-8.7","","64","","0.0","","","","","","","","101.53","","","","","","NA"
"-79.40","43.67","TORONTO CITY","6158355","2026-03-24 01:00","2026","03","24","01:00","","-3.1","","-8.4","","67","","0.0","","","","","","","","101.51","","","","","","NA"
"-79.40","43.67","TORONTO CITY","6158355","2026-03-24 02:00","2026","03","24","02:00","","-3.2","","-8.2","","68","","0.0","","","","","","","","101.57","","","","","","NA"
"-79.40","43.67","TORONTO CITY","6158355","2026-03-24 03:00","2026","03","24","03:00","","-3.6","","-8.4","","70","","0.0","","","","","","","","101.55","","","","","","NA"
"-79.40","43.67","TORONTO CITY","6158355","2026-03-24 04:00","2026","03","24","04:00","","-3.9","","-8.6","","69","","0.0","","","","","","","","101.59","","","","","","NA"
"-79.40","43.67","TORONTO CITY","6158355","2026-03-24 05:00","2026","03","24","05:00","","-4.2","","-8.5","","72","","0.0","","","","","","","","101.64","","","","","","NA"
"-79.40","43.67","TORONTO CITY","6158355","2026-03-24 06:00","2026","03","24","06:00","","-4.3","","-8.4","","73","","0.0","","","","","","","","101.67","","","","","","NA"
"-79.40","43.67","TORONTO CITY","6158355","2026-03-24 07:00","2026","03","24","07:00","","-4.1","","-8.4","","72","","0.0","","","","","","","","101.66","","","","","","NA"
"-79.40","43.67","TORONTO CITY","6158355","2026-03-24 08:00","2026","03","24","08:00","","-2.0","","-8.1","","63","","0.0","","","","","","","","101.59","","","","","","NA"
"-79.40","43.67","TORONTO CITY","6158355","2026-03-24 09:00","2026","03","24","09:00","","-0.5","","-8.7","","54","","0.0","","","","","","","","101.58","","","","","","NA"
"-79.40","43.67","TORONTO CITY","6158355","2026-03-24 10:00","2026","03","24","10:00","","0.5","","-7.9","","53","","0.0","","","","","","","","101.57","","","","","","NA"
"-79.40","43.67","TORONTO CITY","6158355","2026-03-24 11:00","2026","03","24","11:00","","1.0","","-7.0","","55","","0.0","","","","","","","","101.57","","","","","","NA"
"-79.40","43.67","TORONTO CITY","6158355","2026-03-24 12:00","2026","03","24","12:00","","2.1","","-7.0","","51","","0.0","","","","","","","","101.45","","","","","","NA"
"-79.40","43.67","TORONTO CITY","6158355","2026-03-24 13:00","2026","03","24","13:00","","2.1","","-6.7","","52","","0.0","","","","","","","","101.37","","","","","","NA"
"-79.40","43.67","TORONTO CITY","6158355","2026-03-24 14:00","2026","03","24","14:00","","2.4","","-6.7","","51","","0.0","","","","","","","","101.33","","","","","","NA"
"-79.40","43.67","TORONTO CITY","6158355","2026-03-24 15:00","2026","03","24","15:00","","4.0","","-7.7","","42","","0.0","","","","","","","","101.26","","","","","","NA"
"-79.40","43.67","TORONTO CITY","6158355","2026-03-24 16:00","2026","03","24","16:00","","4.9","","-6.5","","44","","0.0","","","","","","","","101.23","","","","","","NA"
"-79.40","43.67","TORONTO CITY","6158355","2026-03-24 17:00","2026","03","24","17:00","","3.3","","-4.3","","58","","0.0","","","","","","","","101.23","","","","","","NA"
"-79.40","43.67","TORONTO CITY","6158355","2026-03-24 18:00","2026","03","24","18:00","","3.1","","-3.7","","61","","0.0","","","","","","","","101.19","","","","","","NA"
"-79.40","43.67","TORONTO CITY","6158355","2026-03-24 19:00","2026","03","24","19:00","","2.9","","-3.4","","63","","0.0","","","","","","","","101.23","","","","","","NA"
"-79.40","43.67","TORONTO CITY","6158355","2026-03-24 20:00","2026","03","24","20:00","","3.3","","-3.8","","59","","0.0","","","","","","","","101.29","","","","","","NA"
"-79.40","43.67","TORONTO CITY","6158355","2026-03-24 21:00","2026","03","24","21:00","","3.5","","-3.7","","60","","0.0","","","","","","","","101.32","","","","","","NA"
"-79.40","43.67","TORONTO CITY","6158355","2026-03-24 22:00","2026","03","24","22:00","","2.4","","-3.2","","66","","0.0","","","","","","","","101.31","","","","","","NA"
"-79.40","43.67","TORONTO CITY","6158355","2026-03-24 23:00","2026","03","24","23:00","","1.7","","-2.7","","73","","0.0","","","","","","","","101.34","","","","","","NA"
"-79.40","43.67","TORONTO CITY","6158355","2026-03-25 00:00","2026","03","25","00:00","","1.7","","-2.7","","73","","0.0","","","","","","","","101.34","","","","","","NA"
"-79.40","43.67","TORONTO CITY","6158355","2026-03-25 01:00","2026","03","25","01:00","","1.3","","-2.6","","75","","0.0","","","","","","","","101.32","","","","","","NA"
"-79.40","43.67","TORONTO CITY","6158355","2026-03-25 02:00","2026","03","25","02:00","","0.9","","-2.7","","77","","0.0","","","","","","","","101.27","","","","","","NA"
"-79.40","43.67","TORONTO CITY","6158355","2026-03-25 03:00","2026","03","25","03:00","","0.8","","-2.4","","79","","0.0","","","","","","","","101.22","","","","","","NA"
"-79.40","43.67","TORONTO CITY","6158355","2026-03-25 04:00","2026","03","25","04:00","","0.7","","-2.3","","81","","0.0","","","","","","","","101.20","","","","","","NA"
"-79.40","43.67","TORONTO CITY","6158355","2026-03-25 05:00","2026","03","25","05:00","","0.4","","-2.4","","81","","0.0","","","","","","","","101.21","","","","","","NA"
"-79.40","43.67","TORONTO CITY","6158355","2026-03-25 06:00","2026","03","25","06:00","","0.5","","-2.5","","80","","0.0","","","","","","","","101.27","","","","","","NA"
"-79.40","43.67","TORONTO CITY","6158355","2026-03-25 07:00","2026","03","25","07:00","","1.1","","-2.8","","75","","0.0","","","","","","","","101.26","","","","","","NA"
"-79.40","43.67","TORONTO CITY","6158355","2026-03-25 08:00","2026","03","25","08:00","","1.7","","-2.4","","74","","0.0","","","","","","","","101.24","","","","","","NA"
"-79.40","43.67","TORONTO CITY","6158355","2026-03-25 09:00","2026","03","25","09:00","","3.3","","-1.9","","69","","0.0","","","","","","","","101.20","","","","","","NA"
"-79.40","43.67","TORONTO CITY","6158355","2026-03-25 10:00","2026","03","25","10:00","","4.7","","-4.1","","53","","0.0","","","","","","","","101.13","","","","","","NA"
"-79.40","43.67","TORONTO CITY","6158355","2026-03-25 11:00","2026","03","25","11:00","","5.4","","-4.6","","49","","0.0","","","","","","","","101.01","","","","","","NA"
"-79.40","43.67","TORONTO CITY","6158355","2026-03-25 12:00","2026","03","25","12:00","","5.8","","-4.6","","47","","0.0","","","","","","","","100.86","","","","","","NA"
"-79.40","43.67","TORONTO CITY","6158355","2026-03-25 13:00","2026","03","25","13:00","","5.3","","-4.4","","50","","0.0","","","","","","","","100.73","","","","","","NA"
"-79.40","43.67","TORONTO CITY","6158355","2026-03-25 14:00","2026","03","25","14:00","","5.3","","-3.6","","53","","0.0","","","","","","","","100.54","","","","","","NA"
"-79.40","43.67","TORONTO CITY","6158355","2026-03-25 15:00","2026","03","25","15:00","","3.7","","-3.7","","58","","0.0","","","","","","","","100.39","","","","","","NA"
"-79.40","43.67","TORONTO CITY","6158355","2026-03-25 16:00","2026","03","25","16:00","","3.1","","-2.7","","66","","0.0","","","","","","","","100.25","","","","","","NA"
"-79.40","43.67","TORONTO CITY","6158355","2026-03-25 17:00","2026","03","25","17:00","","3.1","","-2.7","","66","","0.0","","","","","","","","100.18","","","","","","NA"
"-79.40","43.67","TORONTO CITY","6158355","2026-03-25 18:00","2026","03","25","18:00","","3.0","","-2.4","","68","","0.0","","","","","","","","100.15","","","","","","NA"
"-79.40","43.67","TORONTO CITY","6158355","2026-03-25 19:00","2026","03","25","19:00","","3.0","","-2.4","","68","","0.0","","","","","","","","100.03","","","","","","NA"
"-79.40","43.67","TORONTO CITY","6158355","2026-03-25 20:00","2026","03","25","20:00","","3.3","","-2.0","","68","","0.0","","","","","","","","100.00","","","","","","NA"
"-79.40","43.67","TORONTO CITY","6158355","2026-03-25 21:00","2026","03","25","21:00","","3.4","","-1.1","","72","","0.0","","","","","","","","99.90","","","","","","NA"
"-79.40","43.67","TORONTO CITY","6158355","2026-03-25 22:00","2026","03","25","22:00","","3.7","","-0.6","","73","","0.0","","","","","","","","99.90","","","","","","NA"
"-79.40","43.67","TORONTO CITY","6158355","2026-03-25 23:00","2026","03","25","23:00","","4.3","","1.2","","81","","0.3","","","","","","","","99.72","","","","","","NA"
"-79.40","43.67","TORONTO CITY","6158355","2026-03-26 00:00","2026","03","26","00:00","","4.4","","0.4","","75","","0.0","","","","","","","","99.63","","","","","","NA"
"-79.40","43.67","TORONTO CITY","6158355","2026-03-26 01:00","2026","03","26","01:00","","5.3","","-1.4","","62","","0.0","","","","","","","","99.54","","","","","","NA"
"-79.40","43.67","TORONTO CITY","6158355","2026-03-26 02:00","2026","03","26","02:00","","3.6","","-0.3","","76","","0.0","","","","","","","","99.45","","","","","","NA"
"-79.40","43.67","TORONTO CITY","6158355","2026-03-26 03:00","2026","03","26","03:00","","3.2","","-0.4","","77","","0.0","","","","","","","","99.42","","","","","","NA"
"-79.40","43.67","TORONTO CITY","6158355","2026-03-26 04:00","2026","03","26","04:00","","4.7","","-0.7","","68","","0.0","","","","","","","","99.40","","","","","","NA"
"-79.40","43.67","TORONTO CITY","6158355","2026-03-26 05:00","2026","03","26","05:00","","3.9","","-0.8","","71","","0.0","","","","","","","","99.45","","","","","","NA"
"-79.40","43.67","TORONTO CITY","6158355","2026-03-26 06:00","2026","03","26","06:00","","3.7","","-0.7","","73","","0.0","","","","","","","","99.47","","","","","","NA"
"-79.40","43.67","TORONTO CITY","6158355","2026-03-26 07:00","2026","03","26","07:00","","3.9","","-0.7","","72","","0.0","","","","","","","","99.52","","","","","","NA"
"-79.40","43.67","TORONTO CITY","6158355","2026-03-26 08:00","2026","03","26","08:00","","5.8","","0.4","","69","","0.0","","","","","","","","99.45","","","","","","NA"
"-79.40","43.67","TORONTO CITY","6158355","2026-03-26 09:00","2026","03","26","09:00","","6.7","","1.2","","68","","0.0","","","","","","","","99.49","","","","","","NA"
"-79.40","43.67","TORONTO CITY","6158355","2026-03-26 10:00","2026","03","26","10:00","","8.8","","1.6","","61","","0.0","","","","","","","","99.46","","","","","","NA"
"-79.40","43.67","TORONTO CITY","6158355","2026-03-26 11:00","2026","03","26","11:00","","10.5","","2.0","","56","","0.0","","","","","","","","99.46","","","","","","NA"
"-79.40","43.67","TORONTO CITY","6158355","2026-03-26 12:00","2026","03","26","12:00","","9.0","","4.2","","72","","0.3","","","","","","","","99.52","","","","","","NA"
"-79.40","43.67","TORONTO CITY","6158355","2026-03-26 13:00","2026","03","26","13:00","","10.3","","4.3","","66","","0.3","","","","","","","","99.37","","","","","","NA"
"-79.40","43.67","TORONTO CITY","6158355","2026-03-26 14:00","2026","03","26","14:00","","10.1","","5.1","","71","","0.0","","","","","","","","99.32","","","","","","NA"
"-79.40","43.67","TORONTO CITY","6158355","2026-03-26 15:00","2026","03","26","15:00","","8.1","","5.3","","82","","0.5","","","","","","","","99.29","","","","","","NA"
"-79.40","43.67","TORONTO CITY","6158355","2026-03-26 16:00","2026","03","26","16:00","","8.0","","6.5","","91","","1.9","","","","","","","","99.22","","","","","","NA"
"-79.40","43.67","TORONTO CITY","6158355","2026-03-26 17:00","2026","03","26","17:00","","8.2","","6.6","","90","","0.3","","","","","","","","99.18","","","","","","NA"
"-79.40","43.67","TORONTO CITY","6158355","2026-03-26 18:00","2026","03","26","18:00","","6.0","","4.8","","92","","0.2","","","","","","","","99.27","","","","","","NA"
"-79.40","43.67","TORONTO CITY","6158355","2026-03-26 19:00","2026","03","26","19:00","","6.5","","5.5","","93","","0.6","","","","","","","","99.37","","","","","","NA"
"-79.40","43.67","TORONTO CITY","6158355","2026-03-26 20:00","2026","03","26","20:00","","6.3","","4.8","","90","","3.0","","","","","","","","99.53","","","","","","NA"
"-79.40","43.67","TORONTO CITY","6158355","2026-03-26 21:00","2026","03","26","21:00","","4.7","","1.6","","81","","0.1","","","","","","","","99.64","","","","","","NA"
"-79.40","43.67","TORONTO CITY","6158355","2026-03-26 22:00","2026","03","26","22:00","","3.5","","0.6","","82","","0.0","","","","","","","","99.74","","","","","","NA"
"-79.40","43.67","TORONTO CITY","6158355","2026-03-26 23:00","2026","03","26","23:00","","1.6","","-1.2","","82","","0.0","","","","","","","","99.94","","","","","","NA"
"-79.40","43.67","TORONTO CITY","6158355","2026-03-27 00:00","2026","03","27","00:00","","0.9","","-2.1","","80","","0.0","","","","","","","","100.04","","","","","","NA"
"-79.40","43.67","TORONTO CITY","6158355","2026-03-27 01:00","2026","03","27","01:00","","-0.1","","-4.8","","71","","0.0","","","","","","","","100.16","","","","","","NA"
"-79.40","43.67","TORONTO CITY","6158355","2026-03-27 02:00","2026","03","27","02:00","","-1.7","","-7.0","","67","","0.0","","","","","","","","100.36","","","","","","NA"
"-79.40","43.67","TORONTO CITY","6158355","2026-03-27 03:00","2026","03","27","03:00","","-3.0","","-8.3","","67","","0.0","","","","","","","","100.54","","","","","","NA"
"-79.40","43.67","TORONTO CITY","6158355","2026-03-27 04:00","2026","03","27","04:00","","-3.9","","-9.9","","63","","0.0","","","","","","","","100.68","","","","","","NA"
"-79.40","43.67","TORONTO CITY","6158355","2026-03-27 05:00","2026","03","27","05:00","","-4.9","","-11.2","","61","","0.0","","","","","","","","100.83","","","","","","NA"
"-79.40","43.67","TORONTO CITY","6158355","2026-03-27 06:00","2026","03","27","06:00","","-5.6","","-13.5","","54","","0.0","","","","","","","","101.03","","","","","","NA"
"-79.40","43.67","TORONTO CITY","6158355","2026-03-27 07:00","2026","03","27","07:00","","-6.2","","-14.9","","50","","0.0","","","","","","","","101.12","","","","","","NA"
"-79.40","43.67","TORONTO CITY","6158355","2026-03-27 08:00","2026","03","27","08:00","","-5.7","","-16.0","","44","","0.0","","","","","","","","101.21","","","","","","NA"
"-79.40","43.67","TORONTO CITY","6158355","2026-03-27 09:00","2026","03","27","09:00","","-5.0","","-16.3","","41","","0.0","","","","","","","","101.31","","","","","","NA"
"-79.40","43.67","TORONTO CITY","6158355","2026-03-27 10:00","2026","03","27","10:00","","-3.7","","-15.7","","39","","0.0","","","","","","","","101.33","","","","","","NA"
"-79.40","43.67","TORONTO CITY","6158355","2026-03-27 11:00","2026","03","27","11:00","","-2.5","","-14.4","","39","","0.0","","","","","","","","101.33","","","","","","NA"
"-79.40","43.67","TORONTO CITY","6158355","2026-03-27 12:00","2026","03","27","12:00","","-1.6","","-13.1","","41","","0.0","","","","","","","","101.25","","","","","","NA"
"-79.40","43.67","TORONTO CITY","6158355","2026-03-27 13:00","2026","03","27","13:00","","-0.1","","-14.1","","34","","0.0","","","","","","","","101.18","","","","","","NA"
"-79.40","43.67","TORONTO CITY","6158355","2026-03-27 14:00","2026","03","27","14:00","","-0.6","","-11.5","","43","","0.0","","","","","","","","101.11","","","","","","NA"
"-79.40","43.67","TORONTO CITY","6158355","2026-03-27 15:00","2026","03","27","15:00","","-1.0","","-11.6","","45","","0.0","","","","","","","","101.10","","","","","","NA"
"-79.40","43.67","TORONTO CITY","6158355","2026-03-27 16:00","2026","03","27","16:00","","-1.9","","-11.2","","49","","0.0","","","","","","","","101.14","","","","","","NA"
"-79.40","43.67","TORONTO CITY","6158355","2026-03-27 17:00","2026","03","27","17:00","","-1.2","","-11.0","","47","","0.0","","","","","","","","101.12","","","","","","NA"
"-79.40","43.67","TORONTO CITY","6158355","2026-03-27 18:00","2026","03","27","18:00","","-1.7","","-11.3","","48","","0.0","","","","","","","","101.16","","","","","","NA"
"-79.40","43.67","TORONTO CITY","6158355","2026-03-27 19:00","2026","03","27","19:00","","-1.5","","-10.9","","49","","0.0","","","","","","","","101.21","","","","","","NA"
"-79.40","43.67","TORONTO CITY","6158355","2026-03-27 20:00","2026","03","27","20:00","","-2.1","","-14.6","","38","","0.0","","","","","","","","101.30","","","","","","NA"
"-79.40","43.67","TORONTO CITY","6158355","2026-03-27 21:00","2026","03","27","21:00","","-3.1","","-14.4","","41","","0.0","","","","","","","","101.37","","","","","","NA"
"-79.40","43.67","TORONTO CITY","6158355","2026-03-27 22:00","2026","03","27","22:00","","-4.1","","-14.2","","45","","0.0","","","","","","","","101.40","","","","","","NA"
"-79.40","43.67","TORONTO CITY","6158355","2026-03-27 23:00","2026","03","27","23:00","","-4.2","","-15.5","","41","","0.0","","","","","","","","101.42","","","","","","NA"
"-79.40","43.67","TORONTO CITY","6158355","2026-03-28 00:00","2026","03","28","00:00","","-4.0","","-15.8","","39","","0.0","","","","","","","","101.44","","","","","","NA"
"-79.40","43.67","TORONTO CITY","6158355","2026-03-28 01:00","2026","03","28","01:00","","-3.8","","-15.7","","39","","0.0","","","","","","","","101.47","","","","","","NA"
"-79.40","43.67","TORONTO CITY","6158355","2026-03-28 02:00","2026","03","28","02:00","","-4.0","","-15.0","","42","","0.0","","","","","","","","101.47","","","","","","NA"
"-79.40","43.67","TORONTO CITY","6158355","2026-03-28 03:00","2026","03","28","03:00","","-4.4","","-14.3","","46","","0.0","","","","","","","","101.50","","","","","","NA"
"-79.40","43.67","TORONTO CITY","6158355","2026-03-28 04:00","2026","03","28","04:00","","-4.3","","-12.2","","54","","0.0","","","","","","","","101.54","","","","","","NA"
"-79.40","43.67","TORONTO CITY","6158355","2026-03-28 05:00","2026","03","28","05:00","","-4.0","","-12.4","","52","","0.0","","","","","","","","101.59","","","","","","NA"
"-79.40","43.67","TORONTO CITY","6158355","2026-03-28 06:00","2026","03","28","06:00","","-3.7","","-11.1","","57","","0.0","","","","","","","","101.67","","","","","","NA"
"-79.40","43.67","TORONTO CITY","6158355","2026-03-28 07:00","2026","03","28","07:00","","-3.5","","-9.9","","61","","0.0","","","","","","","","101.77","","","","","","NA"
"-79.40","43.67","TORONTO CITY","6158355","2026-03-28 08:00","2026","03","28","08:00","","-2.1","","-10.4","","53","","0.0","","","","","","","","101.83","","","","","","NA"
"-79.40","43.67","TORONTO CITY","6158355","2026-03-28 09:00","2026","03","28","09:00","","-0.9","","-12.0","","42","","0.0","","","","","","","","101.88","","","","","","NA"
"-79.40","43.67","TORONTO CITY","6158355","2026-03-28 10:00","2026","03","28","10:00","","-0.6","","-13.5","","37","","0.0","","","","","","","","101.96","","","","","","NA"
"-79.40","43.67","TORONTO CITY","6158355","2026-03-28 11:00","2026","03","28","11:00","","0.3","","-12.3","","38","","0.0","","","","","","","","101.93","","","","","","NA"
"-79.40","43.67","TORONTO CITY","6158355","2026-03-28 12:00","2026","03","28","12:00","","-0.2","","-10.3","","46","","0.0","","","","","","","","101.91","","","","","","NA"
"-79.40","43.67","TORONTO CITY","6158355","2026-03-28 13:00","2026","03","28","13:00","","0.4","","-10.6","","43","","0.0","","","","","","","","101.87","","","","","","NA"
"-79.40","43.67","TORONTO CITY","6158355","2026-03-28 14:00","2026","03","28","14:00","","1.1","","-8.9","","47","","0.0","","","","","","","","101.84","","","","","","NA"
"-79.40","43.67","TORONTO CITY","6158355","2026-03-28 15:00","2026","03","28","15:00","","2.4","","-10.1","","39","","0.0","","","","","","","","101.78","","","","","","NA"
"-79.40","43.67","TORONTO CITY","6158355","2026-03-28 16:00","2026","03","28","16:00","","2.2","","-10.7","","38","","0.0","","","","","","","","101.77","","","","","","NA"
"-79.40","43.67","TORONTO CITY","6158355","2026-03-28 17:00","2026","03","28","17:00","","1.8","","-10.5","","39","","0.0","","","","","","","","101.73","","","","","","NA"
"-79.40","43.67","TORONTO CITY","6158355","2026-03-28 18:00","2026","03","28","18:00","","1.3","","-10.5","","41","","0.0","","","","","","","","101.72","","","","","","NA"
"-79.40","43.67","TORONTO CITY","6158355","2026-03-28 19:00","2026","03","28","19:00","","1.1","","-9.7","","45","","0.0","","","","","","","","101.74","","","","","","NA"
"-79.40","43.67","TORONTO CITY","6158355","2026-03-28 20:00","2026","03","28","20:00","","1.1","","-9.8","","44","","0.0","","","","","","","","101.74","","","","","","NA"
"-79.40","43.67","TORONTO CITY","6158355","2026-03-28 21:00","2026","03","28","21:00","","1.2","","-9.2","","46","","0.0","","","","","","","","101.73","","","","","","NA"
"-79.40","43.67","TORONTO CITY","6158355","2026-03-28 22:00","2026","03","28","22:00","","0.9","","-5.6","","62","","0.0","","","","","","","","101.68","","","","","","NA"
"-79.40","43.67","TORONTO CITY","6158355","2026-03-28 23:00","2026","03","28","23:00","","0.8","","-5.5","","63","","0.0","","","","","","","","101.64","","","","","","NA"
"-79.40","43.67","TORONTO CITY","6158355","2026-03-29 00:00","2026","03","29","00:00","","0.8","","-5.3","","64","","0.0","","","","","","","","101.57","","","","","","NA"
"-79.40","43.67","TORONTO CITY","6158355","2026-03-29 01:00","2026","03","29","01:00","","0.9","","-3.5","","73","","0.0","","","","","","","","101.51","","","","","","NA"
"-79.40","43.67","TORONTO CITY","6158355","2026-03-29 02:00","2026","03","29","02:00","","1.3","","-3.2","","72","","0.0","","","","","","","","101.53","","","","","","NA"
"-79.40","43.67","TORONTO CITY","6158355","2026-03-29 03:00","2026","03","29","03:00","","1.2","","-4.7","","64","","0.0","","","","","","","","101.50","","","","","","NA"
"-79.40","43.67","TORONTO CITY","6158355","2026-03-29 04:00","2026","03","29","04:00","","1.3","","-4.4","","66","","0.0","","","","","","","","101.46","","","","","","NA"
"-79.40","43.67","TORONTO CITY","6158355","2026-03-29 05:00","2026","03","29","05:00","","1.5","","-3.5","","69","","0.0","","","","","","","","101.44","","","","","","NA"
"-79.40","43.67","TORONTO CITY","6158355","2026-03-29 06:00","2026","03","29","06:00","","1.5","","-3.0","","72","","0.0","","","","","","","","101.43","","","","","","NA"
"-79.40","43.67","TORONTO CITY","6158355","2026-03-29 07:00","2026","03","29","07:00","","1.7","","-3.2","","70","","0.0","","","","","","","","101.43","","","","","","NA"
"-79.40","43.67","TORONTO CITY","6158355","2026-03-29 08:00","2026","03","29","08:00","","2.7","","-3.5","","64","","0.0","","","","","","","","101.42","","","","","","NA"
"-79.40","43.67","TORONTO CITY","6158355","2026-03-29 09:00","2026","03","29","09:00","","4.1","","-2.5","","62","","0.0","","","","","","","","101.39","","","","","","NA"
"-79.40","43.67","TORONTO CITY","6158355","2026-03-29 10:00","2026","03","29","10:00","","5.0","","-2.4","","59","","0.0","","","","","","","","101.36","","","","","","NA"
"-79.40","43.67","TORONTO CITY","6158355","2026-03-29 11:00","2026","03","29","11:00","","7.0","","-2.4","","51","","0.0","","","","","","","","101.30","","","","","","NA"
"-79.40","43.67","TORONTO CITY","6158355","2026-03-29 12:00","2026","03","29","12:00","","9.4","","-2.5","","43","","0.0","","","","","","","","101.20","","","","","","NA"
"-79.40","43.67","TORONTO CITY","6158355","2026-03-29 13:00","2026","03","29","13:00","","9.2","","-2.2","","45","","0.0","","","","","","","","101.13","","","","","","NA"
"-79.40","43.67","TORONTO CITY","6158355","2026-03-29 14:00","2026","03","29","14:00","","8.6","","-1.2","","50","","0.0","","","","","","","","101.07","","","","","","NA"
"-79.40","43.67","TORONTO CITY","6158355","2026-03-29 15:00","2026","03","29","15:00","","9.2","","-1.8","","46","","0.0","","","","","","","","101.02","","","","","","NA"
"-79.40","43.67","TORONTO CITY","6158355","2026-03-29 16:00","2026","03","29","16:00","","9.5","","-2.3","","43","","0.0","","","","","","","","100.96","","","","","","NA"
"-79.40","43.67","TORONTO CITY","6158355","2026-03-29 17:00","2026","03","29","17:00","","9.4","","-2.2","","44","","0.0","","","","","","","","100.91","","","","","","NA"
"-79.40","43.67","TORONTO CITY","6158355","2026-03-29 18:00","2026","03","29","18:00","","9.1","","-2.9","","43","","0.0","","","","","","","","100.84","","","","","","NA"
"-79.40","43.67","TORONTO CITY","6158355","2026-03-29 19:00","2026","03","29","19:00","","8.4","","-3.8","","42","","0.0","","","","","","","","100.80","","","","","","NA"
"-79.40","43.67","TORONTO CITY","6158355","2026-03-29 20:00","2026","03","29","20:00","","8.4","","-4.0","","41","","0.0","","","","","","","","100.76","","","","","","NA"
"-79.40","43.67","TORONTO CITY","6158355","2026-03-29 21:00","2026","03","29","21:00","","8.2","","-5.2","","38","","0.0","","","","","","","","100.74","","","","","","NA"
"-79.40","43.67","TORONTO CITY","6158355","2026-03-29 22:00","2026","03","29","22:00","","7.0","","-5.0","","42","","0.0","","","","","","","","100.67","","","","","","NA"
"-79.40","43.67","TORONTO CITY","6158355","2026-03-29 23:00","2026","03","29","23:00","","6.4","","-6.0","","41","","0.0","","","","","","","","100.59","","","","","","NA"
"-79.40","43.67","TORONTO CITY","6158355","2026-03-30 00:00","2026","03","30","00:00","","5.9","","-5.9","","43","","0.0","","","","","","","","100.54","","","","","","NA"
"-79.40","43.67","TORONTO CITY","6158355","2026-03-30 01:00","2026","03","30","01:00","","4.5","","-5.4","","49","","0.0","","","","","","","","100.45","","","","","","NA"
"-79.40","43.67","TORONTO CITY","6158355","2026-03-30 02:00","2026","03","30","02:00","","4.0","","-4.5","","54","","0.0","","","","","","","","100.38","","","","","","NA"
"-79.40","43.67","TORONTO CITY","6158355","2026-03-30 03:00","2026","03","30","03:00","","3.9","","-4.9","","53","","0.0","","","","","","","","100.31","","","","","","NA"
"-79.40","43.67","TORONTO CITY","6158355","2026-03-30 04:00","2026","03","30","04:00","","4.0","","-4.8","","52","","0.0","","","","","","","","100.24","","","","","","NA"
"-79.40","43.67","TORONTO CITY","6158355","2026-03-30 05:00","2026","03","30","05:00","","5.0","","-5.0","","48","","0.0","","","","","","","","100.20","","","","","","NA"
"-79.40","43.67","TORONTO CITY","6158355","2026-03-30 06:00","2026","03","30","06:00","","5.6","","-4.0","","50","","0.0","","","","","","","","100.20","","","","","","NA"
"-79.40","43.67","TORONTO CITY","6158355","2026-03-30 07:00","2026","03","30","07:00","","6.3","","-3.8","","48","","0.0","","","","","","","","100.20","","","","","","NA"
"-79.40","43.67","TORONTO CITY","6158355","2026-03-30 08:00","2026","03","30","08:00","","7.9","","-2.9","","46","","0.0","","","","","","","","100.17","","","","","","NA"
"-79.40","43.67","TORONTO CITY","6158355","2026-03-30 09:00","2026","03","30","09:00","","9.3","","-1.3","","47","","0.0","","","","","","","","100.08","","","","","","NA"
"-79.40","43.67","TORONTO CITY","6158355","2026-03-30 10:00","2026","03","30","10:00","","11.2","","-0.9","","43","","0.0","","","","","","","","100.16","","","","","","NA"
"-79.40","43.67","TORONTO CITY","6158355","2026-03-30 11:00","2026","03","30","11:00","","14.3","","1.2","","41","","0.0","","","","","","","","100.08","","","","","","NA"
"-79.40","43.67","TORONTO CITY","6158355","2026-03-30 12:00","2026","03","30","12:00","","16.2","","1.7","","37","","0.0","","","","","","","","100.07","","","","","","NA"
"-79.40","43.67","TORONTO CITY","6158355","2026-03-30 13:00","2026","03","30","13:00","","18.3","","3.1","","36","","0.0","","","","","","","","100.01","","","","","","NA"
"-79.40","43.67","TORONTO CITY","6158355","2026-03-30 14:00","2026","03","30","14:00","","20.0","","5.1","","38","","0.0","","","","","","","","99.93","","","","","","NA"
"-79.40","43.67","TORONTO CITY","6158355","2026-03-30 15:00","2026","03","30","15:00","","19.0","","4.2","","38","","0.0","","","","","","","","99.89","","","","","","NA"
"-79.40","43.67","TORONTO CITY","6158355","2026-03-30 16:00","2026","03","30","16:00","","19.2","","4.8","","38","","0.0","","","","","","","","99.86","","","","","","NA"
"-79.40","43.67","TORONTO CITY","6158355","2026-03-30 17:00","2026","03","30","17:00","","17.4","","5.5","","45","","0.0","","","","","","","","99.88","","","","","","NA"
"-79.40","43.67","TORONTO CITY","6158355","2026-03-30 18:00","2026","03","30","18:00","","15.9","","5.9","","51","","0.0","","","","","","","","99.93","","","","","","NA"
"-79.40","43.67","TORONTO CITY","6158355","2026-03-30 19:00","2026","03","30","19:00","","15.7","","7.4","","58","","0.0","","","","","","","","99.93","","","","","","NA"
"-79.40","43.67","TORONTO CITY","6158355","2026-03-30 20:00","2026","03","30","20:00","","15.8","","8.4","","61","","0.0","","","","","","","","99.90","","","","","","NA"
"-79.40","43.67","TORONTO CITY","6158355","2026-03-30 21:00","2026","03","30","21:00","","15.7","","9.4","","66","","0.0","","","","","","","","99.91","","","","","","NA"
"-79.40","43.67","TORONTO CITY","6158355","2026-03-30 22:00","2026","03","30","22:00","","14.6","","9.9","","73","","0.1","","","","","","","","99.86","","","","","","NA"
"-79.40","43.67","TORONTO CITY","6158355","2026-03-30 23:00","2026","03","30","23:00","","13.5","","11.3","","87","","0.4","","","","","","","","99.77","","","","","","NA"
"-79.40","43.67","TORONTO CITY","6158355","2026-03-31 00:00","2026","03","31","00:00","","13.5","","11.4","","87","","0.1","","","","","","","","99.62","","","","","","NA"
"-79.40","43.67","TORONTO CITY","6158355","2026-03-31 01:00","2026","03","31","01:00","","12.9","","11.4","","90","","0.5","","","","","","","","99.48","","","","","","NA"
"-79.40","43.67","TORONTO CITY","6158355","2026-03-31 02:00","2026","03","31","02:00","","11.9","","10.8","","93","","0.5","","","","","","","","99.45","","","","","","NA"
"-79.40","43.67","TORONTO CITY","6158355","2026-03-31 03:00","2026","03","31","03:00","","13.3","","12.2","","93","","0.5","","","","","","","","99.51","","","","","","NA"
"-79.40","43.67","TORONTO CITY","6158355","2026-03-31 04:00","2026","03","31","04:00","","13.5","","12.9","","96","","5.3","","","","","","","","99.59","","","","","","NA"
"-79.40","43.67","TORONTO CITY","6158355","2026-03-31 05:00","2026","03","31","05:00","","13.4","","12.6","","95","","5.7","","","","","","","","99.62","","","","","","NA"
"-79.40","43.67","TORONTO CITY","6158355","2026-03-31 06:00","2026","03","31","06:00","","12.7","","12.2","","96","","0.7","","","","","","","","99.60","","","","","","NA"
"-79.40","43.67","TORONTO CITY","6158355","2026-03-31 07:00","2026","03","31","07:00","","11.6","","11.0","","96","","0.0","","","","","","","","99.66","","","","","","NA"
"-79.40","43.67","TORONTO CITY","6158355","2026-03-31 08:00","2026","03","31","08:00","","12.4","","11.6","","95","","0.2","","","","","","","","99.55","","","","","","NA"
"-79.40","43.67","TORONTO CITY","6158355","2026-03-31 09:00","2026","03","31","09:00","","14.7","","12.5","","87","","0.0","","","","","","","","99.54","","","","","","NA"
"-79.40","43.67","TORONTO CITY","6158355","2026-03-31 10:00","2026","03","31","10:00","","16.9","","13.0","","78","","0.0","","","","","","","","99.61","","","","","","NA"
"-79.40","43.67","TORONTO CITY","6158355","2026-03-31 11:00","2026","03","31","11:00","","17.4","","13.3","","77","","0.0","","","","","","","","99.46","","","","","","NA"
"-79.40","43.67","TORONTO CITY","6158355","2026-03-31 12:00","2026","03","31","12:00","","9.7","","7.8","","88","","0.3","","","","","","","","99.58","","","","","","NA"
"-79.40","43.67","TORONTO CITY","6158355","2026-03-31 13:00","2026","03","31","13:00","","6.9","","6.1","","95","","0.9","","","","","","","","99.41","","","","","","NA"
"-79.40","43.67","TORONTO CITY","6158355","2026-03-31 14:00","2026","03","31","14:00","","9.0","","6.9","","86","","0.0","","","","","","","","99.46","","","","","","NA"
"-79.40","43.67","TORONTO CITY","6158355","2026-03-31 15:00","2026","03","31","15:00","","10.7","","7.8","","82","","0.0","","","","","","","","99.41","","","","","","NA"
"-79.40","43.67","TORONTO CITY","6158355","2026-03-31 16:00","2026","03","31","16:00","","10.2","","7.1","","81","","0.0","","","","","","","","99.39","","","","","","NA"
"-79.40","43.67","TORONTO CITY","6158355","2026-03-31 17:00","2026","03","31","17:00","","7.7","","5.9","","88","","0.0","","","","","","","","99.31","","","","","","NA"
"-79.40","43.67","TORONTO CITY","6158355","2026-03-31 18:00","2026","03","31","18:00","","6.3","","5.4","","94","","0.0","","","","","","","","99.34","","","","","","NA"
"-79.40","43.67","TORONTO CITY","6158355","2026-03-31 19:00","2026","03","31","19:00","","7.6","","7.1","","97","","15.0","","","","","","","","99.41","","","","","","NA"
"-79.40","43.67","TORONTO CITY","6158355","2026-03-31 20:00","2026","03","31","20:00","","7.4","","6.7","","95","","2.1","","","","","","","","99.24","","","","","","NA"
"-79.40","43.67","TORONTO CITY","6158355","2026-03-31 21:00","2026","03","31","21:00","","8.1","","7.4","","96","","0.0","","","","","","","","99.59","","","","","","NA"
"-79.40","43.67","TORONTO CITY","6158355","2026-03-31 22:00","2026","03","31","22:00","","7.1","","6.3","","94","","0.0","","","","","","","","99.59","","","","","","NA"
"-79.40","43.67","TORONTO CITY","6158355","2026-03-31 23:00","2026","03","31","23:00","","8.9","","8.2","","95","","0.0","","","","","","","","99.62","","","","","","NA"
