"Longitude (x)","Latitude (y)","Station Name","Climate ID","Date/Time (LST)","Year","Month","Day","Time (LST)","Flag","Temp (°C)","Temp Flag","Dew Point Temp (°C)","Dew Point Temp Flag","Rel Hum (%)","Rel Hum Flag","Precip. Amount (mm)","Precip. Amount Flag","Wind Dir (10s deg)","Wind Dir Flag","Wind Spd (km/h)","Wind Spd Flag","Visibility (km)","Visibility Flag","Stn Press (kPa)","Stn Press Flag","Hmdx","Hmdx Flag","Wind Chill","Wind Chill Flag","Weather"
"-79.40","43.67","TORONTO CITY","6158355","2026-02-01 00:00","2026","02","01","00:00","","-11.3","","-17.7","","59","","0.0","","","","","","","","100.92","","","","","","NA"
"-79.40","43.67","TORONTO CITY","6158355","2026-02-01 01:00","2026","02","01","01:00","","-12.0","","-17.8","","62","","0.0","","","","","","","","100.88","","","","","","NA"
"-79.40","43.67","TORONTO CITY","6158355","2026-02-01 02:00","2026","02","01","02:00","","-12.7","","-18.0","","65","","0.0","","","","","","","","100.86","","","","","","NA"
"-79.40","43.67","TORONTO CITY","6158355","2026-02-01 03:00","2026","02","01","03:00","","-12.6","","-18.1","","63","","0.0","","","","","","","","100.88","","","","","","NA"
"-79.40","43.67","TORONTO CITY","6158355","2026-02-01 04:00","2026","02","01","04:00","","-13.5","","-18.8","","64","","0.0","","","","","","","","100.87","","","","","","NA"
"-79.40","43.67","TORONTO CITY","6158355","2026-02-01 05:00","2026","02","01","05:00","","-14.4","","-19.3","","66","","0.0","","","","","","","","100.87","","","","","","NA"
"-79.40","43.67","TORONTO CITY","6158355","2026-02-01 06:00","2026","02","01","06:00","","-14.3","","-19.3","","66","","0.0","","","","","","","","100.85","","","","","","NA"
"-79.40","43.67","TORONTO CITY","6158355","2026-02-01 07:00","2026","02","01","07:00","","-14.7","","-19.7","","66","","0.0","","","","","","","","100.82","","","","","","NA"
"-79.40","43.67","TORONTO CITY","6158355","2026-02-01 08:00","2026","02","01","08:00","","-15.0","","-20.0","","66","","0.0","","","","","","","","100.81","","","","","","NA"
"-79.40","43.67","TORONTO CITY","6158355","2026-02-01 09:00","2026","02","01","09:00","","-13.7","","-19.4","","62","","0.0","","","","","","","","100.84","","","","","","NA"
"-79.40","43.67","TORONTO CITY","6158355","2026-02-01 10:00","2026","02","01","10:00","","-11.6","","-19.4","","52","","0.0","","","","","","","","100.85","","","","","","NA"
"-79.40","43.67","TORONTO CITY","6158355","2026-02-01 11:00","2026","02","01","11:00","","-10.0","","-18.8","","49","","0.0","","","","","","","","100.84","","","","","","NA"
"-79.40","43.67","TORONTO CITY","6158355","2026-02-01 12:00","2026","02","01","12:00","","-8.7","","-18.6","","44","","0.0","","","","","","","","100.81","","","","","","NA"
"-79.40","43.67","TORONTO CITY","6158355","2026-02-01 13:00","2026","02","01","13:00","","-6.8","","-18.7","","38","","0.0","","","","","","","","100.72","","","","","","NA"
"-79.40","43.67","TORONTO CITY","6158355","2026-02-01 14:00","2026","02","01","14:00","","-5.5","","-21.0","","29","","0.0","","","","","","","","100.62","","","","","","NA"
"-79.40","43.67","TORONTO CITY","6158355","2026-02-01 15:00","2026","02","01","15:00","","-4.9","","-18.1","","35","","0.0","","","","","","","","100.59","","","","","","NA"
"-79.40","43.67","TORONTO CITY","6158355","2026-02-01 16:00","2026","02","01","16:00","","-5.1","","-18.2","","35","","0.0","","","","","","","","100.58","","","","","","NA"
"-79.40","43.67","TORONTO CITY","6158355","2026-02-01 17:00","2026","02","01","17:00","","-5.6","","-16.9","","41","","0.0","","","","","","","","100.62","","","","","","NA"
"-79.40","43.67","TORONTO CITY","6158355","2026-02-01 18:00","2026","02","01","18:00","","-6.4","","-16.3","","45","","0.0","","","","","","","","100.66","","","","","","NA"
"-79.40","43.67","TORONTO CITY","6158355","2026-02-01 19:00","2026","02","01","19:00","","-7.1","","-15.1","","53","","0.0","","","","","","","","100.69","","","","","","NA"
"-79.40","43.67","TORONTO CITY","6158355","2026-02-01 20:00","2026","02","01","20:00","","-7.7","","-16.3","","50","","0.0","","","","","","","","100.68","","","","","","NA"
"-79.40","43.67","TORONTO CITY","6158355","2026-02-01 21:00","2026","02","01","21:00","","-8.1","","-16.2","","52","","0.0","","","","","","","","100.68","","","","","","NA"
"-79.40","43.67","TORONTO CITY","6158355","2026-02-01 22:00","2026","02","01","22:00","","-8.1","","-15.8","","54","","0.0","","","","","","","","100.68","","","","","","NA"
"-79.40","43.67","TORONTO CITY","6158355","2026-02-01 23:00","2026","02","01","23:00","","-8.5","","-15.3","","58","","0.0","","","","","","","","100.67","","","","","","NA"
"-79.40","43.67","TORONTO CITY","6158355","2026-02-02 00:00","2026","02","02","00:00","","-8.7","","-15.3","","59","","0.0","","","","","","","","100.68","","","","","","NA"
"-79.40","43.67","TORONTO CITY","6158355","2026-02-02 01:00","2026","02","02","01:00","","-9.9","","-15.5","","64","","0.0","","","","","","","","100.70","","","","","","NA"
"-79.40","43.67","TORONTO CITY","6158355","2026-02-02 02:00","2026","02","02","02:00","","-10.8","","-15.8","","67","","0.0","","","","","","","","100.73","","","","","","NA"
"-79.40","43.67","TORONTO CITY","6158355","2026-02-02 03:00","2026","02","02","03:00","","-10.5","","-15.4","","67","","0.0","","","","","","","","100.70","","","","","","NA"
"-79.40","43.67","TORONTO CITY","6158355","2026-02-02 04:00","2026","02","02","04:00","","-11.4","","-14.8","","76","","0.0","","","","","","","","100.71","","","","","","NA"
"-79.40","43.67","TORONTO CITY","6158355","2026-02-02 05:00","2026","02","02","05:00","","-11.6","","-14.1","","82","","0.0","","","","","","","","100.71","","","","","","NA"
"-79.40","43.67","TORONTO CITY","6158355","2026-02-02 06:00","2026","02","02","06:00","","-11.6","","-13.4","","86","","0.0","","","","","","","","100.72","","","","","","NA"
"-79.40","43.67","TORONTO CITY","6158355","2026-02-02 07:00","2026","02","02","07:00","","-12.1","","-13.8","","87","","0.0","","","","","","","","100.73","","","","","","NA"
"-79.40","43.67","TORONTO CITY","6158355","2026-02-02 08:00","2026","02","02","08:00","","-11.8","","-13.5","","87","","0.0","","","","","","","","100.75","","","","","","NA"
"-79.40","43.67","TORONTO CITY","6158355","2026-02-02 09:00","2026","02","02","09:00","","-10.6","","-12.3","","87","","0.0","","","","","","","","100.77","","","","","","NA"
"-79.40","43.67","TORONTO CITY","6158355","2026-02-02 10:00","2026","02","02","10:00","","-7.0","","-11.6","","70","","0.0","","","","","","","","100.75","","","","","","NA"
"-79.40","43.67","TORONTO CITY","6158355","2026-02-02 11:00","2026","02","02","11:00","","-5.5","","-11.2","","64","","0.0","","","","","","","","100.72","","","","","","NA"
"-79.40","43.67","TORONTO CITY","6158355","2026-02-02 12:00","2026","02","02","12:00","","-5.9","","-10.5","","70","","0.0","","","","","","","","100.71","","","","","","NA"
"-79.40","43.67","TORONTO CITY","6158355","2026-02-02 13:00","2026","02","02","13:00","","-4.2","","-11.5","","57","","0.0","","","","","","","","100.62","","","","","","NA"
"-79.40","43.67","TORONTO CITY","6158355","2026-02-02 14:00","2026","02","02","14:00","","-4.5","","-9.6","","67","","0.0","","","","","","","","100.54","","","","","","NA"
"-79.40","43.67","TORONTO CITY","6158355","2026-02-02 15:00","2026","02","02","15:00","","-4.7","","-9.3","","70","","0.0","","","","","","","","100.49","","","","","","NA"
"-79.40","43.67","TORONTO CITY","6158355","2026-02-02 16:00","2026","02","02","16:00","","-4.2","","-8.9","","70","","0.0","","","","","","","","100.48","","","","","","NA"
"-79.40","43.67","TORONTO CITY","6158355","2026-02-02 17:00","2026","02","02","17:00","","-4.3","","-8.9","","70","","0.0","","","","","","","","100.48","","","","","","NA"
"-79.40","43.67","TORONTO CITY","6158355","2026-02-02 18:00","2026","02","02","18:00","","-4.6","","-9.2","","70","","0.0","","","","","","","","100.49","","","","","","NA"
"-79.40","43.67","TORONTO CITY","6158355","2026-02-02 19:00","2026","02","02","19:00","","-4.4","","-9.5","","67","","0.0","","","","","","","","100.51","","","","","","NA"
"-79.40","43.67","TORONTO CITY","6158355","2026-02-02 20:00","2026","02","02","20:00","","-4.6","","-9.5","","69","","0.0","","","","","","","","100.51","","","","","","NA"
"-79.40","43.67","TORONTO CITY","6158355","2026-02-02 21:00","2026","02","02","21:00","","-4.8","","-8.5","","75","","0.0","","","","","","","","100.51","","","","","","NA"
"-79.40","43.67","TORONTO CITY","6158355","2026-02-02 22:00","2026","02","02","22:00","","-4.8","","-8.2","","77","","0.0","","","","","","","","100.47","","","","","","NA"
"-79.40","43.67","TORONTO CITY","6158355","2026-02-02 23:00","2026","02","02","23:00","","-5.0","","-7.9","","80","","0.0","","","","","","","","100.46","","","","","","NA"
"-79.40","43.67","TORONTO CITY","6158355","2026-02-03 00:00","2026","02","03","00:00","","-5.0","","-7.3","","84","","0.1","","","","","","","","100.45","","","","","","NA"
"-79.40","43.67","TORONTO CITY","6158355","2026-02-03 01:00","2026","02","03","01:00","","-4.9","","-7.5","","82","","0.0","","","","","","","","100.45","","","","","","NA"
"-79.40","43.67","TORONTO CITY","6158355","2026-02-03 02:00","2026","02","03","02:00","","-4.9","","-7.6","","81","","0.0","","","","","","","","100.46","","","","","","NA"
"-79.40","43.67","TORONTO CITY","6158355","2026-02-03 03:00","2026","02","03","03:00","","-4.7","","-7.7","","79","","0.0","","","","","","","","100.48","","","","","","NA"
"-79.40","43.67","TORONTO CITY","6158355","2026-02-03 04:00","2026","02","03","04:00","","-4.7","","-7.8","","79","","0.0","","","","","","","","100.46","","","","","","NA"
"-79.40","43.67","TORONTO CITY","6158355","2026-02-03 05:00","2026","02","03","05:00","","-4.6","","-7.6","","80","","0.0","","","","","","","","100.43","","","","","","NA"
"-79.40","43.67","TORONTO CITY","6158355","2026-02-03 06:00","2026","02","03","06:00","","-4.2","","-7.1","","80","","0.0","","","","","","","","100.41","","","","","","NA"
"-79.40","43.67","TORONTO CITY","6158355","2026-02-03 07:00","2026","02","03","07:00","","-3.9","","-6.7","","80","","0.0","","","","","","","","100.41","","","","","","NA"
"-79.40","43.67","TORONTO CITY","6158355","2026-02-03 08:00","2026","02","03","08:00","","-3.9","","-6.7","","81","","0.0","","","","","","","","100.42","","","","","","NA"
"-79.40","43.67","TORONTO CITY","6158355","2026-02-03 09:00","2026","02","03","09:00","","-3.2","","-6.3","","79","","0.0","","","","","","","","100.42","","","","","","NA"
"-79.40","43.67","TORONTO CITY","6158355","2026-02-03 10:00","2026","02","03","10:00","","-2.6","","-6.1","","77","","0.0","","","","","","","","100.42","","","","","","NA"
"-79.40","43.67","TORONTO CITY","6158355","2026-02-03 11:00","2026","02","03","11:00","","-2.2","","-6.6","","71","","0.0","","","","","","","","100.40","","","","","","NA"
"-79.40","43.67","TORONTO CITY","6158355","2026-02-03 12:00","2026","02","03","12:00","","-1.7","","-7.0","","67","","0.0","","","","","","","","100.38","","","","","","NA"
"-79.40","43.67","TORONTO CITY","6158355","2026-02-03 13:00","2026","02","03","13:00","","-3.2","","-8.0","","69","","0.4","","","","","","","","100.43","","","","","","NA"
"-79.40","43.67","TORONTO CITY","6158355","2026-02-03 14:00","2026","02","03","14:00","","-3.6","","-11.6","","54","","0.0","","","","","","","","100.46","","","","","","NA"
"-79.40","43.67","TORONTO CITY","6158355","2026-02-03 15:00","2026","02","03","15:00","","-4.1","","-12.9","","50","","0.0","","","","","","","","100.50","","","","","","NA"
"-79.40","43.67","TORONTO CITY","6158355","2026-02-03 16:00","2026","02","03","16:00","","-4.2","","-13.0","","50","","0.0","","","","","","","","100.56","","","","","","NA"
"-79.40","43.67","TORONTO CITY","6158355","2026-02-03 17:00","2026","02","03","17:00","","-5.1","","-13.4","","52","","0.0","","","","","","","","100.64","","","","","","NA"
"-79.40","43.67","TORONTO CITY","6158355","2026-02-03 18:00","2026","02","03","18:00","","-5.6","","-11.7","","62","","0.0","","","","","","","","100.68","","","","","","NA"
"-79.40","43.67","TORONTO CITY","6158355","2026-02-03 19:00","2026","02","03","19:00","","-6.0","","-12.0","","62","","0.0","","","","","","","","100.73","","","","","","NA"
"-79.40","43.67","TORONTO CITY","6158355","2026-02-03 20:00","2026","02","03","20:00","","-5.7","","-11.3","","64","","0.0","","","","","","","","100.74","","","","","","NA"
"-79.40","43.67","TORONTO CITY","6158355","2026-02-03 21:00","2026","02","03","21:00","","-5.9","","-11.3","","66","","0.0","","","","","","","","100.73","","","","","","NA"
"-79.40","43.67","TORONTO CITY","6158355","2026-02-03 22:00","2026","02","03","22:00","","-6.9","","-11.6","","69","","0.0","","","","","","","","100.79","","","","","","NA"
"-79.40","43.67","TORONTO CITY","6158355","2026-02-03 23:00","2026","02","03","23:00","","-8.5","","-13.4","","68","","0.0","","","","","","","","100.84","","","","","","NA"
"-79.40","43.67","TORONTO CITY","6158355","2026-02-04 00:00","2026","02","04","00:00","","-8.8","","-13.0","","71","","0.0","","","","","","","","100.88","","","","","","NA"
"-79.40","43.67","TORONTO CITY","6158355","2026-02-04 01:00","2026","02","04","01:00","","-9.0","","-12.8","","74","","0.0","","","","","","","","100.93","","","","","","NA"
"-79.40","43.67","TORONTO CITY","6158355","2026-02-04 02:00","2026","02","04","02:00","","-9.5","","-13.0","","76","","0.0","","","","","","","","100.99","","","","","","NA"
"-79.40","43.67","TORONTO CITY","6158355","2026-02-04 03:00","2026","02","04","03:00","","-9.7","","-13.2","","75","","0.0","","","","","","","","101.02","","","","","","NA"
"-79.40","43.67","TORONTO CITY","6158355","2026-02-04 04:00","2026","02","04","04:00","","-10.0","","-13.2","","78","","0.0","","","","","","","","101.04","","","","","","NA"
"-79.40","43.67","TORONTO CITY","6158355","2026-02-04 05:00","2026","02","04","05:00","","-11.0","","-13.8","","79","","0.0","","","","","","","","101.10","","","","","","NA"
"-79.40","43.67","TORONTO CITY","6158355","2026-02-04 06:00","2026","02","04","06:00","","-11.2","","-13.9","","80","","0.0","","","","","","","","101.14","","","","","","NA"
"-79.40","43.67","TORONTO CITY","6158355","2026-02-04 07:00","2026","02","04","07:00","","-11.6","","-14.4","","80","","0.0","","","","","","","","101.18","","","","","","NA"
"-79.40","43.67","TORONTO CITY","6158355","2026-02-04 08:00","2026","02","04","08:00","","-11.9","","-14.6","","80","","0.0","","","","","","","","101.23","","","","","","NA"
"-79.40","43.67","TORONTO CITY","6158355","2026-02-04 09:00","2026","02","04","09:00","","-10.7","","-14.1","","76","","0.0","","","","","","","","101.30","","","","","","NA"
"-79.40","43.67","TORONTO CITY","6158355","2026-02-04 10:00","2026","02","04","10:00","","-9.0","","-14.0","","67","","0.0","","","","","","","","101.30","","","","","","NA"
"-79.40","43.67","TORONTO CITY","6158355","2026-02-04 11:00","2026","02","04","11:00","","-6.9","","-13.3","","60","","0.0","","","","","","","","101.33","","","","","","NA"
"-79.40","43.67","TORONTO CITY","6158355","2026-02-04 12:00","2026","02","04","12:00","","-6.7","","-13.4","","59","","0.0","","","","","","","","101.31","","","","","","NA"
"-79.40","43.67","TORONTO CITY","6158355","2026-02-04 13:00","2026","02","04","13:00","","-5.7","","-13.8","","53","","0.0","","","","","","","","101.25","","","","","","NA"
"-79.40","43.67","TORONTO CITY","6158355","2026-02-04 14:00","2026","02","04","14:00","","-4.7","","-13.1","","52","","0.0","","","","","","","","101.20","","","","","","NA"
"-79.40","43.67","TORONTO CITY","6158355","2026-02-04 15:00","2026","02","04","15:00","","-5.0","","-12.6","","55","","0.0","","","","","","","","101.18","","","","","","NA"
"-79.40","43.67","TORONTO CITY","6158355","2026-02-04 16:00","2026","02","04","16:00","","-4.6","","-12.3","","55","","0.0","","","","","","","","101.14","","","","","","NA"
"-79.40","43.67","TORONTO CITY","6158355","2026-02-04 17:00","2026","02","04","17:00","","-4.8","","-10.5","","64","","0.0","","","","","","","","101.12","","","","","","NA"
"-79.40","43.67","TORONTO CITY","6158355","2026-02-04 18:00","2026","02","04","18:00","","-5.1","","-12.0","","58","","0.0","","","","","","","","101.13","","","","","","NA"
"-79.40","43.67","TORONTO CITY","6158355","2026-02-04 19:00","2026","02","04","19:00","","-5.8","","-12.2","","61","","0.0","","","","","","","","101.16","","","","","","NA"
"-79.40","43.67","TORONTO CITY","6158355","2026-02-04 20:00","2026","02","04","20:00","","-7.0","","-12.5","","65","","0.0","","","","","","","","101.17","","","","","","NA"
"-79.40","43.67","TORONTO CITY","6158355","2026-02-04 21:00","2026","02","04","21:00","","-7.4","","-12.4","","67","","0.0","","","","","","","","101.14","","","","","","NA"
"-79.40","43.67","TORONTO CITY","6158355","2026-02-04 22:00","2026","02","04","22:00","","-7.5","","-12.3","","68","","0.0","","","","","","","","101.09","","","","","","NA"
"-79.40","43.67","TORONTO CITY","6158355","2026-02-04 23:00","2026","02","04","23:00","","-7.6","","-11.8","","71","","0.0","","","","","","","","101.01","","","","","","NA"
"-79.40","43.67","TORONTO CITY","6158355","2026-02-05 00:00","2026","02","05","00:00","","-8.6","","-12.3","","75","","0.0","","","","","","","","100.98","","","","","","NA"
"-79.40","43.67","TORONTO CITY","6158355","2026-02-05 01:00","2026","02","05","01:00","","-8.9","","-11.9","","79","","0.0","","","","","","","","100.97","","","","","","NA"
"-79.40","43.67","TORONTO CITY","6158355","2026-02-05 02:00","2026","02","05","02:00","","-9.0","","-12.4","","76","","0.0","","","","","","","","100.94","","","","","","NA"
"-79.40","43.67","TORONTO CITY","6158355","2026-02-05 03:00","2026","02","05","03:00","","-9.6","","-12.9","","77","","0.0","","","","","","","","100.90","","","","","","NA"
"-79.40","43.67","TORONTO CITY","6158355","2026-02-05 04:00","2026","02","05","04:00","","-9.6","","-12.6","","79","","0.0","","","","","","","","100.87","","","","","","NA"
"-79.40","43.67","TORONTO CITY","6158355","2026-02-05 05:00","2026","02","05","05:00","","-10.3","","-12.8","","82","","0.0","","","","","","","","100.84","","","","","","NA"
"-79.40","43.67","TORONTO CITY","6158355","2026-02-05 06:00","2026","02","05","06:00","","-10.5","","-13.7","","77","","0.0","","","","","","","","100.81","","","","","","NA"
"-79.40","43.67","TORONTO CITY","6158355","2026-02-05 07:00","2026","02","05","07:00","","-10.0","","-13.7","","75","","0.0","","","","","","","","100.78","","","","","","NA"
"-79.40","43.67","TORONTO CITY","6158355","2026-02-05 08:00","2026","02","05","08:00","","-9.1","","-12.8","","74","","0.0","","","","","","","","100.74","","","","","","NA"
"-79.40","43.67","TORONTO CITY","6158355","2026-02-05 09:00","2026","02","05","09:00","","-7.4","","-12.2","","68","","0.0","","","","","","","","100.73","","","","","","NA"
"-79.40","43.67","TORONTO CITY","6158355","2026-02-05 10:00","2026","02","05","10:00","","-6.0","","-11.5","","65","","0.0","","","","","","","","100.64","","","","","","NA"
"-79.40","43.67","TORONTO CITY","6158355","2026-02-05 11:00","2026","02","05","11:00","","-5.2","","-10.6","","66","","0.0","","","","","","","","100.62","","","","","","NA"
"-79.40","43.67","TORONTO CITY","6158355","2026-02-05 12:00","2026","02","05","12:00","","-4.6","","-10.1","","65","","0.0","","","","","","","","100.52","","","","","","NA"
"-79.40","43.67","TORONTO CITY","6158355","2026-02-05 13:00","2026","02","05","13:00","","-4.4","","-10.0","","65","","0.0","","","","","","","","100.44","","","","","","NA"
"-79.40","43.67","TORONTO CITY","6158355","2026-02-05 14:00","2026","02","05","14:00","","-4.2","","-9.8","","65","","0.0","","","","","","","","100.34","","","","","","NA"
"-79.40","43.67","TORONTO CITY","6158355","2026-02-05 15:00","2026","02","05","15:00","","-4.4","","-9.7","","66","","0.0","","","","","","","","100.26","","","","","","NA"
"-79.40","43.67","TORONTO CITY","6158355","2026-02-05 16:00","2026","02","05","16:00","","-4.8","","-10.1","","66","","0.0","","","","","","","","100.18","","","","","","NA"
"-79.40","43.67","TORONTO CITY","6158355","2026-02-05 17:00","2026","02","05","17:00","","-4.7","","-9.9","","67","","0.0","","","","","","","","100.12","","","","","","NA"
"-79.40","43.67","TORONTO CITY","6158355","2026-02-05 18:00","2026","02","05","18:00","","-5.2","","-10.4","","67","","0.0","","","","","","","","100.05","","","","","","NA"
"-79.40","43.67","TORONTO CITY","6158355","2026-02-05 19:00","2026","02","05","19:00","","-5.6","","-10.2","","70","","0.0","","","","","","","","100.00","","","","","","NA"
"-79.40","43.67","TORONTO CITY","6158355","2026-02-05 20:00","2026","02","05","20:00","","-6.0","","-11.5","","65","","0.0","","","","","","","","99.96","","","","","","NA"
"-79.40","43.67","TORONTO CITY","6158355","2026-02-05 21:00","2026","02","05","21:00","","-6.3","","-11.3","","67","","0.0","","","","","","","","99.90","","","","","","NA"
"-79.40","43.67","TORONTO CITY","6158355","2026-02-05 22:00","2026","02","05","22:00","","-6.2","","-11.3","","68","","0.0","","","","","","","","99.86","","","","","","NA"
"-79.40","43.67","TORONTO CITY","6158355","2026-02-05 23:00","2026","02","05","23:00","","-7.6","","-11.8","","72","","0.0","","","","","","","","99.84","","","","","","NA"
"-79.40","43.67","TORONTO CITY","6158355","2026-02-06 00:00","2026","02","06","00:00","","-7.7","","-11.1","","76","","0.0","","","","","","","","99.70","","","","","","NA"
"-79.40","43.67","TORONTO CITY","6158355","2026-02-06 01:00","2026","02","06","01:00","","-7.0","","-10.5","","76","","0.0","","","","","","","","99.61","","","","","","NA"
"-79.40","43.67","TORONTO CITY","6158355","2026-02-06 02:00","2026","02","06","02:00","","-6.3","","-9.7","","77","","0.0","","","","","","","","99.53","","","","","","NA"
"-79.40","43.67","TORONTO CITY","6158355","2026-02-06 03:00","2026","02","06","03:00","","-6.2","","-9.7","","76","","0.0","","","","","","","","99.44","","","","","","NA"
"-79.40","43.67","TORONTO CITY","6158355","2026-02-06 04:00","2026","02","06","04:00","","-6.5","","-8.7","","84","","0.1","","","","","","","","99.30","","","","","","NA"
"-79.40","43.67","TORONTO CITY","6158355","2026-02-06 05:00","2026","02","06","05:00","","-6.4","","-8.8","","83","","0.4","","","","","","","","99.19","","","","","","NA"
"-79.40","43.67","TORONTO CITY","6158355","2026-02-06 06:00","2026","02","06","06:00","","-6.0","","-8.6","","82","","0.2","","","","","","","","99.12","","","","","","NA"
"-79.40","43.67","TORONTO CITY","6158355","2026-02-06 07:00","2026","02","06","07:00","","-5.8","","-8.0","","84","","0.2","","","","","","","","99.06","","","","","","NA"
"-79.40","43.67","TORONTO CITY","6158355","2026-02-06 08:00","2026","02","06","08:00","","-6.2","","-8.3","","84","","0.3","","","","","","","","99.06","","","","","","NA"
"-79.40","43.67","TORONTO CITY","6158355","2026-02-06 09:00","2026","02","06","09:00","","-6.0","","-8.2","","85","","0.3","","","","","","","","99.01","","","","","","NA"
"-79.40","43.67","TORONTO CITY","6158355","2026-02-06 10:00","2026","02","06","10:00","","-5.5","","-8.5","","80","","0.2","","","","","","","","98.95","","","","","","NA"
"-79.40","43.67","TORONTO CITY","6158355","2026-02-06 11:00","2026","02","06","11:00","","-5.1","","-8.5","","77","","0.0","","","","","","","","98.91","","","","","","NA"
"-79.40","43.67","TORONTO CITY","6158355","2026-02-06 12:00","2026","02","06","12:00","","-4.7","","-8.2","","77","","0.0","","","","","","","","98.84","","","","","","NA"
"-79.40","43.67","TORONTO CITY","6158355","2026-02-06 13:00","2026","02","06","13:00","","-3.9","","-8.1","","72","","0.0","","","","","","","","98.75","","","","","","NA"
"-79.40","43.67","TORONTO CITY","6158355","2026-02-06 14:00","2026","02","06","14:00","","-3.2","","-7.8","","70","","0.0","","","","","","","","98.70","","","","","","NA"
"-79.40","43.67","TORONTO CITY","6158355","2026-02-06 15:00","2026","02","06","15:00","","-2.4","","-6.9","","71","","0.0","","","","","","","","98.69","","","","","","NA"
"-79.40","43.67","TORONTO CITY","6158355","2026-02-06 16:00","2026","02","06","16:00","","-2.4","","-6.4","","74","","0.0","","","","","","","","98.68","","","","","","NA"
"-79.40","43.67","TORONTO CITY","6158355","2026-02-06 17:00","2026","02","06","17:00","","-2.4","","-5.9","","77","","0.0","","","","","","","","98.67","","","","","","NA"
"-79.40","43.67","TORONTO CITY","6158355","2026-02-06 18:00","2026","02","06","18:00","","-2.4","","-4.7","","85","","0.3","","","","","","","","98.70","","","","","","NA"
"-79.40","43.67","TORONTO CITY","6158355","2026-02-06 19:00","2026","02","06","19:00","","-3.7","","-8.1","","71","","0.0","","","","","","","","98.84","","","","","","NA"
"-79.40","43.67","TORONTO CITY","6158355","2026-02-06 20:00","2026","02","06","20:00","","-5.4","","-10.6","","67","","0.0","","","","","","","","98.95","","","","","","NA"
"-79.40","43.67","TORONTO CITY","6158355","2026-02-06 21:00","2026","02","06","21:00","","-7.3","","-12.9","","64","","0.0","","","","","","","","99.08","","","","","","NA"
"-79.40","43.67","TORONTO CITY","6158355","2026-02-06 22:00","2026","02","06","22:00","","-9.3","","-16.3","","57","","0.0","","","","","","","","99.22","","","","","","NA"
"-79.40","43.67","TORONTO CITY","6158355","2026-02-06 23:00","2026","02","06","23:00","","-10.8","","-17.9","","56","","0.0","","","","","","","","99.36","","","","","","NA"
"-79.40","43.67","TORONTO CITY","6158355","2026-02-07 00:00","2026","02","07","00:00","","-14.3","","-21.6","","54","","0.0","","","","","","","","99.61","","","","","","NA"
"-79.40","43.67","TORONTO CITY","6158355","2026-02-07 01:00","2026","02","07","01:00","","-15.9","","-22.3","","58","","0.0","","","","","","","","99.81","","","","","","NA"
"-79.40","43.67","TORONTO CITY","6158355","2026-02-07 02:00","2026","02","07","02:00","","-17.2","","-24.3","","54","","0.0","","","","","","","","100.00","","","","","","NA"
"-79.40","43.67","TORONTO CITY","6158355","2026-02-07 03:00","2026","02","07","03:00","","-18.2","","-25.2","","54","","0.0","","","","","","","","100.13","","","","","","NA"
"-79.40","43.67","TORONTO CITY","6158355","2026-02-07 04:00","2026","02","07","04:00","","-18.8","","-25.9","","54","","0.0","","","","","","","","100.26","","","","","","NA"
"-79.40","43.67","TORONTO CITY","6158355","2026-02-07 05:00","2026","02","07","05:00","","-19.4","","-26.6","","53","","0.0","","","","","","","","100.39","","","","","","NA"
"-79.40","43.67","TORONTO CITY","6158355","2026-02-07 06:00","2026","02","07","06:00","","-19.6","","-27.1","","51","","0.0","","","","","","","","100.53","","","","","","NA"
"-79.40","43.67","TORONTO CITY","6158355","2026-02-07 07:00","2026","02","07","07:00","","-19.6","","-26.9","","52","","0.0","","","","","","","","100.65","","","","","","NA"
"-79.40","43.67","TORONTO CITY","6158355","2026-02-07 08:00","2026","02","07","08:00","","-19.3","","-27.2","","50","","0.0","","","","","","","","100.74","","","","","","NA"
"-79.40","43.67","TORONTO CITY","6158355","2026-02-07 09:00","2026","02","07","09:00","","-18.5","","-27.1","","47","","0.0","","","","","","","","100.78","","","","","","NA"
"-79.40","43.67","TORONTO CITY","6158355","2026-02-07 10:00","2026","02","07","10:00","","-17.6","","-26.3","","46","","0.0","","","","","","","","100.86","","","","","","NA"
"-79.40","43.67","TORONTO CITY","6158355","2026-02-07 11:00","2026","02","07","11:00","","-16.8","","-25.7","","46","","0.0","","","","","","","","100.88","","","","","","NA"
"-79.40","43.67","TORONTO CITY","6158355","2026-02-07 12:00","2026","02","07","12:00","","-16.3","","-24.7","","48","","0.0","","","","","","","","100.86","","","","","","NA"
"-79.40","43.67","TORONTO CITY","6158355","2026-02-07 13:00","2026","02","07","13:00","","-14.7","","-23.2","","48","","0.0","","","","","","","","100.84","","","","","","NA"
"-79.40","43.67","TORONTO CITY","6158355","2026-02-07 14:00","2026","02","07","14:00","","-14.1","","-22.8","","48","","0.0","","","","","","","","100.80","","","","","","NA"
"-79.40","43.67","TORONTO CITY","6158355","2026-02-07 15:00","2026","02","07","15:00","","-13.9","","-21.6","","52","","0.0","","","","","","","","100.84","","","","","","NA"
"-79.40","43.67","TORONTO CITY","6158355","2026-02-07 16:00","2026","02","07","16:00","","-13.5","","-21.1","","53","","0.0","","","","","","","","100.91","","","","","","NA"
"-79.40","43.67","TORONTO CITY","6158355","2026-02-07 17:00","2026","02","07","17:00","","-14.2","","-20.8","","57","","0.0","","","","","","","","100.99","","","","","","NA"
"-79.40","43.67","TORONTO CITY","6158355","2026-02-07 18:00","2026","02","07","18:00","","-14.7","","-20.8","","60","","0.0","","","","","","","","101.08","","","","","","NA"
"-79.40","43.67","TORONTO CITY","6158355","2026-02-07 19:00","2026","02","07","19:00","","-14.7","","-20.9","","59","","0.0","","","","","","","","101.16","","","","","","NA"
"-79.40","43.67","TORONTO CITY","6158355","2026-02-07 20:00","2026","02","07","20:00","","-14.5","","-20.5","","60","","0.0","","","","","","","","101.23","","","","","","NA"
"-79.40","43.67","TORONTO CITY","6158355","2026-02-07 21:00","2026","02","07","21:00","","-14.7","","-19.8","","65","","0.0","","","","","","","","101.27","","","","","","NA"
"-79.40","43.67","TORONTO CITY","6158355","2026-02-07 22:00","2026","02","07","22:00","","-15.3","","-19.4","","71","","0.0","","","","","","","","101.31","","","","","","NA"
"-79.40","43.67","TORONTO CITY","6158355","2026-02-07 23:00","2026","02","07","23:00","","-15.2","","-20.7","","63","","0.0","","","","","","","","101.36","","","","","","NA"
"-79.40","43.67","TORONTO CITY","6158355","2026-02-08 00:00","2026","02","08","00:00","","-15.4","","-21.9","","58","","0.0","","","","","","","","101.40","","","","","","NA"
"-79.40","43.67","TORONTO CITY","6158355","2026-02-08 01:00","2026","02","08","01:00","","-16.0","","-23.1","","54","","0.0","","","","","","","","101.40","","","","","","NA"
"-79.40","43.67","TORONTO CITY","6158355","2026-02-08 02:00","2026","02","08","02:00","","-16.5","","-23.4","","55","","0.0","","","","","","","","101.43","","","","","","NA"
"-79.40","43.67","TORONTO CITY","6158355","2026-02-08 03:00","2026","02","08","03:00","","-16.9","","-23.6","","56","","0.0","","","","","","","","101.47","","","","","","NA"
"-79.40","43.67","TORONTO CITY","6158355","2026-02-08 04:00","2026","02","08","04:00","","-17.4","","-24.4","","55","","0.0","","","","","","","","101.51","","","","","","NA"
"-79.40","43.67","TORONTO CITY","6158355","2026-02-08 05:00","2026","02","08","05:00","","-18.1","","-24.6","","57","","0.0","","","","","","","","101.58","","","","","","NA"
"-79.40","43.67","TORONTO CITY","6158355","2026-02-08 06:00","2026","02","08","06:00","","-18.5","","-24.7","","58","","0.0","","","","","","","","101.63","","","","","","NA"
"-79.40","43.67","TORONTO CITY","6158355","2026-02-08 07:00","2026","02","08","07:00","","-19.3","","-25.1","","60","","0.0","","","","","","","","101.74","","","","","","NA"
"-79.40","43.67","TORONTO CITY","6158355","2026-02-08 08:00","2026","02","08","08:00","","-19.9","","-25.9","","59","","0.0","","","","","","","","101.76","","","","","","NA"
"-79.40","43.67","TORONTO CITY","6158355","2026-02-08 09:00","2026","02","08","09:00","","-19.1","","-25.8","","56","","0.0","","","","","","","","101.82","","","","","","NA"
"-79.40","43.67","TORONTO CITY","6158355","2026-02-08 10:00","2026","02","08","10:00","","-17.5","","-25.8","","48","","0.0","","","","","","","","101.84","","","","","","NA"
"-79.40","43.67","TORONTO CITY","6158355","2026-02-08 11:00","2026","02","08","11:00","","-16.7","","-26.4","","43","","0.0","","","","","","","","101.86","","","","","","NA"
"-79.40","43.67","TORONTO CITY","6158355","2026-02-08 12:00","2026","02","08","12:00","","-15.4","","-25.4","","42","","0.0","","","","","","","","101.84","","","","","","NA"
"-79.40","43.67","TORONTO CITY","6158355","2026-02-08 13:00","2026","02","08","13:00","","-14.7","","-25.5","","39","","0.0","","","","","","","","101.80","","","","","","NA"
"-79.40","43.67","TORONTO CITY","6158355","2026-02-08 14:00","2026","02","08","14:00","","-14.1","","-24.9","","39","","0.0","","","","","","","","101.74","","","","","","NA"
"-79.40","43.67","TORONTO CITY","6158355","2026-02-08 15:00","2026","02","08","15:00","","-13.3","","-23.9","","40","","0.0","","","","","","","","101.71","","","","","","NA"
"-79.40","43.67","TORONTO CITY","6158355","2026-02-08 16:00","2026","02","08","16:00","","-12.6","","-23.6","","39","","0.0","","","","","","","","101.70","","","","","","NA"
"-79.40","43.67","TORONTO CITY","6158355","2026-02-08 17:00","2026","02","08","17:00","","-12.2","","-23.5","","39","","0.0","","","","","","","","101.73","","","","","","NA"
"-79.40","43.67","TORONTO CITY","6158355","2026-02-08 18:00","2026","02","08","18:00","","-12.4","","-23.2","","40","","0.0","","","","","","","","101.77","","","","","","NA"
"-79.40","43.67","TORONTO CITY","6158355","2026-02-08 19:00","2026","02","08","19:00","","-13.0","","-23.3","","42","","0.0","","","","","","","","101.80","","","","","","NA"
"-79.40","43.67","TORONTO CITY","6158355","2026-02-08 20:00","2026","02","08","20:00","","-14.0","","-23.0","","46","","0.0","","","","","","","","101.82","","","","","","NA"
"-79.40","43.67","TORONTO CITY","6158355","2026-02-08 21:00","2026","02","08","21:00","","-14.8","","-22.8","","51","","0.0","","","","","","","","101.81","","","","","","NA"
"-79.40","43.67","TORONTO CITY","6158355","2026-02-08 22:00","2026","02","08","22:00","","-15.2","","-22.0","","56","","0.0","","","","","","","","101.80","","","","","","NA"
"-79.40","43.67","TORONTO CITY","6158355","2026-02-08 23:00","2026","02","08","23:00","","-15.5","","-21.2","","62","","0.0","","","","","","","","101.79","","","","","","NA"
"-79.40","43.67","TORONTO CITY","6158355","2026-02-09 00:00","2026","02","09","00:00","","-15.5","","-20.8","","64","","0.0","","","","","","","","101.77","","","","","","NA"
"-79.40","43.67","TORONTO CITY","6158355","2026-02-09 01:00","2026","02","09","01:00","","-15.6","","-21.2","","62","","0.0","","","","","","","","101.75","","","","","","NA"
"-79.40","43.67","TORONTO CITY","6158355","2026-02-09 02:00","2026","02","09","02:00","","-16.3","","-20.4","","71","","0.0","","","","","","","","101.73","","","","","","NA"
"-79.40","43.67","TORONTO CITY","6158355","2026-02-09 03:00","2026","02","09","03:00","","-15.8","","-20.7","","66","","0.0","","","","","","","","101.67","","","","","","NA"
"-79.40","43.67","TORONTO CITY","6158355","2026-02-09 04:00","2026","02","09","04:00","","-15.7","","-20.3","","67","","0.0","","","","","","","","101.60","","","","","","NA"
"-79.40","43.67","TORONTO CITY","6158355","2026-02-09 05:00","2026","02","09","05:00","","-14.7","","-20.0","","64","","0.0","","","","","","","","101.56","","","","","","NA"
"-79.40","43.67","TORONTO CITY","6158355","2026-02-09 06:00","2026","02","09","06:00","","-14.9","","-19.2","","70","","0.0","","","","","","","","101.56","","","","","","NA"
"-79.40","43.67","TORONTO CITY","6158355","2026-02-09 07:00","2026","02","09","07:00","","-14.4","","-19.3","","66","","0.0","","","","","","","","101.51","","","","","","NA"
"-79.40","43.67","TORONTO CITY","6158355","2026-02-09 08:00","2026","02","09","08:00","","-14.2","","-20.3","","60","","0.0","","","","","","","","101.54","","","","","","NA"
"-79.40","43.67","TORONTO CITY","6158355","2026-02-09 09:00","2026","02","09","09:00","","-12.5","","-20.5","","52","","0.0","","","","","","","","101.57","","","","","","NA"
"-79.40","43.67","TORONTO CITY","6158355","2026-02-09 10:00","2026","02","09","10:00","","-11.3","","-20.8","","45","","0.0","","","","","","","","101.49","","","","","","NA"
"-79.40","43.67","TORONTO CITY","6158355","2026-02-09 11:00","2026","02","09","11:00","","-10.3","","-20.3","","44","","0.0","","","","","","","","101.45","","","","","","NA"
"-79.40","43.67","TORONTO CITY","6158355","2026-02-09 12:00","2026","02","09","12:00","","-9.5","","-16.7","","56","","0.0","","","","","","","","101.35","","","","","","NA"
"-79.40","43.67","TORONTO CITY","6158355","2026-02-09 13:00","2026","02","09","13:00","","-8.8","","-12.9","","72","","0.0","","","","","","","","101.22","","","","","","NA"
"-79.40","43.67","TORONTO CITY","6158355","2026-02-09 14:00","2026","02","09","14:00","","-8.0","","-13.2","","66","","0.0","","","","","","","","101.07","","","","","","NA"
"-79.40","43.67","TORONTO CITY","6158355","2026-02-09 15:00","2026","02","09","15:00","","-7.5","","-13.5","","62","","0.0","","","","","","","","100.99","","","","","","NA"
"-79.40","43.67","TORONTO CITY","6158355","2026-02-09 16:00","2026","02","09","16:00","","-6.9","","-14.4","","55","","0.0","","","","","","","","100.95","","","","","","NA"
"-79.40","43.67","TORONTO CITY","6158355","2026-02-09 17:00","2026","02","09","17:00","","-7.2","","-13.5","","61","","0.0","","","","","","","","100.96","","","","","","NA"
"-79.40","43.67","TORONTO CITY","6158355","2026-02-09 18:00","2026","02","09","18:00","","-7.2","","-13.9","","59","","0.0","","","","","","","","100.95","","","","","","NA"
"-79.40","43.67","TORONTO CITY","6158355","2026-02-09 19:00","2026","02","09","19:00","","-6.8","","-13.7","","58","","0.0","","","","","","","","100.87","","","","","","NA"
"-79.40","43.67","TORONTO CITY","6158355","2026-02-09 20:00","2026","02","09","20:00","","-6.1","","-13.7","","55","","0.0","","","","","","","","100.81","","","","","","NA"
"-79.40","43.67","TORONTO CITY","6158355","2026-02-09 21:00","2026","02","09","21:00","","-5.9","","-12.7","","59","","0.0","","","","","","","","100.70","","","","","","NA"
"-79.40","43.67","TORONTO CITY","6158355","2026-02-09 22:00","2026","02","09","22:00","","-5.2","","-13.0","","54","","0.0","","","","","","","","100.60","","","","","","NA"
"-79.40","43.67","TORONTO CITY","6158355","2026-02-09 23:00","2026","02","09","23:00","","-5.0","","-12.7","","55","","0.0","","","","","","","","100.57","","","","","","NA"
"-79.40","43.67","TORONTO CITY","6158355","2026-02-10 00:00","2026","02","10","00:00","","-4.7","","-12.1","","56","","0.0","","","","","","","","100.52","","","","","","NA"
"-79.40","43.67","TORONTO CITY","6158355","2026-02-10 01:00","2026","02","10","01:00","","-4.5","","-12.1","","55","","0.0","","","","","","","","100.45","","","","","","NA"
"-79.40","43.67","TORONTO CITY","6158355","2026-02-10 02:00","2026","02","10","02:00","","-3.8","","-12.0","","53","","0.0","","","","","","","","100.47","","","","","","NA"
"-79.40","43.67","TORONTO CITY","6158355","2026-02-10 03:00","2026","02","10","03:00","","-3.5","","-10.2","","60","","0.0","","","","","","","","100.41","","","","","","NA"
"-79.40","43.67","TORONTO CITY","6158355","2026-02-10 04:00","2026","02","10","04:00","","-4.1","","-6.5","","83","","0.3","","","","","","","","100.33","","","","","","NA"
"-79.40","43.67","TORONTO CITY","6158355","2026-02-10 05:00","2026","02","10","05:00","","-4.2","","-5.5","","90","","1.1","","","","","","","","100.34","","","","","","NA"
"-79.40","43.67","TORONTO CITY","6158355","2026-02-10 06:00","2026","02","10","06:00","","-3.8","","-5.6","","88","","0.8","","","","","","","","100.26","","","","","","NA"
"-79.40","43.67","TORONTO CITY","6158355","2026-02-10 07:00","2026","02","10","07:00","","-3.7","","-5.3","","89","","0.2","","","","","","","","100.09","","","","","","NA"
"-79.40","43.67","TORONTO CITY","6158355","2026-02-10 08:00","2026","02","10","08:00","","-2.9","","-4.4","","89","","0.1","","","","","","","","100.04","","","","","","NA"
"-79.40","43.67","TORONTO CITY","6158355","2026-02-10 09:00","2026","02","10","09:00","","-2.2","","-4.0","","88","","0.0","","","","","","","","99.92","","","","","","NA"
"-79.40","43.67","TORONTO CITY","6158355","2026-02-10 10:00","2026","02","10","10:00","","-1.5","","-3.5","","86","","0.0","","","","","","","","99.67","","","","","","NA"
"-79.40","43.67","TORONTO CITY","6158355","2026-02-10 11:00","2026","02","10","11:00","","-0.3","","-3.4","","79","","0.0","","","","","","","","99.63","","","","","","NA"
"-79.40","43.67","TORONTO CITY","6158355","2026-02-10 12:00","2026","02","10","12:00","","0.0","","-3.4","","78","","0.0","","","","","","","","99.37","","","","","","NA"
"-79.40","43.67","TORONTO CITY","6158355","2026-02-10 13:00","2026","02","10","13:00","","1.1","","-3.7","","70","","0.0","","","","","","","","99.18","","","","","","NA"
"-79.40","43.67","TORONTO CITY","6158355","2026-02-10 14:00","2026","02","10","14:00","","1.6","","-5.2","","61","","0.0","","","","","","","","99.15","","","","","","NA"
"-79.40","43.67","TORONTO CITY","6158355","2026-02-10 15:00","2026","02","10","15:00","","1.6","","-5.1","","61","","0.0","","","","","","","","99.14","","","","","","NA"
"-79.40","43.67","TORONTO CITY","6158355","2026-02-10 16:00","2026","02","10","16:00","","2.0","","-5.4","","58","","0.0","","","","","","","","99.10","","","","","","NA"
"-79.40","43.67","TORONTO CITY","6158355","2026-02-10 17:00","2026","02","10","17:00","","2.0","","-4.4","","63","","0.0","","","","","","","","99.14","","","","","","NA"
"-79.40","43.67","TORONTO CITY","6158355","2026-02-10 18:00","2026","02","10","18:00","","1.5","","-4.2","","66","","0.0","","","","","","","","99.21","","","","","","NA"
"-79.40","43.67","TORONTO CITY","6158355","2026-02-10 19:00","2026","02","10","19:00","","1.3","","-3.5","","70","","0.0","","","","","","","","99.29","","","","","","NA"
"-79.40","43.67","TORONTO CITY","6158355","2026-02-10 20:00","2026","02","10","20:00","","1.7","","-3.7","","67","","0.0","","","","","","","","99.36","","","","","","NA"
"-79.40","43.67","TORONTO CITY","6158355","2026-02-10 21:00","2026","02","10","21:00","","1.7","","-3.5","","68","","0.0","","","","","","","","99.42","","","","","","NA"
"-79.40","43.67","TORONTO CITY","6158355","2026-02-10 22:00","2026","02","10","22:00","","1.5","","-3.2","","71","","0.0","","","","","","","","99.43","","","","","","NA"
"-79.40","43.67","TORONTO CITY","6158355","2026-02-10 23:00","2026","02","10","23:00","","1.5","","-2.5","","75","","0.0","","","","","","","","99.44","","","","","","NA"
"-79.40","43.67","TORONTO CITY","6158355","2026-02-11 00:00","2026","02","11","00:00","","1.5","","-2.1","","77","","0.0","","","","","","","","99.47","","","","","","NA"
"-79.40","43.67","TORONTO CITY","6158355","2026-02-11 01:00","2026","02","11","01:00","","1.3","","-2.1","","78","","0.0","","","","","","","","99.48","","","","","","NA"
"-79.40","43.67","TORONTO CITY","6158355","2026-02-11 02:00","2026","02","11","02:00","","1.3","","-2.1","","78","","0.0","","","","","","","","99.48","","","","","","NA"
"-79.40","43.67","TORONTO CITY","6158355","2026-02-11 03:00","2026","02","11","03:00","","1.3","","-3.3","","71","","0.0","","","","","","","","99.48","","","","","","NA"
"-79.40","43.67","TORONTO CITY","6158355","2026-02-11 04:00","2026","02","11","04:00","","0.9","","-4.7","","66","","0.0","","","","","","","","99.49","","","","","","NA"
"-79.40","43.67","TORONTO CITY","6158355","2026-02-11 05:00","2026","02","11","05:00","","0.4","","-5.5","","64","","0.0","","","","","","","","99.53","","","","","","NA"
"-79.40","43.67","TORONTO CITY","6158355","2026-02-11 06:00","2026","02","11","06:00","","0.0","","-5.6","","66","","0.0","","","","","","","","99.58","","","","","","NA"
"-79.40","43.67","TORONTO CITY","6158355","2026-02-11 07:00","2026","02","11","07:00","","-0.2","","-5.1","","69","","0.0","","","","","","","","99.61","","","","","","NA"
"-79.40","43.67","TORONTO CITY","6158355","2026-02-11 08:00","2026","02","11","08:00","","-0.4","","-4.8","","72","","0.0","","","","","","","","99.70","","","","","","NA"
"-79.40","43.67","TORONTO CITY","6158355","2026-02-11 09:00","2026","02","11","09:00","","-0.5","","-4.6","","74","","0.0","","","","","","","","99.70","","","","","","NA"
"-79.40","43.67","TORONTO CITY","6158355","2026-02-11 10:00","2026","02","11","10:00","","0.0","","-4.7","","71","","0.0","","","","","","","","99.70","","","","","","NA"
"-79.40","43.67","TORONTO CITY","6158355","2026-02-11 11:00","2026","02","11","11:00","","0.4","","-4.6","","69","","0.0","","","","","","","","99.72","","","","","","NA"
"-79.40","43.67","TORONTO CITY","6158355","2026-02-11 12:00","2026","02","11","12:00","","0.2","","-4.6","","70","","0.0","","","","","","","","99.74","","","","","","NA"
"-79.40","43.67","TORONTO CITY","6158355","2026-02-11 13:00","2026","02","11","13:00","","0.1","","-4.4","","71","","0.0","","","","","","","","99.73","","","","","","NA"
"-79.40","43.67","TORONTO CITY","6158355","2026-02-11 14:00","2026","02","11","14:00","","-0.1","","-4.1","","74","","0.0","","","","","","","","99.74","","","","","","NA"
"-79.40","43.67","TORONTO CITY","6158355","2026-02-11 15:00","2026","02","11","15:00","","0.3","","-5.7","","64","","0.0","","","","","","","","99.78","","","","","","NA"
"-79.40","43.67","TORONTO CITY","6158355","2026-02-11 16:00","2026","02","11","16:00","","0.1","","-6.6","","61","","0.0","","","","","","","","99.86","","","","","","NA"
"-79.40","43.67","TORONTO CITY","6158355","2026-02-11 17:00","2026","02","11","17:00","","-0.4","","-6.5","","63","","0.0","","","","","","","","99.96","","","","","","NA"
"-79.40","43.67","TORONTO CITY","6158355","2026-02-11 18:00","2026","02","11","18:00","","-0.8","","-6.8","","63","","0.0","","","","","","","","100.06","","","","","","NA"
"-79.40","43.67","TORONTO CITY","6158355","2026-02-11 19:00","2026","02","11","19:00","","-1.0","","-7.2","","63","","0.0","","","","","","","","100.14","","","","","","NA"
"-79.40","43.67","TORONTO CITY","6158355","2026-02-11 20:00","2026","02","11","20:00","","-1.4","","-7.9","","61","","0.0","","","","","","","","100.22","","","","","","NA"
"-79.40","43.67","TORONTO CITY","6158355","2026-02-11 21:00","2026","02","11","21:00","","-1.7","","-7.7","","64","","0.0","","","","","","","","100.27","","","","","","NA"
"-79.40","43.67","TORONTO CITY","6158355","2026-02-11 22:00","2026","02","11","22:00","","-2.2","","-7.0","","69","","0.0","","","","","","","","100.32","","","","","","NA"
"-79.40","43.67","TORONTO CITY","6158355","2026-02-11 23:00","2026","02","11","23:00","","-2.6","","-6.7","","73","","0.0","","","","","","","","100.34","","","","","","NA"
"-79.40","43.67","TORONTO CITY","6158355","2026-02-12 00:00","2026","02","12","00:00","","-3.1","","-7.0","","74","","0.0","","","","","","","","100.38","","","","","","NA"
"-79.40","43.67","TORONTO CITY","6158355","2026-02-12 01:00","2026","02","12","01:00","","-3.9","","-8.7","","69","","0.0","","","","","","","","100.42","","","","","","NA"
"-79.40","43.67","TORONTO CITY","6158355","2026-02-12 02:00","2026","02","12","02:00","","-4.5","","-8.7","","72","","0.0","","","","","","","","100.48","","","","","","NA"
"-79.40","43.67","TORONTO CITY","6158355","2026-02-12 03:00","2026","02","12","03:00","","-4.9","","-9.0","","73","","0.0","","","","","","","","100.52","","","","","","NA"
"-79.40","43.67","TORONTO CITY","6158355","2026-02-12 04:00","2026","02","12","04:00","","-5.3","","-9.4","","72","","0.0","","","","","","","","100.51","","","","","","NA"
"-79.40","43.67","TORONTO CITY","6158355","2026-02-12 05:00","2026","02","12","05:00","","-5.4","","-9.4","","73","","0.0","","","","","","","","100.57","","","","","","NA"
"-79.40","43.67","TORONTO CITY","6158355","2026-02-12 06:00","2026","02","12","06:00","","-5.8","","-9.6","","75","","0.0","","","","","","","","100.61","","","","","","NA"
"-79.40","43.67","TORONTO CITY","6158355","2026-02-12 07:00","2026","02","12","07:00","","-6.1","","-10.0","","73","","0.0","","","","","","","","100.66","","","","","","NA"
"-79.40","43.67","TORONTO CITY","6158355","2026-02-12 08:00","2026","02","12","08:00","","-5.9","","-9.6","","75","","0.0","","","","","","","","100.70","","","","","","NA"
"-79.40","43.67","TORONTO CITY","6158355","2026-02-12 09:00","2026","02","12","09:00","","-5.8","","-9.8","","74","","0.0","","","","","","","","100.75","","","","","","NA"
"-79.40","43.67","TORONTO CITY","6158355","2026-02-12 10:00","2026","02","12","10:00","","-5.0","","-10.0","","68","","0.0","","","","","","","","100.78","","","","","","NA"
"-79.40","43.67","TORONTO CITY","6158355","2026-02-12 11:00","2026","02","12","11:00","","-4.3","","-10.3","","63","","0.0","","","","","","","","100.82","","","","","","NA"
"-79.40","43.67","TORONTO CITY","6158355","2026-02-12 12:00","2026","02","12","12:00","","-4.0","","-9.9","","64","","0.0","","","","","","","","100.82","","","","","","NA"
"-79.40","43.67","TORONTO CITY","6158355","2026-02-12 13:00","2026","02","12","13:00","","-3.1","","-9.8","","60","","0.0","","","","","","","","100.78","","","","","","NA"
"-79.40","43.67","TORONTO CITY","6158355","2026-02-12 14:00","2026","02","12","14:00","","-2.3","","-9.9","","56","","0.0","","","","","","","","100.75","","","","","","NA"
"-79.40","43.67","TORONTO CITY","6158355","2026-02-12 15:00","2026","02","12","15:00","","-2.2","","-9.4","","58","","0.0","","","","","","","","100.72","","","","","","NA"
"-79.40","43.67","TORONTO CITY","6158355","2026-02-12 16:00","2026","02","12","16:00","","-2.7","","-9.7","","58","","0.0","","","","","","","","100.74","","","","","","NA"
"-79.40","43.67","TORONTO CITY","6158355","2026-02-12 17:00","2026","02","12","17:00","","-3.3","","-10.3","","58","","0.0","","","","","","","","100.77","","","","","","NA"
"-79.40","43.67","TORONTO CITY","6158355","2026-02-12 18:00","2026","02","12","18:00","","-4.2","","-10.5","","62","","0.0","","","","","","","","100.83","","","","","","NA"
"-79.40","43.67","TORONTO CITY","6158355","2026-02-12 19:00","2026","02","12","19:00","","-5.2","","-10.8","","65","","0.0","","","","","","","","100.88","","","","","","NA"
"-79.40","43.67","TORONTO CITY","6158355","2026-02-12 20:00","2026","02","12","20:00","","-6.0","","-11.1","","67","","0.0","","","","","","","","100.91","","","","","","NA"
"-79.40","43.67","TORONTO CITY","6158355","2026-02-12 21:00","2026","02","12","21:00","","-6.6","","-11.0","","71","","0.0","","","","","","","","100.94","","","","","","NA"
"-79.40","43.67","TORONTO CITY","6158355","2026-02-12 22:00","2026","02","12","22:00","","-7.0","","-12.9","","63","","0.0","","","","","","","","100.94","","","","","","NA"
"-79.40","43.67","TORONTO CITY","6158355","2026-02-12 23:00","2026","02","12","23:00","","-7.3","","-12.5","","66","","0.0","","","","","","","","100.95","","","","","","NA"
"-79.40","43.67","TORONTO CITY","6158355","2026-02-13 00:00","2026","02","13","00:00","","-7.8","","-11.5","","75","","0.0","","","","","","","","100.97","","","","","","NA"
"-79.40","43.67","TORONTO CITY","6158355","2026-02-13 01:00","2026","02","13","01:00","","-8.8","","-12.1","","77","","0.0","","","","","","","","100.97","","","","","","NA"
"-79.40","43.67","TORONTO CITY","6158355","2026-02-13 02:00","2026","02","13","02:00","","-8.6","","-11.8","","77","","0.0","","","","","","","","100.97","","","","","","NA"
"-79.40","43.67","TORONTO CITY","6158355","2026-02-13 03:00","2026","02","13","03:00","","-9.0","","-12.0","","79","","0.0","","","","","","","","100.96","","","","","","NA"
"-79.40","43.67","TORONTO CITY","6158355","2026-02-13 04:00","2026","02","13","04:00","","-9.3","","-12.5","","78","","0.0","","","","","","","","100.93","","","","","","NA"
"-79.40","43.67","TORONTO CITY","6158355","2026-02-13 05:00","2026","02","13","05:00","","-9.0","","-11.9","","79","","0.0","","","","","","","","100.90","","","","","","NA"
"-79.40","43.67","TORONTO CITY","6158355","2026-02-13 06:00","2026","02","13","06:00","","-9.0","","-11.4","","82","","0.0","","","","","","","","100.95","","","","","","NA"
"-79.40","43.67","TORONTO CITY","6158355","2026-02-13 07:00","2026","02","13","07:00","","-8.9","","-11.5","","82","","0.0","","","","","","","","100.98","","","","","","NA"
"-79.40","43.67","TORONTO CITY","6158355","2026-02-13 08:00","2026","02","13","08:00","","-8.9","","-11.4","","82","","0.0","","","","","","","","100.98","","","","","","NA"
"-79.40","43.67","TORONTO CITY","6158355","2026-02-13 09:00","2026","02","13","09:00","","-7.3","","-10.8","","76","","0.0","","","","","","","","101.00","","","","","","NA"
"-79.40","43.67","TORONTO CITY","6158355","2026-02-13 10:00","2026","02","13","10:00","","-5.1","","-10.9","","64","","0.0","","","","","","","","100.97","","","","","","NA"
"-79.40","43.67","TORONTO CITY","6158355","2026-02-13 11:00","2026","02","13","11:00","","-3.0","","-10.4","","57","","0.0","","","","","","","","100.93","","","","","","NA"
"-79.40","43.67","TORONTO CITY","6158355","2026-02-13 12:00","2026","02","13","12:00","","-2.1","","-10.3","","53","","0.0","","","","","","","","100.87","","","","","","NA"
"-79.40","43.67","TORONTO CITY","6158355","2026-02-13 13:00","2026","02","13","13:00","","-1.5","","-9.7","","54","","0.0","","","","","","","","100.79","","","","","","NA"
"-79.40","43.67","TORONTO CITY","6158355","2026-02-13 14:00","2026","02","13","14:00","","-1.0","","-9.7","","52","","0.0","","","","","","","","100.65","","","","","","NA"
"-79.40","43.67","TORONTO CITY","6158355","2026-02-13 15:00","2026","02","13","15:00","","-0.9","","-9.3","","53","","0.0","","","","","","","","100.57","","","","","","NA"
"-79.40","43.67","TORONTO CITY","6158355","2026-02-13 16:00","2026","02","13","16:00","","-0.8","","-7.2","","62","","0.0","","","","","","","","100.48","","","","","","NA"
"-79.40","43.67","TORONTO CITY","6158355","2026-02-13 17:00","2026","02","13","17:00","","-0.5","","-8.1","","56","","0.0","","","","","","","","100.46","","","","","","NA"
"-79.40","43.67","TORONTO CITY","6158355","2026-02-13 18:00","2026","02","13","18:00","","-0.4","","-7.4","","59","","0.0","","","","","","","","100.44","","","","","","NA"
"-79.40","43.67","TORONTO CITY","6158355","2026-02-13 19:00","2026","02","13","19:00","","-0.4","","-6.6","","62","","0.0","","","","","","","","100.37","","","","","","NA"
"-79.40","43.67","TORONTO CITY","6158355","2026-02-13 20:00","2026","02","13","20:00","","-2.1","","-3.5","","90","","0.5","","","","","","","","100.35","","","","","","NA"
"-79.40","43.67","TORONTO CITY","6158355","2026-02-13 21:00","2026","02","13","21:00","","-1.9","","-3.6","","88","","0.7","","","","","","","","100.31","","","","","","NA"
"-79.40","43.67","TORONTO CITY","6158355","2026-02-13 22:00","2026","02","13","22:00","","-1.3","","-3.6","","85","","0.0","","","","","","","","100.28","","","","","","NA"
"-79.40","43.67","TORONTO CITY","6158355","2026-02-13 23:00","2026","02","13","23:00","","-1.0","","-3.5","","83","","0.0","","","","","","","","100.24","","","","","","NA"
"-79.40","43.67","TORONTO CITY","6158355","2026-02-14 00:00","2026","02","14","00:00","","-0.3","","-3.5","","79","","0.0","","","","","","","","100.20","","","","","","NA"
"-79.40","43.67","TORONTO CITY","6158355","2026-02-14 01:00","2026","02","14","01:00","","-0.6","","-3.8","","79","","0.0","","","","","","","","100.17","","","","","","NA"
"-79.40","43.67","TORONTO CITY","6158355","2026-02-14 02:00","2026","02","14","02:00","","-0.9","","-4.0","","80","","0.0","","","","","","","","100.19","","","","","","NA"
"-79.40","43.67","TORONTO CITY","6158355","2026-02-14 03:00","2026","02","14","03:00","","-0.3","","-3.8","","77","","0.0","","","","","","","","100.22","","","","","","NA"
"-79.40","43.67","TORONTO CITY","6158355","2026-02-14 04:00","2026","02","14","04:00","","-0.7","","-4.1","","78","","0.0","","","","","","","","100.21","","","","","","NA"
"-79.40","43.67","TORONTO CITY","6158355","2026-02-14 05:00","2026","02","14","05:00","","-1.4","","-4.2","","81","","0.0","","","","","","","","100.25","","","","","","NA"
"-79.40","43.67","TORONTO CITY","6158355","2026-02-14 06:00","2026","02","14","06:00","","-1.3","","-4.2","","81","","0.0","","","","","","","","100.29","","","","","","NA"
"-79.40","43.67","TORONTO CITY","6158355","2026-02-14 07:00","2026","02","14","07:00","","-0.7","","-4.0","","78","","0.0","","","","","","","","100.33","","","","","","NA"
"-79.40","43.67","TORONTO CITY","6158355","2026-02-14 08:00","2026","02","14","08:00","","-0.8","","-3.8","","80","","0.0","","","","","","","","100.35","","","","","","NA"
"-79.40","43.67","TORONTO CITY","6158355","2026-02-14 09:00","2026","02","14","09:00","","0.7","","-3.7","","72","","0.0","","","","","","","","100.41","","","","","","NA"
"-79.40","43.67","TORONTO CITY","6158355","2026-02-14 10:00","2026","02","14","10:00","","1.8","","-3.7","","67","","0.0","","","","","","","","100.47","","","","","","NA"
"-79.40","43.67","TORONTO CITY","6158355","2026-02-14 11:00","2026","02","14","11:00","","1.9","","-3.8","","66","","0.0","","","","","","","","100.52","","","","","","NA"
"-79.40","43.67","TORONTO CITY","6158355","2026-02-14 12:00","2026","02","14","12:00","","2.0","","-3.7","","66","","0.0","","","","","","","","100.49","","","","","","NA"
"-79.40","43.67","TORONTO CITY","6158355","2026-02-14 13:00","2026","02","14","13:00","","2.3","","-4.0","","63","","0.0","","","","","","","","100.47","","","","","","NA"
"-79.40","43.67","TORONTO CITY","6158355","2026-02-14 14:00","2026","02","14","14:00","","2.3","","-4.1","","63","","0.0","","","","","","","","100.40","","","","","","NA"
"-79.40","43.67","TORONTO CITY","6158355","2026-02-14 15:00","2026","02","14","15:00","","2.4","","-3.7","","64","","0.0","","","","","","","","100.43","","","","","","NA"
"-79.40","43.67","TORONTO CITY","6158355","2026-02-14 16:00","2026","02","14","16:00","","2.5","","-3.9","","63","","0.0","","","","","","","","100.40","","","","","","NA"
"-79.40","43.67","TORONTO CITY","6158355","2026-02-14 17:00","2026","02","14","17:00","","2.2","","-2.9","","69","","0.0","","","","","","","","100.38","","","","","","NA"
"-79.40","43.67","TORONTO CITY","6158355","2026-02-14 18:00","2026","02","14","18:00","","1.9","","-2.9","","71","","0.0","","","","","","","","100.39","","","","","","NA"
"-79.40","43.67","TORONTO CITY","6158355","2026-02-14 19:00","2026","02","14","19:00","","1.7","","-2.8","","72","","0.0","","","","","","","","100.43","","","","","","NA"
"-79.40","43.67","TORONTO CITY","6158355","2026-02-14 20:00","2026","02","14","20:00","","1.4","","-2.4","","76","","0.0","","","","","","","","100.49","","","","","","NA"
"-79.40","43.67","TORONTO CITY","6158355","2026-02-14 21:00","2026","02","14","21:00","","1.2","","-2.2","","78","","0.0","","","","","","","","100.44","","","","","","NA"
"-79.40","43.67","TORONTO CITY","6158355","2026-02-14 22:00","2026","02","14","22:00","","1.0","","-2.3","","78","","0.0","","","","","","","","100.39","","","","","","NA"
"-79.40","43.67","TORONTO CITY","6158355","2026-02-14 23:00","2026","02","14","23:00","","0.9","","-2.5","","78","","0.0","","","","","","","","100.38","","","","","","NA"
"-79.40","43.67","TORONTO CITY","6158355","2026-02-15 00:00","2026","02","15","00:00","","0.5","","-2.4","","81","","0.0","","","","","","","","100.34","","","","","","NA"
"-79.40","43.67","TORONTO CITY","6158355","2026-02-15 01:00","2026","02","15","01:00","","-0.1","","-2.7","","83","","0.0","","","","","","","","100.36","","","","","","NA"
"-79.40","43.67","TORONTO CITY","6158355","2026-02-15 02:00","2026","02","15","02:00","","0.1","","-1.8","","87","","0.0","","","","","","","","100.37","","","","","","NA"
"-79.40","43.67","TORONTO CITY","6158355","2026-02-15 03:00","2026","02","15","03:00","","0.2","","-1.9","","86","","0.0","","","","","","","","100.34","","","","","","NA"
"-79.40","43.67","TORONTO CITY","6158355","2026-02-15 04:00","2026","02","15","04:00","","0.4","","-1.8","","85","","0.0","","","","","","","","100.35","","","","","","NA"
"-79.40","43.67","TORONTO CITY","6158355","2026-02-15 05:00","2026","02","15","05:00","","0.3","","-2.9","","79","","0.0","","","","","","","","100.31","","","","","","NA"
"-79.40","43.67","TORONTO CITY","6158355","2026-02-15 06:00","2026","02","15","06:00","","0.0","","-3.6","","76","","0.0","","","","","","","","100.34","","","","","","NA"
"-79.40","43.67","TORONTO CITY","6158355","2026-02-15 07:00","2026","02","15","07:00","","-0.1","","-3.5","","78","","0.0","","","","","","","","100.36","","","","","","NA"
"-79.40","43.67","TORONTO CITY","6158355","2026-02-15 08:00","2026","02","15","08:00","","0.0","","-3.4","","77","","0.0","","","","","","","","100.37","","","","","","NA"
"-79.40","43.67","TORONTO CITY","6158355","2026-02-15 09:00","2026","02","15","09:00","","0.5","","-4.5","","69","","0.0","","","","","","","","100.33","","","","","","NA"
"-79.40","43.67","TORONTO CITY","6158355","2026-02-15 10:00","2026","02","15","10:00","","0.0","","-3.2","","79","","0.0","","","","","","","","100.35","","","","","","NA"
"-79.40","43.67","TORONTO CITY","6158355","2026-02-15 11:00","2026","02","15","11:00","","-0.3","","-3.5","","80","","0.0","","","","","","","","100.33","","","","","","NA"
"-79.40","43.67","TORONTO CITY","6158355","2026-02-15 12:00","2026","02","15","12:00","","-0.8","","-4.1","","78","","0.0","","","","","","","","100.31","","","","","","NA"
"-79.40","43.67","TORONTO CITY","6158355","2026-02-15 13:00","2026","02","15","13:00","","0.2","","-4.2","","72","","0.0","","","","","","","","100.20","","","","","","NA"
"-79.40","43.67","TORONTO CITY","6158355","2026-02-15 14:00","2026","02","15","14:00","","0.5","","-4.4","","70","","0.0","","","","","","","","100.14","","","","","","NA"
"-79.40","43.67","TORONTO CITY","6158355","2026-02-15 15:00","2026","02","15","15:00","","0.5","","-3.9","","72","","0.0","","","","","","","","100.09","","","","","","NA"
"-79.40","43.67","TORONTO CITY","6158355","2026-02-15 16:00","2026","02","15","16:00","","0.3","","-3.8","","74","","0.0","","","","","","","","100.10","","","","","","NA"
"-79.40","43.67","TORONTO CITY","6158355","2026-02-15 17:00","2026","02","15","17:00","","0.3","","-3.7","","75","","0.0","","","","","","","","100.07","","","","","","NA"
"-79.40","43.67","TORONTO CITY","6158355","2026-02-15 18:00","2026","02","15","18:00","","-0.1","","-3.8","","76","","0.0","","","","","","","","100.04","","","","","","NA"
"-79.40","43.67","TORONTO CITY","6158355","2026-02-15 19:00","2026","02","15","19:00","","0.2","","-3.7","","75","","0.0","","","","","","","","100.10","","","","","","NA"
"-79.40","43.67","TORONTO CITY","6158355","2026-02-15 20:00","2026","02","15","20:00","","0.1","","-4.0","","74","","0.0","","","","","","","","100.10","","","","","","NA"
"-79.40","43.67","TORONTO CITY","6158355","2026-02-15 21:00","2026","02","15","21:00","","0.3","","-4.3","","71","","0.0","","","","","","","","100.17","","","","","","NA"
"-79.40","43.67","TORONTO CITY","6158355","2026-02-15 22:00","2026","02","15","22:00","","0.1","","-4.9","","69","","0.0","","","","","","","","100.18","","","","","","NA"
"-79.40","43.67","TORONTO CITY","6158355","2026-02-15 23:00","2026","02","15","23:00","","-0.1","","-5.7","","66","","0.0","","","","","","","","100.15","","","","","","NA"
"-79.40","43.67","TORONTO CITY","6158355","2026-02-16 00:00","2026","02","16","00:00","","-0.6","","-6.1","","67","","0.0","","","","","","","","100.14","","","","","","NA"
"-79.40","43.67","TORONTO CITY","6158355","2026-02-16 01:00","2026","02","16","01:00","","-0.9","","-5.9","","69","","0.0","","","","","","","","100.15","","","","","","NA"
"-79.40","43.67","TORONTO CITY","6158355","2026-02-16 02:00","2026","02","16","02:00","","-1.0","","-5.6","","71","","0.0","","","","","","","","100.14","","","","","","NA"
"-79.40","43.67","TORONTO CITY","6158355","2026-02-16 03:00","2026","02","16","03:00","","-1.3","","-5.3","","74","","0.0","","","","","","","","100.15","","","","","","NA"
"-79.40","43.67","TORONTO CITY","6158355","2026-02-16 04:00","2026","02","16","04:00","","-1.4","","-5.1","","76","","0.0","","","","","","","","100.19","","","","","","NA"
"-79.40","43.67","TORONTO CITY","6158355","2026-02-16 05:00","2026","02","16","05:00","","-1.5","","-4.7","","79","","0.0","","","","","","","","100.21","","","","","","NA"
"-79.40","43.67","TORONTO CITY","6158355","2026-02-16 06:00","2026","02","16","06:00","","-1.6","","-4.4","","81","","0.0","","","","","","","","100.27","","","","","","NA"
"-79.40","43.67","TORONTO CITY","6158355","2026-02-16 07:00","2026","02","16","07:00","","-1.6","","-4.3","","82","","0.0","","","","","","","","100.29","","","","","","NA"
"-79.40","43.67","TORONTO CITY","6158355","2026-02-16 08:00","2026","02","16","08:00","","-1.9","","-6.5","","70","","0.0","","","","","","","","100.36","","","","","","NA"
"-79.40","43.67","TORONTO CITY","6158355","2026-02-16 09:00","2026","02","16","09:00","","-0.9","","-5.4","","71","","0.0","","","","","","","","100.39","","","","","","NA"
"-79.40","43.67","TORONTO CITY","6158355","2026-02-16 10:00","2026","02","16","10:00","","0.7","","-3.4","","74","","0.0","","","","","","","","100.34","","","","","","NA"
"-79.40","43.67","TORONTO CITY","6158355","2026-02-16 11:00","2026","02","16","11:00","","0.6","","-2.2","","81","","0.0","","","","","","","","100.36","","","","","","NA"
"-79.40","43.67","TORONTO CITY","6158355","2026-02-16 12:00","2026","02","16","12:00","","0.4","","-2.2","","83","","0.0","","","","","","","","100.36","","","","","","NA"
"-79.40","43.67","TORONTO CITY","6158355","2026-02-16 13:00","2026","02","16","13:00","","1.1","","-2.0","","80","","0.0","","","","","","","","100.28","","","","","","NA"
"-79.40","43.67","TORONTO CITY","6158355","2026-02-16 14:00","2026","02","16","14:00","","0.7","","-1.9","","83","","0.0","","","","","","","","100.25","","","","","","NA"
"-79.40","43.67","TORONTO CITY","6158355","2026-02-16 15:00","2026","02","16","15:00","","1.4","","-1.6","","81","","0.0","","","","","","","","100.19","","","","","","NA"
"-79.40","43.67","TORONTO CITY","6158355","2026-02-16 16:00","2026","02","16","16:00","","2.1","","-0.3","","84","","0.0","","","","","","","","100.17","","","","","","NA"
"-79.40","43.67","TORONTO CITY","6158355","2026-02-16 17:00","2026","02","16","17:00","","2.2","","0.2","","86","","0.0","","","","","","","","100.18","","","","","","NA"
"-79.40","43.67","TORONTO CITY","6158355","2026-02-16 18:00","2026","02","16","18:00","","2.3","","0.9","","90","","0.0","","","","","","","","100.19","","","","","","NA"
"-79.40","43.67","TORONTO CITY","6158355","2026-02-16 19:00","2026","02","16","19:00","","2.4","","0.9","","90","","0.0","","","","","","","","100.21","","","","","","NA"
"-79.40","43.67","TORONTO CITY","6158355","2026-02-16 20:00","2026","02","16","20:00","","2.7","","1.3","","91","","0.2","","","","","","","","100.15","","","","","","NA"
"-79.40","43.67","TORONTO CITY","6158355","2026-02-16 21:00","2026","02","16","21:00","","2.8","","1.4","","90","","0.0","","","","","","","","100.12","","","","","","NA"
"-79.40","43.67","TORONTO CITY","6158355","2026-02-16 22:00","2026","02","16","22:00","","3.2","","1.4","","88","","0.0","","","","","","","","100.11","","","","","","NA"
"-79.40","43.67","TORONTO CITY","6158355","2026-02-16 23:00","2026","02","16","23:00","","3.4","","1.1","","85","","0.0","","","","","","","","100.08","","","","","","NA"
"-79.40","43.67","TORONTO CITY","6158355","2026-02-17 00:00","2026","02","17","00:00","","3.1","","0.8","","85","","0.0","","","","","","","","100.04","","","","","","NA"
"-79.40","43.67","TORONTO CITY","6158355","2026-02-17 01:00","2026","02","17","01:00"
"-79.40","43.67","TORONTO CITY","6158355","2026-02-17 02:00","2026","02","17","02:00"
"-79.40","43.67","TORONTO CITY","6158355","2026-02-17 03:00","2026","02","17","03:00"
"-79.40","43.67","TORONTO CITY","6158355","2026-02-17 04:00","2026","02","17","04:00"
"-79.40","43.67","TORONTO CITY","6158355","2026-02-17 05:00","2026","02","17","05:00","","3.0","","1.9","","93","","0.0","","","","","","","","100.18","","","","","","NA"
"-79.40","43.67","TORONTO CITY","6158355","2026-02-17 06:00","2026","02","17","06:00","","2.8","","1.8","","93","","0.0","","","","","","","","100.28","","","","","","NA"
"-79.40","43.67","TORONTO CITY","6158355","2026-02-17 07:00","2026","02","17","07:00","","3.4","","1.9","","90","","0.0","","","","","","","","100.31","","","","","","NA"
"-79.40","43.67","TORONTO CITY","6158355","2026-02-17 08:00","2026","02","17","08:00","","2.9","","1.3","","89","","0.0","","","","","","","","100.38","","","","","","NA"
"-79.40","43.67","TORONTO CITY","6158355","2026-02-17 09:00","2026","02","17","09:00","","3.6","","1.3","","85","","0.0","","","","","","","","100.42","","","","","","NA"
"-79.40","43.67","TORONTO CITY","6158355","2026-02-17 10:00","2026","02","17","10:00","","5.1","","1.0","","75","","0.0","","","","","","","","100.44","","","","","","NA"
"-79.40","43.67","TORONTO CITY","6158355","2026-02-17 11:00","2026","02","17","11:00","","6.1","","1.3","","71","","0.0","","","","","","","","100.46","","","","","","NA"
"-79.40","43.67","TORONTO CITY","6158355","2026-02-17 12:00","2026","02","17","12:00","","7.8","","1.1","","62","","0.0","","","","","","","","100.43","","","","","","NA"
"-79.40","43.67","TORONTO CITY","6158355","2026-02-17 13:00","2026","02","17","13:00","","6.3","","1.1","","69","","0.0","","","","","","","","100.41","","","","","","NA"
"-79.40","43.67","TORONTO CITY","6158355","2026-02-17 14:00","2026","02","17","14:00","","6.8","","1.4","","69","","0.0","","","","","","","","100.33","","","","","","NA"
"-79.40","43.67","TORONTO CITY","6158355","2026-02-17 15:00","2026","02","17","15:00","","5.2","","1.8","","79","","0.0","","","","","","","","100.33","","","","","","NA"
"-79.40","43.67","TORONTO CITY","6158355","2026-02-17 16:00","2026","02","17","16:00","","3.7","","1.2","","84","","0.0","","","","","","","","100.29","","","","","","NA"
"-79.40","43.67","TORONTO CITY","6158355","2026-02-17 17:00","2026","02","17","17:00","","2.5","","1.5","","93","","0.0","","","","","","","","100.34","","","","","","NA"
"-79.40","43.67","TORONTO CITY","6158355","2026-02-17 18:00","2026","02","17","18:00","","3.2","","1.7","","90","","0.0","","","","","","","","100.35","","","","","","NA"
"-79.40","43.67","TORONTO CITY","6158355","2026-02-17 19:00","2026","02","17","19:00","","3.4","","1.8","","89","","0.0","","","","","","","","100.35","","","","","","NA"
"-79.40","43.67","TORONTO CITY","6158355","2026-02-17 20:00","2026","02","17","20:00","","2.7","","1.2","","89","","0.0","","","","","","","","100.38","","","","","","NA"
"-79.40","43.67","TORONTO CITY","6158355","2026-02-17 21:00","2026","02","17","21:00","","3.5","","1.7","","88","","0.0","","","","","","","","100.35","","","","","","NA"
"-79.40","43.67","TORONTO CITY","6158355","2026-02-17 22:00","2026","02","17","22:00","","3.6","","1.7","","87","","0.0","","","","","","","","100.32","","","","","","NA"
"-79.40","43.67","TORONTO CITY","6158355","2026-02-17 23:00","2026","02","17","23:00","","4.1","","1.8","","85","","0.0","","","","","","","","100.31","","","","","","NA"
"-79.40","43.67","TORONTO CITY","6158355","2026-02-18 00:00","2026","02","18","00:00","","4.2","","1.3","","81","","0.0","","","","","","","","100.24","","","","","","NA"
"-79.40","43.67","TORONTO CITY","6158355","2026-02-18 01:00","2026","02","18","01:00","","4.0","","0.8","","79","","0.0","","","","","","","","100.20","","","","","","NA"
"-79.40","43.67","TORONTO CITY","6158355","2026-02-18 02:00","2026","02","18","02:00","","3.5","","-0.2","","77","","0.0","","","","","","","","100.15","","","","","","NA"
"-79.40","43.67","TORONTO CITY","6158355","2026-02-18 03:00","2026","02","18","03:00","","3.5","","-2.4","","65","","0.0","","","","","","","","100.08","","","","","","NA"
"-79.40","43.67","TORONTO CITY","6158355","2026-02-18 04:00","2026","02","18","04:00","","3.6","","-3.2","","61","","0.0","","","","","","","","100.02","","","","","","NA"
"-79.40","43.67","TORONTO CITY","6158355","2026-02-18 05:00","2026","02","18","05:00","","3.7","","-3.6","","59","","0.0","","","","","","","","99.93","","","","","","NA"
"-79.40","43.67","TORONTO CITY","6158355","2026-02-18 06:00","2026","02","18","06:00","","3.1","","-2.8","","65","","0.0","","","","","","","","99.82","","","","","","NA"
"-79.40","43.67","TORONTO CITY","6158355","2026-02-18 07:00","2026","02","18","07:00","","2.5","","-2.5","","70","","0.0","","","","","","","","99.84","","","","","","NA"
"-79.40","43.67","TORONTO CITY","6158355","2026-02-18 08:00","2026","02","18","08:00","","2.1","","-2.0","","74","","0.2","","","","","","","","99.83","","","","","","NA"
"-79.40","43.67","TORONTO CITY","6158355","2026-02-18 09:00","2026","02","18","09:00","","1.3","","-2.1","","78","","0.8","","","","","","","","99.75","","","","","","NA"
"-79.40","43.67","TORONTO CITY","6158355","2026-02-18 10:00","2026","02","18","10:00","","0.5","","-2.2","","82","","1.6","","","","","","","","99.67","","","","","","NA"
"-79.40","43.67","TORONTO CITY","6158355","2026-02-18 11:00","2026","02","18","11:00","","-0.6","","-1.4","","94","","4.1","","","","","","","","99.64","","","","","","NA"
"-79.40","43.67","TORONTO CITY","6158355","2026-02-18 12:00","2026","02","18","12:00","","-0.4","","-1.5","","93","","4.8","","","","","","","","99.48","","","","","","NA"
"-79.40","43.67","TORONTO CITY","6158355","2026-02-18 13:00","2026","02","18","13:00","","-0.3","","-1.5","","92","","1.4","","","","","","","","99.46","","","","","","NA"
"-79.40","43.67","TORONTO CITY","6158355","2026-02-18 14:00","2026","02","18","14:00","","-0.5","","-1.7","","91","","2.5","","","","","","","","99.35","","","","","","NA"
"-79.40","43.67","TORONTO CITY","6158355","2026-02-18 15:00","2026","02","18","15:00","","-0.6","","-2.2","","89","","1.6","","","","","","","","99.38","","","","","","NA"
"-79.40","43.67","TORONTO CITY","6158355","2026-02-18 16:00","2026","02","18","16:00","","-0.7","","-2.2","","90","","0.5","","","","","","","","99.36","","","","","","NA"
"-79.40","43.67","TORONTO CITY","6158355","2026-02-18 17:00","2026","02","18","17:00","","-1.4","","-3.1","","88","","0.2","","","","","","","","99.40","","","","","","NA"
"-79.40","43.67","TORONTO CITY","6158355","2026-02-18 18:00","2026","02","18","18:00","","-1.7","","-3.7","","86","","0.0","","","","","","","","99.47","","","","","","NA"
"-79.40","43.67","TORONTO CITY","6158355","2026-02-18 19:00","2026","02","18","19:00","","-1.4","","-4.1","","82","","0.0","","","","","","","","99.60","","","","","","NA"
"-79.40","43.67","TORONTO CITY","6158355","2026-02-18 20:00","2026","02","18","20:00","","-1.3","","-4.5","","79","","0.0","","","","","","","","99.69","","","","","","NA"
"-79.40","43.67","TORONTO CITY","6158355","2026-02-18 21:00","2026","02","18","21:00","","-1.0","","-5.3","","73","","0.0","","","","","","","","99.65","","","","","","NA"
"-79.40","43.67","TORONTO CITY","6158355","2026-02-18 22:00","2026","02","18","22:00","","-0.2","","-6.4","","63","","0.0","","","","","","","","99.76","","","","","","NA"
"-79.40","43.67","TORONTO CITY","6158355","2026-02-18 23:00","2026","02","18","23:00","","0.1","","-6.6","","61","","0.0","","","","","","","","99.84","","","","","","NA"
"-79.40","43.67","TORONTO CITY","6158355","2026-02-19 00:00","2026","02","19","00:00","","0.2","","-6.5","","61","","0.0","","","","","","","","99.75","","","","","","NA"
"-79.40","43.67","TORONTO CITY","6158355","2026-02-19 01:00","2026","02","19","01:00","","0.0","","-6.9","","60","","0.0","","","","","","","","99.83","","","","","","NA"
"-79.40","43.67","TORONTO CITY","6158355","2026-02-19 02:00","2026","02","19","02:00","","0.0","","-7.1","","59","","0.0","","","","","","","","99.86","","","","","","NA"
"-79.40","43.67","TORONTO CITY","6158355","2026-02-19 03:00","2026","02","19","03:00","","0.0","","-6.2","","63","","0.0","","","","","","","","99.92","","","","","","NA"
"-79.40","43.67","TORONTO CITY","6158355","2026-02-19 04:00","2026","02","19","04:00","","-0.1","","-6.3","","63","","0.0","","","","","","","","99.97","","","","","","NA"
"-79.40","43.67","TORONTO CITY","6158355","2026-02-19 05:00","2026","02","19","05:00","","-0.2","","-5.8","","66","","0.0","","","","","","","","100.02","","","","","","NA"
"-79.40","43.67","TORONTO CITY","6158355","2026-02-19 06:00","2026","02","19","06:00","","-0.2","","-6.0","","65","","0.0","","","","","","","","99.97","","","","","","NA"
"-79.40","43.67","TORONTO CITY","6158355","2026-02-19 07:00","2026","02","19","07:00","","-0.3","","-6.1","","65","","0.0","","","","","","","","100.01","","","","","","NA"
"-79.40","43.67","TORONTO CITY","6158355","2026-02-19 08:00","2026","02","19","08:00","","-0.1","","-5.5","","67","","0.0","","","","","","","","100.05","","","","","","NA"
"-79.40","43.67","TORONTO CITY","6158355","2026-02-19 09:00","2026","02","19","09:00","","0.0","","-4.6","","71","","0.0","","","","","","","","100.02","","","","","","NA"
"-79.40","43.67","TORONTO CITY","6158355","2026-02-19 10:00","2026","02","19","10:00","","0.4","","-3.9","","73","","0.0","","","","","","","","100.13","","","","","","NA"
"-79.40","43.67","TORONTO CITY","6158355","2026-02-19 11:00","2026","02","19","11:00","","0.5","","-3.6","","74","","0.0","","","","","","","","100.12","","","","","","NA"
"-79.40","43.67","TORONTO CITY","6158355","2026-02-19 12:00","2026","02","19","12:00","","0.5","","-3.3","","76","","0.0","","","","","","","","100.13","","","","","","NA"
"-79.40","43.67","TORONTO CITY","6158355","2026-02-19 13:00","2026","02","19","13:00","","1.0","","-2.8","","76","","0.0","","","","","","","","100.02","","","","","","NA"
"-79.40","43.67","TORONTO CITY","6158355","2026-02-19 14:00","2026","02","19","14:00","","0.8","","-2.9","","76","","0.0","","","","","","","","99.91","","","","","","NA"
"-79.40","43.67","TORONTO CITY","6158355","2026-02-19 15:00","2026","02","19","15:00","","1.3","","-2.2","","78","","0.0","","","","","","","","99.91","","","","","","NA"
"-79.40","43.67","TORONTO CITY","6158355","2026-02-19 16:00","2026","02","19","16:00","","1.2","","-1.8","","80","","0.0","","","","","","","","99.85","","","","","","NA"
"-79.40","43.67","TORONTO CITY","6158355","2026-02-19 17:00","2026","02","19","17:00","","1.1","","-1.9","","80","","0.0","","","","","","","","99.84","","","","","","NA"
"-79.40","43.67","TORONTO CITY","6158355","2026-02-19 18:00","2026","02","19","18:00","","1.4","","-1.2","","83","","0.0","","","","","","","","99.81","","","","","","NA"
"-79.40","43.67","TORONTO CITY","6158355","2026-02-19 19:00","2026","02","19","19:00","","1.6","","-0.8","","84","","0.0","","","","","","","","99.79","","","","","","NA"
"-79.40","43.67","TORONTO CITY","6158355","2026-02-19 20:00","2026","02","19","20:00","","1.9","","-0.7","","83","","0.0","","","","","","","","99.80","","","","","","NA"
"-79.40","43.67","TORONTO CITY","6158355","2026-02-19 21:00","2026","02","19","21:00","","2.0","","-0.8","","81","","0.0","","","","","","","","99.73","","","","","","NA"
"-79.40","43.67","TORONTO CITY","6158355","2026-02-19 22:00","2026","02","19","22:00","","2.1","","-0.7","","81","","0.0","","","","","","","","99.69","","","","","","NA"
"-79.40","43.67","TORONTO CITY","6158355","2026-02-19 23:00","2026","02","19","23:00","","2.2","","-0.5","","82","","0.0","","","","","","","","99.67","","","","","","NA"
"-79.40","43.67","TORONTO CITY","6158355","2026-02-20 00:00","2026","02","20","00:00","","2.2","","0.1","","86","","0.0","","","","","","","","99.57","","","","","","NA"
"-79.40","43.67","TORONTO CITY","6158355","2026-02-20 01:00","2026","02","20","01:00","","1.9","","0.8","","93","","0.0","","","","","","","","99.46","","","","","","NA"
"-79.40","43.67","TORONTO CITY","6158355","2026-02-20 02:00","2026","02","20","02:00","","2.0","","1.1","","94","","0.0","","","","","","","","99.37","","","","","","NA"
"-79.40","43.67","TORONTO CITY","6158355","2026-02-20 03:00","2026","02","20","03:00","","2.1","","1.0","","93","","0.0","","","","","","","","99.17","","","","","","NA"
"-79.40","43.67","TORONTO CITY","6158355","2026-02-20 04:00","2026","02","20","04:00","","2.2","","1.1","","93","","0.0","","","","","","","","99.08","","","","","","NA"
"-79.40","43.67","TORONTO CITY","6158355","2026-02-20 05:00","2026","02","20","05:00","","2.0","","0.9","","92","","0.0","","","","","","","","99.01","","","","","","NA"
"-79.40","43.67","TORONTO CITY","6158355","2026-02-20 06:00","2026","02","20","06:00","","2.3","","1.1","","92","","0.0","","","","","","","","98.99","","","","","","NA"
"-79.40","43.67","TORONTO CITY","6158355","2026-02-20 07:00","2026","02","20","07:00","","2.0","","1.1","","93","","1.2","","","","","","","","98.92","","","","","","NA"
"-79.40","43.67","TORONTO CITY","6158355","2026-02-20 08:00","2026","02","20","08:00","","2.0","","1.0","","93","","0.4","","","","","","","","98.85","","","","","","NA"
"-79.40","43.67","TORONTO CITY","6158355","2026-02-20 09:00","2026","02","20","09:00","","2.1","","1.2","","94","","1.6","","","","","","","","98.73","","","","","","NA"
"-79.40","43.67","TORONTO CITY","6158355","2026-02-20 10:00","2026","02","20","10:00","","2.2","","1.4","","95","","0.9","","","","","","","","98.58","","","","","","NA"
"-79.40","43.67","TORONTO CITY","6158355","2026-02-20 11:00","2026","02","20","11:00","","2.1","","1.3","","95","","0.0","","","","","","","","98.44","","","","","","NA"
"-79.40","43.67","TORONTO CITY","6158355","2026-02-20 12:00","2026","02","20","12:00","","2.2","","1.5","","95","","0.7","","","","","","","","98.32","","","","","","NA"
"-79.40","43.67","TORONTO CITY","6158355","2026-02-20 13:00","2026","02","20","13:00","","2.2","","1.5","","96","","1.7","","","","","","","","98.17","","","","","","NA"
"-79.40","43.67","TORONTO CITY","6158355","2026-02-20 14:00","2026","02","20","14:00","","2.1","","1.4","","95","","5.3","","","","","","","","98.23","","","","","","NA"
"-79.40","43.67","TORONTO CITY","6158355","2026-02-20 15:00","2026","02","20","15:00","","2.5","","1.8","","95","","0.0","","","","","","","","98.25","","","","","","NA"
"-79.40","43.67","TORONTO CITY","6158355","2026-02-20 16:00","2026","02","20","16:00","","2.7","","1.9","","94","","0.0","","","","","","","","98.44","","","","","","NA"
"-79.40","43.67","TORONTO CITY","6158355","2026-02-20 17:00","2026","02","20","17:00","","3.3","","-0.1","","78","","0.2","","","","","","","","98.58","","","","","","NA"
"-79.40","43.67","TORONTO CITY","6158355","2026-02-20 18:00","2026","02","20","18:00","","2.6","","0.5","","86","","0.0","","","","","","","","98.70","","","","","","NA"
"-79.40","43.67","TORONTO CITY","6158355","2026-02-20 19:00","2026","02","20","19:00","","2.6","","-0.5","","80","","0.0","","","","","","","","98.85","","","","","","NA"
"-79.40","43.67","TORONTO CITY","6158355","2026-02-20 20:00","2026","02","20","20:00","","2.2","","-0.5","","83","","0.0","","","","","","","","98.94","","","","","","NA"
"-79.40","43.67","TORONTO CITY","6158355","2026-02-20 21:00","2026","02","20","21:00","","1.7","","-0.2","","88","","0.1","","","","","","","","99.01","","","","","","NA"
"-79.40","43.67","TORONTO CITY","6158355","2026-02-20 22:00","2026","02","20","22:00","","1.7","","-0.5","","85","","0.0","","","","","","","","99.06","","","","","","NA"
"-79.40","43.67","TORONTO CITY","6158355","2026-02-20 23:00","2026","02","20","23:00","","1.8","","-0.5","","85","","0.0","","","","","","","","99.11","","","","","","NA"
"-79.40","43.67","TORONTO CITY","6158355","2026-02-21 00:00","2026","02","21","00:00","","2.0","","-0.6","","83","","0.0","","","","","","","","99.20","","","","","","NA"
"-79.40","43.67","TORONTO CITY","6158355","2026-02-21 01:00","2026","02","21","01:00","","2.2","","-0.5","","82","","0.0","","","","","","","","99.30","","","","","","NA"
"-79.40","43.67","TORONTO CITY","6158355","2026-02-21 02:00","2026","02","21","02:00","","2.4","","-0.3","","82","","0.0","","","","","","","","99.39","","","","","","NA"
"-79.40","43.67","TORONTO CITY","6158355","2026-02-21 03:00","2026","02","21","03:00","","2.5","","-0.5","","80","","0.0","","","","","","","","99.46","","","","","","NA"
"-79.40","43.67","TORONTO CITY","6158355","2026-02-21 04:00","2026","02","21","04:00","","2.5","","-0.7","","79","","0.0","","","","","","","","99.52","","","","","","NA"
"-79.40","43.67","TORONTO CITY","6158355","2026-02-21 05:00","2026","02","21","05:00","","2.4","","-1.0","","78","","0.0","","","","","","","","99.59","","","","","","NA"
"-79.40","43.67","TORONTO CITY","6158355","2026-02-21 06:00","2026","02","21","06:00","","2.3","","-0.4","","82","","0.0","","","","","","","","99.69","","","","","","NA"
"-79.40","43.67","TORONTO CITY","6158355","2026-02-21 07:00","2026","02","21","07:00","","1.9","","-0.4","","85","","0.0","","","","","","","","99.80","","","","","","NA"
"-79.40","43.67","TORONTO CITY","6158355","2026-02-21 08:00","2026","02","21","08:00","","1.9","","-0.8","","83","","0.0","","","","","","","","99.90","","","","","","NA"
"-79.40","43.67","TORONTO CITY","6158355","2026-02-21 09:00","2026","02","21","09:00","","1.6","","-0.2","","88","","0.2","","","","","","","","99.99","","","","","","NA"
"-79.40","43.67","TORONTO CITY","6158355","2026-02-21 10:00","2026","02","21","10:00","","1.5","","0.3","","92","","0.4","","","","","","","","100.04","","","","","","NA"
"-79.40","43.67","TORONTO CITY","6158355","2026-02-21 11:00","2026","02","21","11:00","","1.5","","0.4","","92","","0.1","","","","","","","","100.10","","","","","","NA"
"-79.40","43.67","TORONTO CITY","6158355","2026-02-21 12:00","2026","02","21","12:00","","1.7","","0.5","","92","","0.4","","","","","","","","100.12","","","","","","NA"
"-79.40","43.67","TORONTO CITY","6158355","2026-02-21 13:00","2026","02","21","13:00","","2.3","","0.5","","88","","0.0","","","","","","","","100.11","","","","","","NA"
"-79.40","43.67","TORONTO CITY","6158355","2026-02-21 14:00","2026","02","21","14:00","","2.2","","0.3","","88","","0.0","","","","","","","","100.13","","","","","","NA"
"-79.40","43.67","TORONTO CITY","6158355","2026-02-21 15:00","2026","02","21","15:00","","2.5","","0.0","","83","","0.0","","","","","","","","100.16","","","","","","NA"
"-79.40","43.67","TORONTO CITY","6158355","2026-02-21 16:00","2026","02","21","16:00","","2.8","","-0.4","","80","","0.0","","","","","","","","100.19","","","","","","NA"
"-79.40","43.67","TORONTO CITY","6158355","2026-02-21 17:00","2026","02","21","17:00","","2.5","","-0.7","","79","","0.0","","","","","","","","100.24","","","","","","NA"
"-79.40","43.67","TORONTO CITY","6158355","2026-02-21 18:00","2026","02","21","18:00","","2.1","","0.2","","88","","0.0","","","","","","","","100.27","","","","","","NA"
"-79.40","43.67","TORONTO CITY","6158355","2026-02-21 19:00","2026","02","21","19:00","","0.9","","-0.2","","92","","0.4","","","","","","","","100.33","","","","","","NA"
"-79.40","43.67","TORONTO CITY","6158355","2026-02-21 20:00","2026","02","21","20:00","","0.6","","-0.4","","93","","0.0","","","","","","","","100.36","","","","","","NA"
"-79.40","43.67","TORONTO CITY","6158355","2026-02-21 21:00","2026","02","21","21:00","","0.2","","-0.8","","93","","0.0","","","","","","","","100.40","","","","","","NA"
"-79.40","43.67","TORONTO CITY","6158355","2026-02-21 22:00","2026","02","21","22:00","","-0.1","","-1.1","","93","","0.3","","","","","","","","100.40","","","","","","NA"
"-79.40","43.67","TORONTO CITY","6158355","2026-02-21 23:00","2026","02","21","23:00","","-0.3","","-1.3","","93","","0.7","","","","","","","","100.38","","","","","","NA"
"-79.40","43.67","TORONTO CITY","6158355","2026-02-22 00:00","2026","02","22","00:00","","-0.7","","-1.7","","93","","0.1","","","","","","","","100.36","","","","","","NA"
"-79.40","43.67","TORONTO CITY","6158355","2026-02-22 01:00","2026","02","22","01:00","","-0.9","","-1.8","","93","","0.0","","","","","","","","100.35","","","","","","NA"
"-79.40","43.67","TORONTO CITY","6158355","2026-02-22 02:00","2026","02","22","02:00","","-1.1","","-2.0","","94","","0.0","","","","","","","","100.33","","","","","","NA"
"-79.40","43.67","TORONTO CITY","6158355","2026-02-22 03:00","2026","02","22","03:00","","-1.1","","-1.9","","94","","0.0","","","","","","","","100.27","","","","","","NA"
"-79.40","43.67","TORONTO CITY","6158355","2026-02-22 04:00","2026","02","22","04:00","","-1.1","","-2.0","","94","","0.6","","","","","","","","100.22","","","","","","NA"
"-79.40","43.67","TORONTO CITY","6158355","2026-02-22 05:00","2026","02","22","05:00","","-0.9","","-1.9","","93","","0.5","","","","","","","","100.19","","","","","","NA"
"-79.40","43.67","TORONTO CITY","6158355","2026-02-22 06:00","2026","02","22","06:00","","-1.0","","-2.0","","92","","0.5","","","","","","","","100.20","","","","","","NA"
"-79.40","43.67","TORONTO CITY","6158355","2026-02-22 07:00","2026","02","22","07:00","","-1.2","","-2.3","","92","","0.3","","","","","","","","100.20","","","","","","NA"
"-79.40","43.67","TORONTO CITY","6158355","2026-02-22 08:00","2026","02","22","08:00","","-1.1","","-2.4","","91","","0.2","","","","","","","","100.19","","","","","","NA"
"-79.40","43.67","TORONTO CITY","6158355","2026-02-22 09:00","2026","02","22","09:00","","-1.3","","-2.6","","91","","0.1","","","","","","","","100.19","","","","","","NA"
"-79.40","43.67","TORONTO CITY","6158355","2026-02-22 10:00","2026","02","22","10:00","","-1.8","","-3.1","","91","","0.4","","","","","","","","100.19","","","","","","NA"
"-79.40","43.67","TORONTO CITY","6158355","2026-02-22 11:00","2026","02","22","11:00","","-1.6","","-2.9","","91","","0.2","","","","","","","","100.16","","","","","","NA"
"-79.40","43.67","TORONTO CITY","6158355","2026-02-22 12:00","2026","02","22","12:00","","-1.1","","-2.7","","89","","0.2","","","","","","","","100.15","","","","","","NA"
"-79.40","43.67","TORONTO CITY","6158355","2026-02-22 13:00","2026","02","22","13:00","","-0.8","","-2.4","","89","","0.2","","","","","","","","100.11","","","","","","NA"
"-79.40","43.67","TORONTO CITY","6158355","2026-02-22 14:00","2026","02","22","14:00","","-0.6","","-2.4","","88","","0.0","","","","","","","","100.10","","","","","","NA"
"-79.40","43.67","TORONTO CITY","6158355","2026-02-22 15:00","2026","02","22","15:00","","-0.3","","-2.1","","87","","0.1","","","","","","","","100.10","","","","","","NA"
"-79.40","43.67","TORONTO CITY","6158355","2026-02-22 16:00","2026","02","22","16:00","","0.0","","-1.8","","87","","0.0","","","","","","","","100.12","","","","","","NA"
"-79.40","43.67","TORONTO CITY","6158355","2026-02-22 17:00","2026","02","22","17:00","","0.1","","-1.9","","86","","0.0","","","","","","","","100.15","","","","","","NA"
"-79.40","43.67","TORONTO CITY","6158355","2026-02-22 18:00","2026","02","22","18:00","","0.3","","-1.5","","88","","0.0","","","","","","","","100.19","","","","","","NA"
"-79.40","43.67","TORONTO CITY","6158355","2026-02-22 19:00","2026","02","22","19:00","","0.2","","-1.3","","90","","0.1","","","","","","","","100.22","","","","","","NA"
"-79.40","43.67","TORONTO CITY","6158355","2026-02-22 20:00","2026","02","22","20:00","","0.1","","-1.3","","90","","0.1","","","","","","","","100.22","","","","","","NA"
"-79.40","43.67","TORONTO CITY","6158355","2026-02-22 21:00","2026","02","22","21:00","","0.2","","-1.6","","87","","0.1","","","","","","","","100.19","","","","","","NA"
"-79.40","43.67","TORONTO CITY","6158355","2026-02-22 22:00","2026","02","22","22:00","","-0.1","","-2.2","","86","","0.1","","","","","","","","100.17","","","","","","NA"
"-79.40","43.67","TORONTO CITY","6158355","2026-02-22 23:00","2026","02","22","23:00","","-0.4","","-3.0","","82","","0.0","","","","","","","","100.15","","","","","","NA"
"-79.40","43.67","TORONTO CITY","6158355","2026-02-23 00:00","2026","02","23","00:00","","-1.0","","-3.2","","85","","0.0","","","","","","","","100.09","","","","","","NA"
"-79.40","43.67","TORONTO CITY","6158355","2026-02-23 01:00","2026","02","23","01:00","","-0.7","","-2.7","","86","","0.0","","","","","","","","100.12","","","","","","NA"
"-79.40","43.67","TORONTO CITY","6158355","2026-02-23 02:00","2026","02","23","02:00","","-0.6","","-3.1","","83","","0.0","","","","","","","","100.11","","","","","","NA"
"-79.40","43.67","TORONTO CITY","6158355","2026-02-23 03:00","2026","02","23","03:00","","-1.4","","-3.7","","84","","0.1","","","","","","","","100.11","","","","","","NA"
"-79.40","43.67","TORONTO CITY","6158355","2026-02-23 04:00","2026","02","23","04:00","","-1.8","","-5.1","","78","","0.0","","","","","","","","100.09","","","","","","NA"
"-79.40","43.67","TORONTO CITY","6158355","2026-02-23 05:00","2026","02","23","05:00","","-3.0","","-5.9","","81","","0.0","","","","","","","","100.11","","","","","","NA"
"-79.40","43.67","TORONTO CITY","6158355","2026-02-23 06:00","2026","02","23","06:00","","-3.1","","-5.9","","81","","0.0","","","","","","","","100.09","","","","","","NA"
"-79.40","43.67","TORONTO CITY","6158355","2026-02-23 07:00","2026","02","23","07:00","","-2.4","","-5.5","","79","","0.0","","","","","","","","100.09","","","","","","NA"
"-79.40","43.67","TORONTO CITY","6158355","2026-02-23 08:00","2026","02","23","08:00","","-2.0","","-5.0","","80","","0.0","","","","","","","","100.19","","","","","","NA"
"-79.40","43.67","TORONTO CITY","6158355","2026-02-23 09:00","2026","02","23","09:00","","-1.8","","-5.2","","78","","0.0","","","","","","","","100.23","","","","","","NA"
"-79.40","43.67","TORONTO CITY","6158355","2026-02-23 10:00","2026","02","23","10:00","","-1.7","","-4.6","","81","","0.0","","","","","","","","100.26","","","","","","NA"
"-79.40","43.67","TORONTO CITY","6158355","2026-02-23 11:00","2026","02","23","11:00","","-3.0","","-7.1","","73","","0.0","","","","","","","","100.23","","","","","","NA"
"-79.40","43.67","TORONTO CITY","6158355","2026-02-23 12:00","2026","02","23","12:00","","-3.2","","-8.1","","69","","0.0","","","","","","","","100.24","","","","","","NA"
"-79.40","43.67","TORONTO CITY","6158355","2026-02-23 13:00","2026","02","23","13:00","","-3.0","","-9.3","","62","","0.0","","","","","","","","100.24","","","","","","NA"
"-79.40","43.67","TORONTO CITY","6158355","2026-02-23 14:00","2026","02","23","14:00","","-3.3","","-9.7","","61","","0.0","","","","","","","","100.23","","","","","","NA"
"-79.40","43.67","TORONTO CITY","6158355","2026-02-23 15:00","2026","02","23","15:00","","-4.4","","-9.9","","65","","0.0","","","","","","","","100.26","","","","","","NA"
"-79.40","43.67","TORONTO CITY","6158355","2026-02-23 16:00","2026","02","23","16:00","","-5.3","","-10.4","","67","","0.0","","","","","","","","100.27","","","","","","NA"
"-79.40","43.67","TORONTO CITY","6158355","2026-02-23 17:00","2026","02","23","17:00","","-5.6","","-10.3","","70","","0.0","","","","","","","","100.31","","","","","","NA"
"-79.40","43.67","TORONTO CITY","6158355","2026-02-23 18:00","2026","02","23","18:00","","-6.7","","-11.3","","70","","0.0","","","","","","","","100.38","","","","","","NA"
"-79.40","43.67","TORONTO CITY","6158355","2026-02-23 19:00","2026","02","23","19:00","","-7.2","","-11.2","","73","","0.0","","","","","","","","100.43","","","","","","NA"
"-79.40","43.67","TORONTO CITY","6158355","2026-02-23 20:00","2026","02","23","20:00","","-7.3","","-11.2","","73","","0.0","","","","","","","","100.43","","","","","","NA"
"-79.40","43.67","TORONTO CITY","6158355","2026-02-23 21:00","2026","02","23","21:00","","-8.0","","-12.3","","72","","0.0","","","","","","","","100.45","","","","","","NA"
"-79.40","43.67","TORONTO CITY","6158355","2026-02-23 22:00","2026","02","23","22:00","","-8.5","","-13.4","","68","","0.0","","","","","","","","100.43","","","","","","NA"
"-79.40","43.67","TORONTO CITY","6158355","2026-02-23 23:00","2026","02","23","23:00","","-9.6","","-15.7","","61","","0.0","","","","","","","","100.45","","","","","","NA"
"-79.40","43.67","TORONTO CITY","6158355","2026-02-24 00:00","2026","02","24","00:00","","-10.1","","-16.0","","62","","0.0","","","","","","","","100.41","","","","","","NA"
"-79.40","43.67","TORONTO CITY","6158355","2026-02-24 01:00","2026","02","24","01:00","","-10.5","","-15.5","","66","","0.0","","","","","","","","100.38","","","","","","NA"
"-79.40","43.67","TORONTO CITY","6158355","2026-02-24 02:00","2026","02","24","02:00","","-10.7","","-15.3","","68","","0.0","","","","","","","","100.38","","","","","","NA"
"-79.40","43.67","TORONTO CITY","6158355","2026-02-24 03:00","2026","02","24","03:00","","-11.1","","-15.2","","72","","0.0","","","","","","","","100.38","","","","","","NA"
"-79.40","43.67","TORONTO CITY","6158355","2026-02-24 04:00","2026","02","24","04:00","","-11.5","","-15.5","","72","","0.0","","","","","","","","100.41","","","","","","NA"
"-79.40","43.67","TORONTO CITY","6158355","2026-02-24 05:00","2026","02","24","05:00","","-12.3","","-16.4","","71","","0.0","","","","","","","","100.42","","","","","","NA"
"-79.40","43.67","TORONTO CITY","6158355","2026-02-24 06:00","2026","02","24","06:00","","-13.5","","-17.8","","70","","0.0","","","","","","","","100.46","","","","","","NA"
"-79.40","43.67","TORONTO CITY","6158355","2026-02-24 07:00","2026","02","24","07:00","","-13.8","","-17.9","","71","","0.0","","","","","","","","100.45","","","","","","NA"
"-79.40","43.67","TORONTO CITY","6158355","2026-02-24 08:00","2026","02","24","08:00","","-13.5","","-17.9","","69","","0.0","","","","","","","","100.46","","","","","","NA"
"-79.40","43.67","TORONTO CITY","6158355","2026-02-24 09:00","2026","02","24","09:00","","-12.4","","-17.6","","65","","0.0","","","","","","","","100.41","","","","","","NA"
"-79.40","43.67","TORONTO CITY","6158355","2026-02-24 10:00","2026","02","24","10:00","","-11.3","","-17.2","","61","","0.0","","","","","","","","100.36","","","","","","NA"
"-79.40","43.67","TORONTO CITY","6158355","2026-02-24 11:00","2026","02","24","11:00","","-10.5","","-17.5","","56","","0.0","","","","","","","","100.29","","","","","","NA"
"-79.40","43.67","TORONTO CITY","6158355","2026-02-24 12:00","2026","02","24","12:00","","-8.2","","-16.7","","50","","0.0","","","","","","","","100.15","","","","","","NA"
"-79.40","43.67","TORONTO CITY","6158355","2026-02-24 13:00","2026","02","24","13:00","","-7.0","","-16.2","","48","","0.0","","","","","","","","100.00","","","","","","NA"
"-79.40","43.67","TORONTO CITY","6158355","2026-02-24 14:00","2026","02","24","14:00","","-5.8","","-13.5","","54","","0.0","","","","","","","","99.87","","","","","","NA"
"-79.40","43.67","TORONTO CITY","6158355","2026-02-24 15:00","2026","02","24","15:00","","-5.8","","-11.7","","63","","0.0","","","","","","","","99.74","","","","","","NA"
"-79.40","43.67","TORONTO CITY","6158355","2026-02-24 16:00","2026","02","24","16:00","","-4.6","","-11.5","","58","","0.0","","","","","","","","99.64","","","","","","NA"
"-79.40","43.67","TORONTO CITY","6158355","2026-02-24 17:00","2026","02","24","17:00","","-4.2","","-9.4","","67","","0.0","","","","","","","","99.50","","","","","","NA"
"-79.40","43.67","TORONTO CITY","6158355","2026-02-24 18:00","2026","02","24","18:00","","-4.0","","-9.9","","63","","0.0","","","","","","","","99.43","","","","","","NA"
"-79.40","43.67","TORONTO CITY","6158355","2026-02-24 19:00","2026","02","24","19:00","","-3.8","","-8.9","","68","","0.0","","","","","","","","99.27","","","","","","NA"
"-79.40","43.67","TORONTO CITY","6158355","2026-02-24 20:00","2026","02","24","20:00","","-3.5","","-8.5","","68","","0.0","","","","","","","","99.11","","","","","","NA"
"-79.40","43.67","TORONTO CITY","6158355","2026-02-24 21:00","2026","02","24","21:00","","-3.2","","-8.3","","68","","0.0","","","","","","","","99.02","","","","","","NA"
"-79.40","43.67","TORONTO CITY","6158355","2026-02-24 22:00","2026","02","24","22:00","","-3.1","","-8.0","","69","","0.0","","","","","","","","98.96","","","","","","NA"
"-79.40","43.67","TORONTO CITY","6158355","2026-02-24 23:00","2026","02","24","23:00","","-3.7","","-5.7","","86","","0.4","","","","","","","","98.82","","","","","","NA"
"-79.40","43.67","TORONTO CITY","6158355","2026-02-25 00:00","2026","02","25","00:00","","-3.4","","-4.6","","92","","1.6","","","","","","","","98.61","","","","","","NA"
"-79.40","43.67","TORONTO CITY","6158355","2026-02-25 01:00","2026","02","25","01:00","","-2.5","","-3.6","","92","","0.7","","","","","","","","98.44","","","","","","NA"
"-79.40","43.67","TORONTO CITY","6158355","2026-02-25 02:00","2026","02","25","02:00","","-2.0","","-2.8","","94","","0.6","","","","","","","","98.33","","","","","","NA"
"-79.40","43.67","TORONTO CITY","6158355","2026-02-25 03:00","2026","02","25","03:00","","-1.0","","-2.4","","90","","0.2","","","","","","","","98.28","","","","","","NA"
"-79.40","43.67","TORONTO CITY","6158355","2026-02-25 04:00","2026","02","25","04:00","","-1.6","","-3.4","","87","","0.0","","","","","","","","98.24","","","","","","NA"
"-79.40","43.67","TORONTO CITY","6158355","2026-02-25 05:00","2026","02","25","05:00","","-1.0","","-3.1","","86","","0.0","","","","","","","","98.25","","","","","","NA"
"-79.40","43.67","TORONTO CITY","6158355","2026-02-25 06:00","2026","02","25","06:00","","-0.2","","-2.5","","85","","0.0","","","","","","","","98.26","","","","","","NA"
"-79.40","43.67","TORONTO CITY","6158355","2026-02-25 07:00","2026","02","25","07:00","","0.2","","-2.8","","81","","0.0","","","","","","","","98.28","","","","","","NA"
"-79.40","43.67","TORONTO CITY","6158355","2026-02-25 08:00","2026","02","25","08:00","","0.4","","-2.4","","82","","0.0","","","","","","","","98.30","","","","","","NA"
"-79.40","43.67","TORONTO CITY","6158355","2026-02-25 09:00","2026","02","25","09:00","","0.5","","-2.0","","83","","0.0","","","","","","","","98.29","","","","","","NA"
"-79.40","43.67","TORONTO CITY","6158355","2026-02-25 10:00","2026","02","25","10:00","","1.2","","-2.0","","79","","0.1","","","","","","","","98.27","","","","","","NA"
"-79.40","43.67","TORONTO CITY","6158355","2026-02-25 11:00","2026","02","25","11:00","","1.9","","-2.2","","74","","0.0","","","","","","","","98.30","","","","","","NA"
"-79.40","43.67","TORONTO CITY","6158355","2026-02-25 12:00","2026","02","25","12:00","","2.4","","-2.5","","70","","0.0","","","","","","","","98.30","","","","","","NA"
"-79.40","43.67","TORONTO CITY","6158355","2026-02-25 13:00","2026","02","25","13:00","","2.4","","-2.6","","69","","0.0","","","","","","","","98.27","","","","","","NA"
"-79.40","43.67","TORONTO CITY","6158355","2026-02-25 14:00","2026","02","25","14:00","","1.1","","-2.8","","75","","0.0","","","","","","","","98.30","","","","","","NA"
"-79.40","43.67","TORONTO CITY","6158355","2026-02-25 15:00","2026","02","25","15:00","","2.1","","-4.3","","63","","0.2","","","","","","","","98.33","","","","","","NA"
"-79.40","43.67","TORONTO CITY","6158355","2026-02-25 16:00","2026","02","25","16:00","","2.0","","-4.8","","61","","0.0","","","","","","","","98.44","","","","","","NA"
"-79.40","43.67","TORONTO CITY","6158355","2026-02-25 17:00","2026","02","25","17:00","","-0.1","","-4.2","","74","","0.0","","","","","","","","98.60","","","","","","NA"
"-79.40","43.67","TORONTO CITY","6158355","2026-02-25 18:00","2026","02","25","18:00","","-0.8","","-8.4","","56","","0.0","","","","","","","","98.79","","","","","","NA"
"-79.40","43.67","TORONTO CITY","6158355","2026-02-25 19:00","2026","02","25","19:00","","-1.1","","-8.4","","58","","0.0","","","","","","","","98.97","","","","","","NA"
"-79.40","43.67","TORONTO CITY","6158355","2026-02-25 20:00","2026","02","25","20:00","","-1.4","","-8.6","","58","","0.0","","","","","","","","99.04","","","","","","NA"
"-79.40","43.67","TORONTO CITY","6158355","2026-02-25 21:00","2026","02","25","21:00","","-2.1","","-8.1","","64","","0.0","","","","","","","","99.16","","","","","","NA"
"-79.40","43.67","TORONTO CITY","6158355","2026-02-25 22:00","2026","02","25","22:00","","-2.5","","-9.7","","58","","0.0","","","","","","","","99.24","","","","","","NA"
"-79.40","43.67","TORONTO CITY","6158355","2026-02-25 23:00","2026","02","25","23:00","","-3.0","","-9.9","","59","","0.0","","","","","","","","99.32","","","","","","NA"
"-79.40","43.67","TORONTO CITY","6158355","2026-02-26 00:00","2026","02","26","00:00","","-3.7","","-10.2","","61","","0.0","","","","","","","","99.40","","","","","","NA"
"-79.40","43.67","TORONTO CITY","6158355","2026-02-26 01:00","2026","02","26","01:00","","-4.0","","-11.2","","57","","0.0","","","","","","","","99.48","","","","","","NA"
"-79.40","43.67","TORONTO CITY","6158355","2026-02-26 02:00","2026","02","26","02:00","","-4.4","","-10.7","","61","","0.0","","","","","","","","99.58","","","","","","NA"
"-79.40","43.67","TORONTO CITY","6158355","2026-02-26 03:00","2026","02","26","03:00","","-5.0","","-10.4","","66","","0.0","","","","","","","","99.61","","","","","","NA"
"-79.40","43.67","TORONTO CITY","6158355","2026-02-26 04:00","2026","02","26","04:00","","-5.3","","-10.2","","69","","0.0","","","","","","","","99.65","","","","","","NA"
"-79.40","43.67","TORONTO CITY","6158355","2026-02-26 05:00","2026","02","26","05:00","","-5.4","","-9.9","","71","","0.0","","","","","","","","99.69","","","","","","NA"
"-79.40","43.67","TORONTO CITY","6158355","2026-02-26 06:00","2026","02","26","06:00","","-5.4","","-9.6","","72","","0.0","","","","","","","","99.80","","","","","","NA"
"-79.40","43.67","TORONTO CITY","6158355","2026-02-26 07:00","2026","02","26","07:00","","-5.3","","-9.1","","75","","0.0","","","","","","","","99.87","","","","","","NA"
"-79.40","43.67","TORONTO CITY","6158355","2026-02-26 08:00","2026","02","26","08:00","","-5.2","","-9.9","","70","","0.0","","","","","","","","99.86","","","","","","NA"
"-79.40","43.67","TORONTO CITY","6158355","2026-02-26 09:00","2026","02","26","09:00","","-4.8","","-10.4","","65","","0.0","","","","","","","","99.94","","","","","","NA"
"-79.40","43.67","TORONTO CITY","6158355","2026-02-26 10:00","2026","02","26","10:00","","-3.7","","-12.1","","52","","0.0","","","","","","","","100.07","","","","","","NA"
"-79.40","43.67","TORONTO CITY","6158355","2026-02-26 11:00","2026","02","26","11:00","","-3.5","","-12.0","","52","","0.0","","","","","","","","100.07","","","","","","NA"
"-79.40","43.67","TORONTO CITY","6158355","2026-02-26 12:00","2026","02","26","12:00","","-2.4","","-10.4","","54","","0.0","","","","","","","","100.05","","","","","","NA"
"-79.40","43.67","TORONTO CITY","6158355","2026-02-26 13:00","2026","02","26","13:00","","-1.9","","-10.7","","51","","0.0","","","","","","","","100.03","","","","","","NA"
"-79.40","43.67","TORONTO CITY","6158355","2026-02-26 14:00","2026","02","26","14:00","","-1.8","","-10.8","","50","","0.0","","","","","","","","99.97","","","","","","NA"
"-79.40","43.67","TORONTO CITY","6158355","2026-02-26 15:00","2026","02","26","15:00","","-2.0","","-10.8","","51","","0.0","","","","","","","","99.92","","","","","","NA"
"-79.40","43.67","TORONTO CITY","6158355","2026-02-26 16:00","2026","02","26","16:00","","-1.9","","-10.0","","54","","0.0","","","","","","","","99.90","","","","","","NA"
"-79.40","43.67","TORONTO CITY","6158355","2026-02-26 17:00","2026","02","26","17:00","","-1.7","","-11.2","","48","","0.0","","","","","","","","99.92","","","","","","NA"
"-79.40","43.67","TORONTO CITY","6158355","2026-02-26 18:00","2026","02","26","18:00","","-1.8","","-10.9","","50","","0.0","","","","","","","","99.91","","","","","","NA"
"-79.40","43.67","TORONTO CITY","6158355","2026-02-26 19:00","2026","02","26","19:00","","-2.1","","-11.0","","50","","0.0","","","","","","","","99.96","","","","","","NA"
"-79.40","43.67","TORONTO CITY","6158355","2026-02-26 20:00","2026","02","26","20:00","","-2.7","","-11.4","","51","","0.0","","","","","","","","99.96","","","","","","NA"
"-79.40","43.67","TORONTO CITY","6158355","2026-02-26 21:00","2026","02","26","21:00","","-2.8","","-11.6","","51","","0.0","","","","","","","","100.01","","","","","","NA"
"-79.40","43.67","TORONTO CITY","6158355","2026-02-26 22:00","2026","02","26","22:00","","-3.0","","-11.3","","53","","0.0","","","","","","","","100.00","","","","","","NA"
"-79.40","43.67","TORONTO CITY","6158355","2026-02-26 23:00","2026","02","26","23:00","","-2.9","","-9.0","","62","","0.0","","","","","","","","99.99","","","","","","NA"
"-79.40","43.67","TORONTO CITY","6158355","2026-02-27 00:00","2026","02","27","00:00","","-3.6","","-9.6","","63","","0.0","","","","","","","","100.02","","","","","","NA"
"-79.40","43.67","TORONTO CITY","6158355","2026-02-27 01:00","2026","02","27","01:00","","-3.4","","-9.5","","63","","0.0","","","","","","","","100.01","","","","","","NA"
"-79.40","43.67","TORONTO CITY","6158355","2026-02-27 02:00","2026","02","27","02:00","","-3.4","","-8.9","","66","","0.0","","","","","","","","100.02","","","","","","NA"
"-79.40","43.67","TORONTO CITY","6158355","2026-02-27 03:00","2026","02","27","03:00","","-3.6","","-8.2","","71","","0.0","","","","","","","","99.99","","","","","","NA"
"-79.40","43.67","TORONTO CITY","6158355","2026-02-27 04:00","2026","02","27","04:00","","-3.8","","-8.6","","69","","0.0","","","","","","","","99.98","","","","","","NA"
"-79.40","43.67","TORONTO CITY","6158355","2026-02-27 05:00","2026","02","27","05:00","","-3.8","","-9.2","","66","","0.0","","","","","","","","99.99","","","","","","NA"
"-79.40","43.67","TORONTO CITY","6158355","2026-02-27 06:00","2026","02","27","06:00","","-3.5","","-8.6","","67","","0.0","","","","","","","","100.03","","","","","","NA"
"-79.40","43.67","TORONTO CITY","6158355","2026-02-27 07:00","2026","02","27","07:00","","-3.0","","-8.9","","64","","0.0","","","","","","","","100.03","","","","","","NA"
"-79.40","43.67","TORONTO CITY","6158355","2026-02-27 08:00","2026","02","27","08:00","","-2.3","","-8.8","","61","","0.0","","","","","","","","100.08","","","","","","NA"
"-79.40","43.67","TORONTO CITY","6158355","2026-02-27 09:00","2026","02","27","09:00","","-1.5","","-8.2","","60","","0.0","","","","","","","","100.06","","","","","","NA"
"-79.40","43.67","TORONTO CITY","6158355","2026-02-27 10:00","2026","02","27","10:00","","-0.5","","-7.1","","61","","0.0","","","","","","","","100.11","","","","","","NA"
"-79.40","43.67","TORONTO CITY","6158355","2026-02-27 11:00","2026","02","27","11:00","","0.5","","-6.6","","59","","0.0","","","","","","","","100.12","","","","","","NA"
"-79.40","43.67","TORONTO CITY","6158355","2026-02-27 12:00","2026","02","27","12:00","","2.8","","-5.5","","54","","0.0","","","","","","","","100.09","","","","","","NA"
"-79.40","43.67","TORONTO CITY","6158355","2026-02-27 13:00","2026","02","27","13:00","","3.1","","-4.3","","58","","0.0","","","","","","","","100.07","","","","","","NA"
"-79.40","43.67","TORONTO CITY","6158355","2026-02-27 14:00","2026","02","27","14:00","","5.9","","-3.8","","50","","0.0","","","","","","","","99.98","","","","","","NA"
"-79.40","43.67","TORONTO CITY","6158355","2026-02-27 15:00","2026","02","27","15:00","","5.5","","-2.2","","57","","0.0","","","","","","","","99.93","","","","","","NA"
"-79.40","43.67","TORONTO CITY","6158355","2026-02-27 16:00","2026","02","27","16:00","","6.1","","-1.0","","60","","0.0","","","","","","","","99.88","","","","","","NA"
"-79.40","43.67","TORONTO CITY","6158355","2026-02-27 17:00","2026","02","27","17:00","","5.9","","0.0","","66","","0.0","","","","","","","","99.83","","","","","","NA"
"-79.40","43.67","TORONTO CITY","6158355","2026-02-27 18:00","2026","02","27","18:00","","5.6","","-0.2","","66","","0.0","","","","","","","","99.79","","","","","","NA"
"-79.40","43.67","TORONTO CITY","6158355","2026-02-27 19:00","2026","02","27","19:00","","5.4","","-0.1","","67","","0.0","","","","","","","","99.75","","","","","","NA"
"-79.40","43.67","TORONTO CITY","6158355","2026-02-27 20:00","2026","02","27","20:00","","5.4","","0.5","","71","","0.0","","","","","","","","99.71","","","","","","NA"
"-79.40","43.67","TORONTO CITY","6158355","2026-02-27 21:00","2026","02","27","21:00","","5.3","","0.1","","69","","0.0","","","","","","","","99.67","","","","","","NA"
"-79.40","43.67","TORONTO CITY","6158355","2026-02-27 22:00","2026","02","27","22:00","","4.8","","0.1","","72","","0.0","","","","","","","","99.62","","","","","","NA"
"-79.40","43.67","TORONTO CITY","6158355","2026-02-27 23:00","2026","02","27","23:00","","4.1","","-0.1","","74","","0.0","","","","","","","","99.53","","","","","","NA"
"-79.40","43.67","TORONTO CITY","6158355","2026-02-28 00:00","2026","02","28","00:00","","4.8","","0.3","","73","","0.0","","","","","","","","99.43","","","","","","NA"
"-79.40","43.67","TORONTO CITY","6158355","2026-02-28 01:00","2026","02","28","01:00","","5.9","","0.2","","67","","0.0","","","","","","","","99.37","","","","","","NA"
"-79.40","43.67","TORONTO CITY","6158355","2026-02-28 02:00","2026","02","28","02:00","","6.1","","0.4","","67","","0.0","","","","","","","","99.29","","","","","","NA"
"-79.40","43.67","TORONTO CITY","6158355","2026-02-28 03:00","2026","02","28","03:00","","5.9","","0.5","","68","","0.0","","","","","","","","99.21","","","","","","NA"
"-79.40","43.67","TORONTO CITY","6158355","2026-02-28 04:00","2026","02","28","04:00","","5.4","","1.2","","74","","0.0","","","","","","","","99.22","","","","","","NA"
"-79.40","43.67","TORONTO CITY","6158355","2026-02-28 05:00","2026","02","28","05:00","","5.8","","2.1","","77","","0.0","","","","","","","","99.32","","","","","","NA"
"-79.40","43.67","TORONTO CITY","6158355","2026-02-28 06:00","2026","02","28","06:00","","5.8","","2.0","","77","","0.0","","","","","","","","99.35","","","","","","NA"
"-79.40","43.67","TORONTO CITY","6158355","2026-02-28 07:00","2026","02","28","07:00","","4.4","","-0.8","","68","","0.0","","","","","","","","99.55","","","","","","NA"
"-79.40","43.67","TORONTO CITY","6158355","2026-02-28 08:00","2026","02","28","08:00","","2.7","","-2.4","","69","","0.0","","","","","","","","99.80","","","","","","NA"
"-79.40","43.67","TORONTO CITY","6158355","2026-02-28 09:00","2026","02","28","09:00","","3.1","","-3.4","","62","","0.0","","","","","","","","99.92","","","","","","NA"
"-79.40","43.67","TORONTO CITY","6158355","2026-02-28 10:00","2026","02","28","10:00","","2.6","","-6.2","","52","","0.0","","","","","","","","100.11","","","","","","NA"
"-79.40","43.67","TORONTO CITY","6158355","2026-02-28 11:00","2026","02","28","11:00","","3.2","","-8.0","","44","","0.0","","","","","","","","100.23","","","","","","NA"
"-79.40","43.67","TORONTO CITY","6158355","2026-02-28 12:00","2026","02","28","12:00","","1.8","","-8.6","","46","","0.0","","","","","","","","100.41","","","","","","NA"
"-79.40","43.67","TORONTO CITY","6158355","2026-02-28 13:00","2026","02","28","13:00","","1.5","","-8.8","","46","","0.0","","","","","","","","100.49","","","","","","NA"
"-79.40","43.67","TORONTO CITY","6158355","2026-02-28 14:00","2026","02","28","14:00","","0.6","","-8.6","","50","","0.0","","","","","","","","100.52","","","","","","NA"
"-79.40","43.67","TORONTO CITY","6158355","2026-02-28 15:00","2026","02","28","15:00","","0.4","","-8.7","","50","","0.0","","","","","","","","100.57","","","","","","NA"
"-79.40","43.67","TORONTO CITY","6158355","2026-02-28 16:00","2026","02","28","16:00","","-0.3","","-10.0","","48","","0.0","","","","","","","","100.62","","","","","","NA"
"-79.40","43.67","TORONTO CITY","6158355","2026-02-28 17:00","2026","02","28","17:00","","-0.2","","-9.5","","50","","0.0","","","","","","","","100.68","","","","","","NA"
"-79.40","43.67","TORONTO CITY","6158355","2026-02-28 18:00","2026","02","28","18:00","","-0.8","","-9.4","","52","","0.0","","","","","","","","100.78","","","","","","NA"
"-79.40","43.67","TORONTO CITY","6158355","2026-02-28 19:00","2026","02","28","19:00","","-2.1","","-10.5","","53","","0.0","","","","","","","","100.82","","","","","","NA"
"-79.40","43.67","TORONTO CITY","6158355","2026-02-28 20:00","2026","02","28","20:00","","-2.7","","-11.3","","51","","0.0","","","","","","","","100.83","","","","","","NA"
"-79.40","43.67","TORONTO CITY","6158355","2026-02-28 21:00","2026","02","28","21:00","","-3.2","","-10.9","","55","","0.0","","","","","","","","100.90","","","","","","NA"
"-79.40","43.67","TORONTO CITY","6158355","2026-02-28 22:00","2026","02","28","22:00","","-4.8","","-8.3","","76","","0.1","","","","","","","","100.99","","","","","","NA"
"-79.40","43.67","TORONTO CITY","6158355","2026-02-28 23:00","2026","02","28","23:00","","-5.8","","-8.9","","78","","0.0","","","","","","","","101.09","","","","","","NA"
